-- --------------------------------------------------------
-- 主机:                           localhost
-- 服务器版本:                        8.0.31 - MySQL Community Server - GPL
-- 服务器操作系统:                      Win64
-- HeidiSQL 版本:                  11.3.0.6295
-- --------------------------------------------------------

/*!40101 SET @OLD_CHARACTER_SET_CLIENT=@@CHARACTER_SET_CLIENT */;
/*!40101 SET NAMES utf8 */;
/*!50503 SET NAMES utf8mb4 */;
/*!40014 SET @OLD_FOREIGN_KEY_CHECKS=@@FOREIGN_KEY_CHECKS, FOREIGN_KEY_CHECKS=0 */;
/*!40101 SET @OLD_SQL_MODE=@@SQL_MODE, SQL_MODE='NO_AUTO_VALUE_ON_ZERO' */;
/*!40111 SET @OLD_SQL_NOTES=@@SQL_NOTES, SQL_NOTES=0 */;


-- 导出 iceprocess 的数据库结构
CREATE DATABASE IF NOT EXISTS `iceprocess` /*!40100 DEFAULT CHARACTER SET utf8mb3 */ /*!80016 DEFAULT ENCRYPTION='N' */;
USE `iceprocess`;

-- 导出  表 iceprocess.asset 结构
DROP TABLE IF EXISTS `asset`;
CREATE TABLE IF NOT EXISTS `asset` (
  `id` int unsigned NOT NULL AUTO_INCREMENT COMMENT 'ID',
  `name` varchar(256) DEFAULT NULL COMMENT '名称（文件名）',
  `issequence` bit(1) DEFAULT b'1' COMMENT '是序列',
  `Illustration` varchar(1024) DEFAULT NULL COMMENT '说明（自定义关键字）',
  `path` varchar(1024) DEFAULT NULL COMMENT '名称',
  `id_assetdirectory` int unsigned DEFAULT NULL COMMENT '主目录ID',
  `archivetime` datetime DEFAULT CURRENT_TIMESTAMP COMMENT '归档日期',
  `id_uploader` int unsigned DEFAULT NULL COMMENT '上传者ID',
  PRIMARY KEY (`id`),
  KEY `FK_asset_assetdirectory` (`id_assetdirectory`),
  KEY `FK_asset_person` (`id_uploader`),
  CONSTRAINT `FK_asset_assetdirectory` FOREIGN KEY (`id_assetdirectory`) REFERENCES `assetdirectory` (`id`),
  CONSTRAINT `FK_asset_person` FOREIGN KEY (`id_uploader`) REFERENCES `person` (`id`)
) ENGINE=InnoDB AUTO_INCREMENT=483 DEFAULT CHARSET=utf8mb4 COLLATE=utf8mb4_0900_ai_ci COMMENT='资产';

-- 正在导出表  iceprocess.asset 的数据：~0 rows (大约)
/*!40000 ALTER TABLE `asset` DISABLE KEYS */;
INSERT INTO `asset` (`id`, `name`, `issequence`, `Illustration`, `path`, `id_assetdirectory`, `archivetime`, `id_uploader`) VALUES
	(1, 'Everestlsb', b'0', NULL, NULL, 50, '2023-01-06 14:00:35', 22),
	(2, '实时黑白窗口.txt', b'0', NULL, NULL, 50, '2023-01-06 14:07:30', 22),
	(3, 'ShotGrid', b'0', NULL, NULL, 32, '2023-01-06 14:07:34', 22),
	(4, 'EasyBackup.zip', b'0', NULL, NULL, 50, '2023-01-06 14:07:37', 22),
	(5, 'CGTeamwork', b'0', NULL, NULL, 32, '2023-01-06 14:07:45', 22),
	(6, 'acdsee2022qjbpjb_224643.rar', b'0', NULL, NULL, 47, '2023-01-06 14:21:29', 22),
	(7, 'BaiduNetdisk_6.8.1.3.exe', b'0', NULL, NULL, 46, '2023-01-06 14:21:44', 22),
	(8, 'BANDIZIP-SETUP.EXE', b'0', NULL, NULL, 46, '2023-01-06 14:21:44', 22),
	(11, 'WIN系统', b'0', NULL, NULL, 50, '2023-01-06 14:23:11', 22),
	(12, '关闭INK', b'0', NULL, NULL, 50, '2023-01-06 14:23:11', 22),
	(13, 'ChromeSetup.exe', b'0', NULL, NULL, 50, '2023-01-06 14:23:11', 22),
	(14, 'maxthon_6.1.3.1001_x64.exe', b'0', NULL, NULL, 50, '2023-01-06 14:23:11', 22),
	(15, 'RegistryWorkshop.exe', b'0', NULL, NULL, 50, '2023-01-06 14:23:11', 22),
	(16, 'Synology Drive Client-3.0.2-12682.msi', b'0', NULL, NULL, 50, '2023-01-06 14:23:11', 22),
	(17, 'update_jmgo.zip', b'0', NULL, NULL, 50, '2023-01-06 14:23:11', 22),
	(18, 'WIN10 激活补丁.zip', b'0', NULL, NULL, 50, '2023-01-06 14:23:11', 22),
	(20, 'nuke 13', b'0', NULL, NULL, 39, '2023-01-06 14:34:55', 22),
	(21, 'BCC V14.5.3 AePr.zip', b'0', NULL, NULL, 39, '2023-01-06 14:34:55', 22),
	(25, '全能电子地图下载器3.0', b'0', NULL, NULL, 49, '2023-01-06 14:38:01', 22),
	(27, 'ACDSee Photo Studio 2020_158219', b'0', NULL, NULL, 47, '2023-01-06 14:38:16', 22),
	(28, '思维导图软件', b'0', NULL, NULL, 32, '2023-01-06 14:38:21', 22),
	(29, '拖把更名器 绿色版', b'0', NULL, NULL, 49, '2023-01-06 14:38:29', 22),
	(30, '04根据模板创建工程目录.zip', b'0', NULL, NULL, 49, '2023-01-06 14:38:32', 22),
	(31, 'BANDIZIP-SETUP-STD-X64.EXE', b'0', NULL, NULL, 50, '2023-01-06 14:38:54', 22),
	(32, 'DiskGenius.exe', b'0', NULL, NULL, 50, '2023-01-06 14:39:25', 22),
	(33, 'eagle_178634.rar', b'0', NULL, NULL, 47, '2023-01-06 14:39:41', 22),
	(34, 'Eagle-2.0-build9.exe', b'0', NULL, NULL, 47, '2023-01-06 14:39:41', 22),
	(35, 'Everything-1.4.1.1009.x86-Setup.exe', b'0', NULL, NULL, 49, '2023-01-06 14:39:51', 22),
	(36, 'geek.7z', b'0', NULL, NULL, 50, '2023-01-06 14:42:06', 22),
	(37, 'Listary_6.0.9.25.exe', b'0', NULL, NULL, 49, '2023-01-06 14:42:18', 22),
	(38, 'OpenCodecSetup32.exe.exe', b'0', NULL, NULL, 48, '2023-01-06 14:42:58', 22),
	(39, 'PureRef_hh_jb51.rar', b'0', NULL, NULL, 47, '2023-01-06 14:43:16', 22),
	(40, 'RegexTester.exe', b'0', NULL, NULL, 50, '2023-01-06 15:00:02', 22),
	(41, 'SETUNA.exe', b'0', NULL, NULL, 47, '2023-01-06 16:42:46', 22),
	(42, 'SetunaConfig.xml', b'0', NULL, NULL, 47, '2023-01-06 16:42:46', 22),
	(43, 'setuna截图小利器.zip', b'0', NULL, NULL, 47, '2023-01-06 16:42:46', 22),
	(44, 'ShareX.zip', b'0', NULL, NULL, 47, '2023-01-06 16:42:46', 22),
	(45, 'skyZIP™ Proxy2020.zip', b'0', NULL, NULL, 50, '2023-01-06 16:43:03', 22),
	(46, 'ToDesk_Setup.exe', b'0', NULL, NULL, 50, '2023-01-06 16:43:23', 22),
	(47, 'uTools-2.1.0.exe', b'0', NULL, NULL, 49, '2023-01-06 16:46:09', 22),
	(48, 'VisualStudioSetup.exe', b'0', NULL, NULL, 50, '2023-01-06 16:46:33', 22),
	(49, 'WacomTablet_6.3.44-3.exe', b'0', NULL, NULL, 38, '2023-01-12 14:05:51', 22),
	(50, 'Wox-Full-Installer.1.4.1196.exe', b'0', NULL, NULL, 49, '2023-01-06 17:01:06', 22),
	(51, '小丸工具箱.zip', b'0', NULL, NULL, 145, '2023-01-06 17:02:26', 22),
	(52, '能直接看到ai，ps内容的插件', b'0', NULL, NULL, 36, '2023-01-06 17:10:25', 22),
	(53, 'Adobe After Effects 2020 SP', b'0', NULL, NULL, 35, '2023-01-06 17:11:28', 22),
	(54, 'Trapcode Suite 15.0.0 Win.zip', b'0', NULL, NULL, 35, '2023-01-06 17:11:28', 22),
	(55, 'ps波普艺术神器.zip', b'0', NULL, NULL, 36, '2023-01-06 17:11:38', 22),
	(56, 'PS水墨画动作插件.zip', b'0', NULL, NULL, 36, '2023-01-06 17:11:38', 22),
	(57, 'PS透视插件.zip', b'0', NULL, NULL, 36, '2023-01-06 17:11:38', 22),
	(58, 'VFXSuite_Win_Full_1.5.0', b'0', NULL, NULL, 50, '2023-01-06 17:15:06', 22),
	(59, 'sunlogin_client_lite_1.0.1.43315_x64.exe', b'0', NULL, NULL, 50, '2023-01-06 17:15:06', 22),
	(60, 'SunloginClient_12.0.0.39380_x64.exe', b'0', NULL, NULL, 50, '2023-01-06 17:15:06', 22),
	(61, 'Project 2019', b'0', NULL, NULL, 31, '2023-01-06 17:16:30', 22),
	(62, 'W.P.S.11194.12012.2019.exe', b'0', NULL, NULL, 31, '2023-01-06 17:16:30', 22),
	(63, '石墨文档_v2.5.3-release.0f0cb6d_win32-x64.exe', b'0', NULL, NULL, 31, '2023-01-06 17:16:30', 22),
	(64, 'kodi', b'0', NULL, NULL, 48, '2023-01-06 17:17:11', 22),
	(65, 'Insta360_Studio_2021_Winx64_4.1.0_build_202111031730.exe', b'0', NULL, NULL, 48, '2023-01-06 17:17:11', 22),
	(66, 'PotPlayerSetup64-1.6.63840.exe', b'0', NULL, NULL, 48, '2023-01-06 17:17:11', 22),
	(67, 'PureCodec20211201.exe', b'0', NULL, NULL, 48, '2023-01-06 17:17:11', 22),
	(68, 'QuickTimeInstaller7.exe', b'0', NULL, NULL, 48, '2023-01-06 17:17:11', 22),
	(71, '【csp】', b'0', NULL, NULL, 38, '2023-01-06 17:23:47', 22),
	(72, '【moho】', b'0', NULL, NULL, 38, '2023-01-06 17:23:47', 22),
	(73, '【RETAS STUDIO 6.6.0 CHS】', b'0', NULL, NULL, 38, '2023-01-06 17:23:47', 22),
	(74, '【toonboom】', b'0', NULL, NULL, 38, '2023-01-06 17:23:47', 22),
	(75, '【TVPaint】', b'0', NULL, NULL, 38, '2023-01-06 17:23:47', 22),
	(78, 'Expresii_23231.zip', b'0', NULL, NULL, 38, '2023-01-06 17:23:47', 22),
	(79, 'TVPaint Developpement.zip', b'0', NULL, NULL, 38, '2023-01-06 17:23:47', 22),
	(80, 'TVPAnimation10Pro2013_10.0.72_XiaZaiZhiJia.zip', b'0', NULL, NULL, 38, '2023-01-06 17:23:47', 22),
	(81, '懒人神笔1.0汉化测试版.rar', b'0', NULL, NULL, 38, '2023-01-06 17:23:47', 22),
	(82, 'blenderCN', b'0', NULL, NULL, 136, '2023-01-12 17:38:34', 22),
	(84, 'Houdini 19.0.383', b'0', NULL, NULL, 40, '2023-01-06 17:39:15', 22),
	(85, 'PSOFT Pencil+ 4.1.2 for Max 2020', b'0', NULL, NULL, 40, '2023-01-06 17:39:15', 22),
	(87, 'Zbrush 2018', b'0', NULL, NULL, 40, '2023-01-06 17:39:15', 22),
	(89, '地形软件汉化', b'0', NULL, NULL, 40, '2023-01-06 17:39:15', 22),
	(92, '3DMAX杀毒插件.rar', b'0', NULL, NULL, 40, '2023-01-06 17:39:15', 22),
	(93, '3DS MAX 2020没有问题版包.rar', b'0', NULL, NULL, 40, '2023-01-06 17:39:15', 22),
	(94, 'Autodesk-Maya2020.rar', b'0', NULL, NULL, 40, '2023-01-06 17:39:15', 22),
	(95, 'Bridge.exe', b'0', NULL, NULL, 40, '2023-01-06 17:39:15', 22),
	(96, 'C4D R19.zip', b'0', NULL, NULL, 40, '2023-01-06 17:39:15', 22),
	(97, 'Lumion Pro 11.0.rar', b'0', NULL, NULL, 40, '2023-01-06 17:39:15', 22),
	(98, 'lumion.rtf', b'0', NULL, NULL, 40, '2023-01-06 17:39:15', 22),
	(99, 'Lumion-8.0.rar', b'0', NULL, NULL, 40, '2023-01-06 17:39:15', 22),
	(100, 'Marmoset Toolbag 3.08 Win64.rar', b'0', NULL, NULL, 40, '2023-01-06 17:39:16', 22),
	(101, 'Marvelous Designer 11 Personal 6.1.723 Win.rar', b'0', NULL, NULL, 40, '2023-01-06 17:39:16', 22),
	(102, 'MAX2015.zip', b'0', NULL, NULL, 40, '2023-01-06 17:39:16', 22),
	(103, 'max2020.zip', b'0', NULL, NULL, 40, '2023-01-06 17:39:16', 22),
	(104, 'max2020vary.zip', b'0', NULL, NULL, 40, '2023-01-06 17:39:16', 22),
	(105, 'Maxon CINEMA 4D R23.008.zip', b'0', NULL, NULL, 40, '2023-01-06 17:39:16', 22),
	(106, 'Maya2018_64bit.zip', b'0', NULL, NULL, 40, '2023-01-06 17:39:16', 22),
	(107, 'my2021中文.zip', b'0', NULL, NULL, 40, '2023-01-06 17:39:16', 22),
	(108, 'Oniric打光插件.zip', b'0', NULL, NULL, 40, '2023-01-06 17:39:16', 22),
	(109, 'Substance Painter 2019.2.0.3242 Win.zip', b'0', NULL, NULL, 40, '2023-01-06 17:39:16', 22),
	(110, 'UE4虚幻引擎.rar', b'0', NULL, NULL, 40, '2023-01-06 17:39:16', 22),
	(111, 'ZBrush v2021.1.1 Win.zip', b'0', NULL, NULL, 40, '2023-01-06 17:39:16', 22),
	(112, '草图大师2020.zip', b'0', NULL, NULL, 40, '2023-01-06 17:39:16', 22),
	(113, '衣服制作.rar', b'0', NULL, NULL, 40, '2023-01-06 17:39:16', 22),
	(114, '【HDR】', b'0', NULL, NULL, 41, '2023-01-06 17:46:12', 22),
	(115, '【绑定】', b'0', NULL, NULL, 41, '2023-01-06 17:46:12', 22),
	(116, '【布料】', b'0', NULL, NULL, 41, '2023-01-06 17:46:12', 22),
	(117, '【动画】', b'0', NULL, NULL, 41, '2023-01-06 17:46:12', 22),
	(118, '【翻译】', b'0', NULL, NULL, 41, '2023-01-06 17:46:12', 22),
	(119, '【工作流】', b'0', NULL, NULL, 41, '2023-01-06 17:46:12', 22),
	(120, '【建模】', b'0', NULL, NULL, 41, '2023-01-06 17:46:12', 22),
	(121, '【流体】', b'0', NULL, NULL, 41, '2023-01-06 17:46:12', 22),
	(122, '【桥接】', b'0', NULL, NULL, 41, '2023-01-06 17:46:12', 22),
	(123, '【渲染】', b'0', NULL, NULL, 41, '2023-01-06 17:46:12', 22),
	(124, '【植物】', b'0', NULL, NULL, 41, '2023-01-06 17:46:12', 22),
	(125, 'HumGen3DV3人物角色创建', b'0', NULL, NULL, 41, '2023-01-06 17:46:12', 22),
	(126, '万物有灵', b'0', NULL, NULL, 41, '2023-01-06 17:46:12', 22),
	(127, 'Blender', b'0', NULL, NULL, 40, '2023-01-06 17:53:15', 22),
	(128, 'Adobe After Effects 2020', b'0', NULL, NULL, 35, '2023-01-06 18:11:00', 22),
	(129, 'Common', b'0', NULL, NULL, 35, '2023-01-06 18:11:00', 22),
	(131, '红巨人蓝宝石', b'0', NULL, NULL, 35, '2023-01-06 18:11:00', 22),
	(132, '中文汉化AE插件-背景模糊虚焦特效Bokeh_v136', b'0', NULL, NULL, 35, '2023-01-06 18:11:00', 22),
	(133, 'Adobe After Effects 2020替换.zip', b'0', NULL, NULL, 35, '2023-01-06 18:11:00', 22),
	(134, 'Adobe_After_Effects_2020_17.7.0.45_ACR13.2_SP_20210310.rar', b'0', NULL, NULL, 35, '2023-01-06 18:11:00', 22),
	(135, 'Adobe_Photoshop_2020_21.2.9.67_ACR13.3_SP_20210608.rar', b'0', NULL, NULL, 35, '2023-01-06 18:11:00', 22),
	(136, 'Adobe_Premiere_Pro_2020_14.9.0.52_SP_20210209.rar', b'0', NULL, NULL, 35, '2023-01-06 18:11:00', 22),
	(137, 'Common.zip', b'0', NULL, NULL, 35, '2023-01-06 18:11:00', 22),
	(138, 'Trapcode Suite V18.0.0 CE.zip', b'0', NULL, NULL, 35, '2023-01-06 18:11:00', 22),
	(139, 'VFXSuite_Win_Full_1.5.0.zip', b'0', NULL, NULL, 35, '2023-01-06 18:11:00', 22),
	(140, 'ADOBE 2019', b'0', NULL, NULL, 34, '2023-01-06 18:14:28', 22),
	(141, 'ADOBE 2020', b'0', NULL, NULL, 34, '2023-01-06 18:14:28', 22),
	(142, 'ADOBE 2021', b'0', NULL, NULL, 34, '2023-01-06 18:14:28', 22),
	(143, 'Adobe Bridge CS6 (64 Bit)', b'0', NULL, NULL, 34, '2023-01-06 18:14:28', 22),
	(144, 'Adobe Media Encoder 2020 SP', b'0', NULL, NULL, 34, '2023-01-06 18:14:28', 22),
	(145, 'Adobe Premiere Pro 2020 SP', b'0', NULL, NULL, 34, '2023-01-06 18:14:28', 22),
	(146, 'Adobe Premiere Pro CS6', b'0', NULL, NULL, 34, '2023-01-06 18:14:28', 22),
	(147, '后期adobe2020包', b'0', NULL, NULL, 34, '2023-01-06 18:14:28', 22),
	(148, '早期PS版本', b'0', NULL, NULL, 34, '2023-01-06 18:14:28', 22),
	(149, 'Adobe_Photoshop_2022_23.5.1.724_ACR14.5_SP_20220921.rar', b'0', NULL, NULL, 34, '2023-01-06 18:14:28', 22),
	(150, 'Br 2022 安装包.zip', b'0', NULL, NULL, 34, '2023-01-06 18:14:28', 22),
	(151, 'Mocha Pro 2022 v9.0.3 Adobe.zip', b'0', NULL, NULL, 34, '2023-01-06 18:14:28', 22),
	(152, '明朝倭营船只简模.FBX', b'0', NULL, NULL, 72, '2023-02-22 13:41:00', 22),
	(154, 'Win10激活工具.zip', b'0', NULL, NULL, 50, '2023-01-12 13:55:55', 22),
	(155, 'Aseprite v1.2.34.1【内附中文】.zip', b'0', NULL, NULL, 38, '2023-01-12 13:59:44', 22),
	(156, 'CACANianxz.zip', b'0', NULL, NULL, 38, '2023-01-12 14:00:35', 22),
	(157, '茶绘君_Alpha_x64_0.53.zip', b'0', NULL, NULL, 38, '2023-01-12 14:01:40', 22),
	(158, '东映电子律表.zip', b'0', NULL, NULL, 38, '2023-01-12 14:02:26', 22),
	(159, 'cascadeur_2022.2.1EA.exe', b'0', NULL, NULL, 40, '2023-01-12 14:08:03', 22),
	(190, 'Headshot Plug-In 1.11.2031.1.rar', b'0', NULL, NULL, 40, '2023-01-12 15:36:47', 22),
	(191, 'Iray Render Plug-in 1.41.3231.1 CC3.rar', b'0', NULL, NULL, 40, '2023-01-12 15:36:47', 22),
	(192, 'SkinGen Premium Plugin 1.0.0715.1 CC3.3.rar', b'0', NULL, NULL, 40, '2023-01-12 15:36:47', 22),
	(223, 'Vray5.0.5汉化', b'0', NULL, NULL, 40, '2023-01-12 15:58:40', 22),
	(224, 'moying.zip', b'0', NULL, NULL, 145, '2023-01-12 17:33:48', 22),
	(225, 'AI人工智能无损放大软件.zip', b'0', NULL, NULL, 47, '2023-01-12 17:34:28', 22),
	(226, 'CG WORLD', b'0', NULL, NULL, 136, '2023-01-12 17:52:01', 22),
	(227, '动画摄影', b'0', NULL, NULL, 14, '2023-01-12 18:17:58', 22),
	(228, '黑岩摄影本TAC-talkingaboutcomposite', b'0', NULL, NULL, 14, '2023-01-12 18:18:15', 22),
	(229, '【撮ま！】リテイクに関する注意事項_150312.pdf', b'0', NULL, NULL, 14, '2023-01-12 18:29:07', 22),
	(230, 'AE for Animation_Beginner(PDF).zip', b'0', NULL, NULL, 14, '2023-01-12 18:29:07', 22),
	(231, 'AE for Animation_Crimax(JPG).zip', b'0', NULL, NULL, 14, '2023-01-12 18:29:07', 22),
	(232, 'AE for Animation_Expert(PDF).zip', b'0', NULL, NULL, 14, '2023-01-12 18:29:07', 22),
	(233, 'AE摄影表拍帧打表工具.zip', b'0', NULL, NULL, 14, '2023-01-12 18:29:07', 22),
	(234, '龙之子数字作画流程_TVP11_绿怪研译制_V1.pdf', b'0', NULL, NULL, 14, '2023-01-12 18:29:07', 22),
	(235, '摄影知识书 撮ま！準備号-翻译版.pdf', b'0', NULL, NULL, 14, '2023-01-12 18:29:07', 22),
	(236, '【纪录片】重返刺桐城（1-3集全）', b'0', NULL, NULL, 142, '2023-01-12 19:03:31', 22),
	(237, '14.Peaks.Nothing.Is.Impossible.2021.1080p.NF.WEBRip.DDP5.1.Atmos.x264-playWEB', b'0', NULL, NULL, 142, '2023-01-12 19:03:31', 22),
	(238, 'The Dawn Wall (2017) [BluRay] [1080p] [YTS.AM]', b'0', NULL, NULL, 142, '2023-01-12 19:03:31', 22),
	(239, 'The.Rescue.2021.1080p.WEB.h264-KOGi[rarbg]', b'0', NULL, NULL, 142, '2023-01-12 19:03:31', 22),
	(240, '极地星球', b'0', NULL, NULL, 142, '2023-01-12 19:03:31', 22),
	(241, '南海猎人', b'0', NULL, NULL, 142, '2023-01-12 19:03:31', 22),
	(242, '七个世界，一个星球', b'0', NULL, NULL, 142, '2023-01-12 19:03:31', 22),
	(243, '泉州提线木偶丨一方舞台，小小木偶演尽人间百态', b'0', NULL, NULL, 142, '2023-01-12 19:03:31', 22),
	(244, '世界遗产在中国', b'0', NULL, NULL, 142, '2023-01-12 19:03:31', 22),
	(245, '乌镇', b'0', NULL, NULL, 142, '2023-01-12 19:03:31', 22),
	(246, '韵动中国2019', b'0', NULL, NULL, 142, '2023-01-12 19:03:31', 22),
	(247, '《留住手艺》 20141122 留青竹刻_50集系列纪录片《留住手艺》_视频_央视网.TS', b'0', NULL, NULL, 142, '2023-01-12 19:03:31', 22),
	(248, '探秘敦煌莫高窟第96窟全.mp4', b'0', NULL, NULL, 142, '2023-01-12 19:03:31', 22),
	(249, '明-首饰', b'0', NULL, NULL, 20, '2023-01-17 11:34:10', 20),
	(251, '宋-鞋子', b'0', NULL, NULL, 20, '2023-01-17 11:29:15', 33),
	(252, '宋-首饰', b'0', NULL, NULL, 20, '2023-01-17 11:29:47', 10),
	(253, '3D模型', b'0', NULL, NULL, 96, '2023-02-22 13:41:00', 22),
	(254, '闪电', b'0', NULL, NULL, 28, '2023-01-17 11:31:44', 33),
	(255, '古装汉服', b'0', NULL, NULL, 20, '2023-01-17 11:33:01', 34),
	(257, 'Blender', b'0', NULL, NULL, 13, '2023-01-17 11:35:39', 20),
	(258, '树叶光照', b'0', NULL, NULL, 28, '2023-01-17 11:36:29', 33),
	(259, '人物素描的设计和创意.pdf', b'0', NULL, NULL, 7, '2023-01-17 11:37:16', 28),
	(260, '雪景', b'0', NULL, NULL, 28, '2023-01-17 11:42:20', 33),
	(261, '禽类', b'0', NULL, NULL, 104, '2023-01-17 11:43:16', 33),
	(262, '森林', b'0', NULL, NULL, 117, '2023-01-17 11:45:01', 33),
	(263, '沙漠', b'0', NULL, NULL, 117, '2023-01-17 11:46:39', 33),
	(264, '脚步声', b'0', NULL, NULL, 119, '2023-01-17 11:48:24', 33),
	(265, '咀嚼吞咽', b'0', NULL, NULL, 116, '2023-01-17 11:49:15', 33),
	(266, '挠头', b'0', NULL, NULL, 116, '2023-01-17 11:50:01', 33),
	(267, '呕吐', b'0', NULL, NULL, 116, '2023-01-17 11:50:29', 33),
	(268, '【CG WORLD】', b'0', NULL, NULL, 136, '2023-01-17 11:51:11', 10),
	(269, '【7.GAME-不定期更新】', b'0', NULL, NULL, 136, '2023-01-17 11:51:44', 28),
	(270, '马车', b'0', NULL, NULL, 121, '2023-01-17 11:51:59', 33),
	(271, '烟花', b'0', NULL, NULL, 28, '2023-01-17 11:52:30', 28),
	(272, '木头', b'0', NULL, NULL, 121, '2023-01-17 11:54:27', 33),
	(273, '明 林中大战树林雾气', b'0', NULL, NULL, 28, '2023-01-17 11:55:11', 28),
	(274, '雨水', b'0', NULL, NULL, 28, '2023-01-17 11:58:09', 28),
	(276, '做菜', b'0', NULL, NULL, 121, '2023-01-17 12:00:44', 33),
	(277, 'retas', b'0', NULL, NULL, 11, '2023-01-17 12:14:10', 10),
	(278, '线描人物', b'0', NULL, NULL, 18, '2023-01-18 12:07:14', 21),
	(279, '气泡', b'0', NULL, NULL, 121, '2023-01-17 12:03:51', 33),
	(280, 'XS-SC00-明 开篇劫镖 音乐参考', b'0', NULL, NULL, 128, '2023-01-17 12:04:37', 28),
	(281, '皮具', b'0', NULL, NULL, 121, '2023-01-17 12:04:37', 33),
	(282, '黏液', b'0', NULL, NULL, 121, '2023-01-17 12:06:04', 33),
	(283, 'XS-SC00-明 青楼重逢 音乐参考', b'0', NULL, NULL, 127, '2023-01-17 12:08:57', 28),
	(284, '蝉', b'0', NULL, NULL, 103, '2023-01-17 12:09:03', 34),
	(285, 'XS-爱情相关', b'0', NULL, NULL, 128, '2023-01-17 12:09:24', 28),
	(286, '铁器当啷.mp3', b'0', NULL, NULL, 121, '2023-01-17 12:10:25', 33),
	(287, '夜晚', b'0', NULL, NULL, 113, '2023-01-17 12:10:51', 34),
	(288, '啪嗒.mp3', b'0', NULL, NULL, 121, '2023-01-17 12:11:03', 33),
	(289, '啪嗒2.mp3', b'0', NULL, NULL, 121, '2023-01-17 12:11:03', 33),
	(290, '【DRock ART-不定期更新】', b'0', NULL, NULL, 136, '2023-01-17 12:11:06', 34),
	(291, 'toonboom源文件', b'0', NULL, NULL, 11, '2023-01-17 12:11:41', 10),
	(292, '射箭', b'0', NULL, NULL, 118, '2023-01-17 12:11:52', 33),
	(293, '相思预告片参考音乐', b'0', NULL, NULL, 128, '2023-01-17 12:12:23', 28),
	(294, '嗖', b'0', NULL, NULL, 121, '2023-01-17 12:12:27', 33),
	(296, '动物声音', b'0', NULL, NULL, 105, '2023-01-17 12:15:37', 28),
	(297, '山谷', b'0', NULL, NULL, 101, '2023-01-17 12:18:54', 28),
	(298, '几案器具', b'0', NULL, NULL, 23, '2023-01-17 12:19:53', 33),
	(299, '水', b'0', NULL, NULL, 107, '2023-01-17 12:21:17', 28),
	(300, '雕梁画栋.pdf', b'0', NULL, NULL, 19, '2023-01-17 12:21:18', 33),
	(301, '敦煌历代服饰图案.pdf', b'0', NULL, NULL, 20, '2023-01-17 12:22:40', 33),
	(303, '人类声音', b'0', NULL, NULL, 116, '2023-01-17 12:24:24', 28),
	(304, '物体声音', b'0', NULL, NULL, 121, '2023-01-17 12:26:20', 28),
	(305, 'tvp', b'0', NULL, NULL, 11, '2023-01-17 12:27:29', 10),
	(306, '原画', b'0', NULL, NULL, 11, '2023-01-17 12:28:23', 34),
	(307, '云', b'0', NULL, NULL, 28, '2023-01-17 12:32:55', 34),
	(308, '动物传统纹样', b'0', NULL, NULL, 26, '2023-01-17 12:59:42', 10),
	(309, '敦煌图案.pdf', b'0', NULL, NULL, 25, '2023-01-17 13:32:55', 33),
	(310, '中国纹样全集  宋·元·明·清卷.pdf', b'0', NULL, NULL, 19, '2023-01-17 13:36:18', 33),
	(311, '镜头设计', b'0', NULL, NULL, 137, '2023-01-17 13:37:53', 33),
	(312, '理解人体形态', b'0', NULL, NULL, 137, '2023-01-17 13:39:39', 33),
	(313, '动画水的整理 .m4v', b'0', NULL, NULL, 28, '2023-01-17 13:51:48', 34),
	(314, '雨', b'0', NULL, NULL, 113, '2023-01-17 14:13:13', 34),
	(315, '咂嘴', b'0', NULL, NULL, 120, '2023-01-17 14:16:42', 34),
	(316, '窒息', b'0', NULL, NULL, 116, '2023-01-17 14:18:29', 34),
	(317, '投石车', b'0', NULL, NULL, 121, '2023-01-17 14:19:10', 34),
	(318, '橡胶', b'0', NULL, NULL, 121, '2023-01-17 14:29:39', 34),
	(319, '叶子', b'0', NULL, NULL, 113, '2023-01-17 14:30:08', 34),
	(320, '纸张', b'0', NULL, NULL, 121, '2023-01-17 14:30:41', 34),
	(321, '钟表', b'0', NULL, NULL, 121, '2023-01-17 14:31:04', 34),
	(322, 'XS-SC00-明 第一夜 音乐参考', b'0', NULL, NULL, 128, '2023-01-17 14:41:10', 34),
	(330, 'Velocity-Vadim Sherbakov.mp4', b'0', NULL, NULL, 28, '2023-01-17 14:51:12', 34),
	(331, '物理特效动画表现画法', b'0', NULL, NULL, 12, '2023-01-17 14:52:10', 33),
	(332, '吉田流特效（汉化）.pdf', b'0', NULL, NULL, 12, '2023-01-17 14:52:38', 33),
	(333, '（部分翻译）动漫中的效果表现物理学.PDF', b'0', NULL, NULL, 12, '2023-01-17 14:52:48', 33),
	(334, 'イラスト表現の物理学1.PDF', b'0', NULL, NULL, 12, '2023-01-17 14:52:48', 33),
	(335, 'イラスト表現の物理学2.PDF', b'0', NULL, NULL, 12, '2023-01-17 14:52:48', 33),
	(336, '（部分翻译）动漫中的效果表现物理学', b'0', NULL, NULL, 12, '2023-01-17 14:53:13', 33),
	(337, 'イラスト表現の物理学1', b'0', NULL, NULL, 11, '2023-01-17 14:54:11', 33),
	(338, 'イラスト表現の物理学2', b'0', NULL, NULL, 12, '2023-01-17 14:55:34', 33),
	(339, 'XS-SC00-明 到民国转场 音乐参考', b'0', NULL, NULL, 128, '2023-01-17 14:56:50', 34),
	(340, 'XS-SC00-民国 音乐参考', b'0', NULL, NULL, 127, '2023-01-17 14:58:36', 34),
	(341, '中国敦煌历代装饰图案 2004 常沙娜', b'0', NULL, NULL, 154, '2023-01-17 15:13:27', 34),
	(342, '敦煌图案.pdf', b'0', NULL, NULL, 154, '2023-01-17 15:16:28', 33),
	(343, '中国纹样全集  宋·元·明·清卷.pdf', b'0', NULL, NULL, 154, '2023-01-17 15:17:23', 33),
	(344, '敦煌线描', b'0', NULL, NULL, 154, '2023-01-17 15:18:22', 10),
	(345, '敦煌历代服饰图案.pdf', b'0', NULL, NULL, 154, '2023-01-17 15:18:35', 33),
	(346, '动物声音', b'0', NULL, NULL, 101, '2023-01-17 15:23:13', 10),
	(347, '火', b'0', NULL, NULL, 117, '2023-01-17 15:26:56', 10),
	(348, '恐怖灵异', b'0', NULL, NULL, 117, '2023-01-17 15:49:33', 10),
	(349, '打斗', b'0', NULL, NULL, 116, '2023-01-17 15:54:38', 10),
	(350, '打哆嗦', b'0', NULL, NULL, 116, '2023-01-17 16:01:20', 10),
	(351, '打嗝', b'0', NULL, NULL, 120, '2023-01-17 16:02:35', 10),
	(352, '打鼾', b'0', NULL, NULL, 116, '2023-01-17 16:08:10', 10),
	(354, '粉尘', b'0', NULL, NULL, 28, '2023-01-17 16:16:10', 20),
	(355, '【The Art of the Animation】', b'0', NULL, NULL, 136, '2023-01-17 16:28:32', 33),
	(356, '海水', b'0', NULL, NULL, 28, '2023-01-17 16:40:35', 21),
	(357, '刺绣传统图案', b'0', NULL, NULL, 83, '2023-01-17 17:40:33', 21),
	(358, '东方古典图案', b'0', NULL, NULL, 83, '2023-01-17 17:43:58', 21),
	(359, '中华服饰七千年', b'0', NULL, NULL, 137, '2023-01-30 10:43:37', 21),
	(360, '服装首饰 鞋 甲胄 参考文档', b'0', NULL, NULL, 137, '2023-01-30 10:46:44', 21),
	(361, '灵华水墨画笔(6.0)', b'0', NULL, NULL, 36, '2023-01-30 10:49:10', 21),
	(362, '水墨工具', b'0', NULL, NULL, 36, '2023-01-30 10:59:09', 21),
	(363, 'PS笔刷整理', b'0', NULL, NULL, 36, '2023-01-30 11:01:21', 21),
	(364, '动画规律书籍教程整理', b'0', NULL, NULL, 7, '2023-01-30 14:36:58', 21),
	(365, '角色设计书籍教程整理', b'0', NULL, NULL, 7, '2023-01-30 14:37:21', 21),
	(366, '蓝眼泪', b'0', NULL, NULL, 28, '2023-01-30 14:38:16', 21),
	(367, '逆光感', b'0', NULL, NULL, 28, '2023-01-30 14:39:10', 21),
	(368, '其他液体手绘特效参考', b'0', NULL, NULL, 28, '2023-01-30 14:41:56', 21),
	(369, '佛教图案', b'0', NULL, NULL, 154, '2023-01-30 14:43:49', 21),
	(370, '古建图案', b'0', NULL, NULL, 154, '2023-01-30 14:48:10', 21),
	(371, '狗', b'0', NULL, NULL, 105, '2023-01-30 14:49:45', 21),
	(372, '雷', b'0', NULL, NULL, 117, '2023-01-30 14:50:11', 21),
	(373, '人群', b'0', NULL, NULL, 107, '2023-01-30 14:51:46', 21),
	(374, '打呵欠', b'0', NULL, NULL, 116, '2023-01-30 14:52:48', 21),
	(375, '肚子', b'0', NULL, NULL, 116, '2023-01-30 14:53:13', 21),
	(376, '呼吸', b'0', NULL, NULL, 116, '2023-01-30 14:53:13', 21),
	(377, '尖叫', b'0', NULL, NULL, 116, '2023-01-30 14:53:13', 21),
	(378, '金属罐', b'0', NULL, NULL, 121, '2023-01-30 14:54:47', 21),
	(379, '开关', b'0', NULL, NULL, 121, '2023-01-30 14:54:47', 21),
	(380, '铃铛', b'0', NULL, NULL, 121, '2023-01-30 14:54:47', 21),
	(381, '螺丝', b'0', NULL, NULL, 121, '2023-01-30 14:54:47', 21),
	(382, '盔甲', b'0', NULL, NULL, 123, '2023-01-30 14:55:19', 21),
	(383, '节目效果音', b'0', NULL, NULL, 117, '2023-01-30 15:03:48', 21),
	(384, '动画短片【张飞审瓜】', b'0', NULL, NULL, 141, '2023-02-21 18:38:58', 21),
	(389, '纪录短片【韵动中国2019】', b'0', NULL, NULL, 142, '2023-02-21 18:37:42', 21),
	(390, '纪录片【乌镇】', b'0', NULL, NULL, 142, '2023-02-21 18:39:24', 21),
	(391, '动画电影【功夫熊猫 2】', b'0', NULL, NULL, 132, '2023-02-22 11:51:57', 22),
	(392, '动画电影【狐狸送葡萄】', b'0', NULL, NULL, 132, '2023-02-22 11:51:57', 22),
	(393, '动画电影【花木兰】', b'0', NULL, NULL, 132, '2023-02-22 11:51:57', 22),
	(394, '动画电影【狼的孩子雨和雪】', b'0', NULL, NULL, 132, '2023-02-22 11:51:57', 22),
	(395, '动画电影【龙的牙医】', b'0', NULL, NULL, 132, '2023-02-22 12:07:10', 22),
	(396, '动画电影【起风了】', b'0', NULL, NULL, 132, '2023-02-22 12:07:10', 22),
	(397, '动画电影【声之形】', b'0', NULL, NULL, 132, '2023-02-22 11:51:57', 22),
	(398, '动画电影【勇敢传说】', b'0', NULL, NULL, 132, '2023-02-22 11:51:57', 22),
	(399, '动画电影【长发公主】', b'0', NULL, NULL, 132, '2023-02-22 11:51:57', 22),
	(400, '电影【阿拉丁】', b'0', NULL, NULL, 132, '2023-02-22 11:51:57', 22),
	(401, '电影【霸王别姬】', b'0', NULL, NULL, 132, '2023-02-22 12:06:52', 22),
	(402, '电影【大明词】', b'0', NULL, NULL, 132, '2023-02-22 12:06:52', 22),
	(403, '电影【十面埋伏】', b'0', NULL, NULL, 132, '2023-02-22 11:51:57', 22),
	(404, '电影【邪不压正】', b'0', NULL, NULL, 132, '2023-02-22 12:06:52', 22),
	(405, '电影【妖猫传】', b'0', NULL, NULL, 132, '2023-02-22 12:06:52', 22),
	(406, '动画电影【埃及王子】', b'0', NULL, NULL, 132, '2023-02-22 11:51:57', 22),
	(407, '动画电影【给桃子的信】', b'0', NULL, NULL, 132, '2023-02-22 12:07:10', 22),
	(408, '动画电影【功夫熊猫 1】', b'0', NULL, NULL, 132, '2023-02-22 11:51:57', 22),
	(409, 'K', b'0', NULL, NULL, 132, '2023-02-22 11:51:57', 22),
	(411, '阿基拉', b'0', NULL, NULL, 132, '2023-02-22 11:51:57', 22),
	(412, '短暂和平', b'0', NULL, NULL, 132, '2023-02-22 11:51:57', 22),
	(414, '日本动画设定资源网站.url', b'0', NULL, NULL, 7, '2023-02-03 14:30:31', 22),
	(415, '精灵宝可梦 超级愿望', b'0', NULL, NULL, 132, '2023-02-22 11:51:57', 22),
	(416, '魔法少女小圆', b'0', NULL, NULL, 132, '2023-02-22 11:51:57', 22),
	(417, '少女与战车剧场版 色指定表', b'0', NULL, NULL, 132, '2023-02-22 11:51:57', 22),
	(418, '紫罗兰永恒花园', b'0', NULL, NULL, 132, '2023-02-22 11:51:57', 22),
	(419, '寒蝉鸣泣之时', b'0', NULL, NULL, 132, '2023-02-22 11:51:57', 22),
	(420, '龙珠', b'0', NULL, NULL, 132, '2023-02-22 11:51:57', 22),
	(421, '平家物语', b'0', NULL, NULL, 132, '2023-02-22 11:51:57', 22),
	(422, '普罗米亚', b'0', NULL, NULL, 132, '2023-02-22 11:51:57', 22),
	(423, '新海诚', b'0', NULL, NULL, 131, '2023-02-22 11:08:08', 22),
	(424, 'John Bauer 北欧艺术神话', b'0', NULL, NULL, 131, '2023-02-22 11:08:08', 22),
	(425, 'Marta Bevacqua', b'0', NULL, NULL, 131, '2023-02-22 11:08:08', 22),
	(426, '阿尔丰斯 穆夏 12册 合集', b'0', NULL, NULL, 131, '2023-02-22 11:08:08', 22),
	(427, '分镜原画', b'0', NULL, NULL, 131, '2023-02-22 11:08:08', 22),
	(428, '黄玉郎', b'0', NULL, NULL, 131, '2023-02-22 11:08:08', 22),
	(429, '金政基', b'0', NULL, NULL, 131, '2023-02-22 11:08:08', 22),
	(430, '金政基视频', b'0', NULL, NULL, 131, '2023-02-22 11:08:08', 22),
	(431, '金政基速写全集', b'0', NULL, NULL, 131, '2023-02-22 11:08:08', 22),
	(432, '墨比斯大合集', b'0', NULL, NULL, 131, '2023-02-22 11:08:08', 22),
	(433, '任航珍藏版', b'0', NULL, NULL, 131, '2023-02-22 11:08:08', 22),
	(434, '史蒂文·梅塞Steven Meise', b'0', NULL, NULL, 131, '2023-02-22 11:08:08', 22),
	(435, '田中達也 Tatsuya Tanaka 作品集', b'0', NULL, NULL, 131, '2023-02-22 11:08:08', 22),
	(436, '[漫延部落][奥浩哉][杀戮都市GANTZ][001-383全].rar', b'0', NULL, NULL, 131, '2023-02-22 11:51:48', 22),
	(437, '【画集】[今敏] 今敏 画集 KON‘S WORKS 1982-2010.zip', b'0', NULL, NULL, 131, '2023-02-22 11:08:08', 22),
	(438, '【日韩漫画】[今敏]海归线.rar', b'0', NULL, NULL, 131, '2023-02-22 11:08:08', 22),
	(439, '【日韩漫画】龍珠完全版公式手冊.rar', b'0', NULL, NULL, 131, '2023-02-22 11:08:08', 22),
	(440, '【设定画集】空之记忆.rar', b'0', NULL, NULL, 131, '2023-02-22 11:08:08', 22),
	(441, 'The.Art.of.Peter.de.Seve高清书拍图.rar', b'0', NULL, NULL, 131, '2023-02-22 11:08:08', 22),
	(442, '分镜原画.rar', b'0', NULL, NULL, 131, '2023-02-22 11:08:08', 22),
	(443, '瑞克和莫蒂.zip', b'0', NULL, NULL, 131, '2023-02-22 11:08:08', 22),
	(444, '龙的参考', b'0', NULL, NULL, 26, '2023-02-03 15:12:11', 22),
	(445, '骆驼', b'0', NULL, NULL, 26, '2023-02-03 15:12:21', 22),
	(446, '鱼类', b'0', NULL, NULL, 26, '2023-02-03 15:13:33', 22),
	(463, '怪物', b'0', NULL, NULL, 26, '2023-02-03 15:05:37', 22),
	(464, '仰视树木', b'0', NULL, NULL, 27, '2023-02-03 15:12:21', 22),
	(465, '植物分布', b'0', NULL, NULL, 27, '2023-02-03 15:12:21', 22),
	(466, '植物库', b'0', NULL, NULL, 27, '2023-02-03 15:12:21', 22),
	(467, '敦煌', b'0', NULL, NULL, 139, '2023-02-06 17:37:44', 22),
	(468, '海南', b'0', NULL, NULL, 139, '2023-02-03 15:34:36', 22),
	(469, '晋祠', b'0', NULL, NULL, 139, '2023-02-03 15:35:24', 22),
	(470, '泉州 20220815-20', b'0', NULL, NULL, 139, '2023-02-03 19:44:07', 22),
	(471, '动画作画', b'0', NULL, NULL, 18, '2023-02-21 17:19:58', 21),
	(472, '20220310-13 松江（嘉兴）', b'0', NULL, NULL, 139, '2023-02-03 19:59:33', 22),
	(473, '中国地质博物馆', b'0', NULL, NULL, 139, '2023-02-06 17:37:44', 22),
	(474, '中国国家博物馆', b'0', NULL, NULL, 139, '2023-02-06 17:37:44', 22),
	(475, '白描', b'0', NULL, NULL, 131, '2023-02-22 11:08:08', 22),
	(476, '国画杂图', b'0', NULL, NULL, 131, '2023-02-22 11:08:08', 22),
	(477, '水彩', b'0', NULL, NULL, 131, '2023-02-22 11:08:08', 22),
	(478, '宋代名画', b'0', NULL, NULL, 131, '2023-02-22 11:08:08', 22),
	(479, '日韩绘画', b'0', NULL, NULL, 131, '2023-02-22 11:08:08', 22),
	(480, '终南山雪景及山水树木参考', b'0', NULL, NULL, 25, '2023-02-08 11:51:18', 22),
	(481, '制盐', b'0', NULL, NULL, 6, '2023-02-08 11:53:47', 22),
	(482, '西湖', b'0', NULL, NULL, 25, '2023-02-08 12:03:02', 22),
	(483, '灯', b'0', NULL, NULL, 23, '2023-02-08 12:09:58', 22),
	(484, '家具', b'0', NULL, NULL, 23, '2023-02-08 12:09:58', 22),
	(485, '毛笔', b'0', NULL, NULL, 23, '2023-02-08 12:09:58', 22),
	(486, '宋代瓷器', b'0', NULL, NULL, 23, '2023-02-08 12:09:58', 22),
	(487, '宋代物品', b'0', NULL, NULL, 23, '2023-02-08 12:09:58', 22),
	(488, '砚台 13X8.5', b'0', NULL, NULL, 23, '2023-02-08 12:09:58', 22),
	(489, '镇纸', b'0', NULL, NULL, 23, '2023-02-08 12:09:58', 22),
	(490, '竹刻', b'0', NULL, NULL, 23, '2023-02-08 12:09:58', 22),
	(491, '竹制品', b'0', NULL, NULL, 23, '2023-02-08 12:09:58', 22),
	(492, '烛台', b'0', NULL, NULL, 23, '2023-02-08 12:09:58', 22),
	(493, '松江', b'0', NULL, NULL, 19, '2023-02-08 13:00:46', 22),
	(494, '水乡古镇', b'0', NULL, NULL, 19, '2023-02-08 13:03:30', 22),
	(495, '关于回眸的参考', b'0', NULL, NULL, 18, '2023-02-08 13:10:36', 22),
	(496, '明', b'0', NULL, NULL, 18, '2023-02-08 13:10:36', 22),
	(497, '欧美Q版人物', b'0', NULL, NULL, 18, '2023-02-08 13:10:36', 22),
	(498, '泉州 人物', b'0', NULL, NULL, 18, '2023-02-08 13:10:36', 22),
	(499, '宋', b'0', NULL, NULL, 18, '2023-02-08 13:51:20', 22),
	(500, '唐', b'0', NULL, NULL, 18, '2023-02-08 13:51:20', 22),
	(501, '倭寇', b'0', NULL, NULL, 18, '2023-02-08 13:10:36', 22),
	(502, '戲曲人物圖146種', b'0', NULL, NULL, 18, '2023-02-08 13:10:36', 22),
	(503, '马车.pdf', b'0', NULL, NULL, 23, '2023-02-08 13:33:47', 22),
	(504, '泉州', b'0', NULL, NULL, 19, '2023-02-08 13:33:56', 22),
	(505, '平等院凤凰堂——日本', b'0', NULL, NULL, 19, '2023-02-08 13:37:36', 22),
	(506, '宋代 地图', b'0', NULL, NULL, 19, '2023-02-08 13:37:36', 22),
	(507, '宋代 建筑', b'0', NULL, NULL, 19, '2023-02-08 13:37:36', 22),
	(508, '香雪庵', b'0', NULL, NULL, 19, '2023-02-08 13:37:36', 22),
	(509, '悬空寺', b'0', NULL, NULL, 19, '2023-02-08 13:37:36', 22),
	(510, '园林', b'0', NULL, NULL, 19, '2023-02-08 13:37:36', 22),
	(511, '开封.txt', b'0', NULL, NULL, 19, '2023-02-08 13:37:36', 22),
	(512, '南宋 杭州.png', b'0', NULL, NULL, 19, '2023-02-08 13:37:36', 22),
	(513, '西方建筑图解词典[全彩].pdf', b'0', NULL, NULL, 19, '2023-02-08 13:37:36', 22),
	(514, '中国古建筑图解（彩色）.pdf', b'0', NULL, NULL, 19, '2023-02-08 13:37:36', 22),
	(515, '中国少数民族建筑艺术画集.pdf', b'0', NULL, NULL, 19, '2023-02-08 13:37:36', 22),
	(516, '嘉兴', b'0', NULL, NULL, 19, '2023-02-08 13:43:34', 22),
	(517, '古画参考', b'0', NULL, NULL, 19, '2023-02-08 13:50:08', 22),
	(518, '113345410_7_20171014083440283.jpg', b'0', NULL, NULL, 18, '2023-02-08 13:51:20', 22),
	(519, '113345410_8_20171014083440455.jpg', b'0', NULL, NULL, 18, '2023-02-08 13:51:20', 22),
	(520, 'timg3EK0TNXG.jpg', b'0', NULL, NULL, 18, '2023-02-08 13:51:20', 22),
	(521, 'timg42HM6KYF.jpg', b'0', NULL, NULL, 18, '2023-02-08 13:51:20', 22),
	(522, '四方來朝：職貢圖特展.pdf', b'0', NULL, NULL, 18, '2023-02-08 13:51:20', 22),
	(523, '太平风会图.传.元代.朱玉绘.62069X1600像素.芝加哥艺术博物馆藏.pdf', b'0', NULL, NULL, 18, '2023-02-08 13:51:20', 22),
	(524, '祭神+驱邪', b'0', NULL, NULL, 18, '2023-02-08 13:51:20', 22),
	(525, '晋', b'0', NULL, NULL, 18, '2023-02-08 13:51:20', 22),
	(526, '明清', b'0', NULL, NULL, 18, '2023-02-08 13:51:20', 22),
	(527, '泉州 民俗', b'0', NULL, NULL, 18, '2023-02-08 13:51:20', 22),
	(528, '中元节', b'0', NULL, NULL, 18, '2023-02-08 13:51:20', 22),
	(529, '46_170417141155_1.jpg', b'0', NULL, NULL, 18, '2023-02-08 13:51:20', 22),
	(530, '233ade9c65594fab80e980057a53e97b.jpg', b'0', NULL, NULL, 18, '2023-02-08 13:51:20', 22),
	(531, '113345410_2_2017101408343917.jpg', b'0', NULL, NULL, 18, '2023-02-08 13:51:20', 22),
	(532, '113345410_3_20171014083439627.jpg', b'0', NULL, NULL, 18, '2023-02-08 13:51:20', 22),
	(533, '113345410_4_20171014083439892.jpg', b'0', NULL, NULL, 18, '2023-02-08 13:51:20', 22),
	(534, '113345410_6_20171014083440142.jpg', b'0', NULL, NULL, 18, '2023-02-08 13:51:20', 22),
	(535, '敦煌', b'0', NULL, NULL, 19, '2023-02-08 13:53:52', 22),
	(536, '船', b'0', NULL, NULL, 23, '2023-02-08 14:10:42', 22),
	(537, '1721年大明一统山河图', b'0', NULL, NULL, 19, '2023-02-08 14:13:30', 22),
	(538, '北平', b'0', NULL, NULL, 19, '2023-02-08 14:16:01', 22),
	(539, '45中式建筑内景', b'0', NULL, NULL, 19, '2023-02-08 17:02:52', 22),
	(540, '65欧美Q版室内场景', b'0', NULL, NULL, 19, '2023-02-08 17:02:52', 22),
	(541, '80古风大厅场景背景', b'0', NULL, NULL, 19, '2023-02-08 17:02:52', 22),
	(542, '灵堂参考', b'0', NULL, NULL, 19, '2023-02-08 17:02:52', 22),
	(543, '日式现代--青森素材', b'0', NULL, NULL, 19, '2023-02-08 17:02:52', 22),
	(544, '明清室内陈设_11739673.pdf', b'0', NULL, NULL, 19, '2023-02-08 17:02:52', 22),
	(545, '静物', b'0', NULL, NULL, 27, '2023-02-21 19:01:45', 22),
	(546, '【4K】沙滩海浪海鸟-自然海鸟海浪声-无背景音乐-1小时', b'0', NULL, NULL, 26, '2023-02-21 18:47:53', 22),
	(547, '感受下挪威北极圈现在的海鸟盛况', b'0', NULL, NULL, 104, '2023-02-22 13:38:37', 22),
	(548, '观鸟_飞翔的海鸥', b'0', NULL, NULL, 104, '2023-02-22 13:38:37', 22),
	(549, '海鸟动画', b'0', NULL, NULL, 104, '2023-02-22 13:39:14', 22),
	(550, '近距离实拍飞翔中的海鸥', b'0', NULL, NULL, 104, '2023-02-22 13:38:37', 22),
	(551, '空镜头视频素材 海洋大海海浪沙滩飞鸟海鸥海鸟素材分享', b'0', NULL, NULL, 104, '2023-02-22 13:38:37', 22),
	(552, '39日式动漫唯美场景', b'0', NULL, NULL, 19, '2023-02-08 18:31:57', 22),
	(553, '55欧式q版室外场景', b'0', NULL, NULL, 19, '2023-02-08 18:31:57', 22),
	(554, '62日式和风场景', b'0', NULL, NULL, 19, '2023-02-08 18:31:57', 22),
	(555, '64西方场景概念设定', b'0', NULL, NULL, 19, '2023-02-08 18:31:57', 22),
	(556, '102日式动画背景', b'0', NULL, NULL, 19, '2023-02-08 18:31:57', 22),
	(557, '103日系游戏动画背景', b'0', NULL, NULL, 19, '2023-02-08 18:31:57', 22),
	(558, '104日系动漫背景1400张', b'0', NULL, NULL, 19, '2023-02-08 18:31:57', 22),
	(559, '175场景地貌', b'0', NULL, NULL, 19, '2023-02-08 18:31:57', 22),
	(560, '古画店铺参考', b'0', NULL, NULL, 19, '2023-02-08 18:31:57', 22),
	(561, '沙漠城市', b'0', NULL, NULL, 19, '2023-02-08 18:31:57', 22),
	(562, '树林', b'0', NULL, NULL, 19, '2023-02-08 18:31:57', 22),
	(563, '树林瀑布参考', b'0', NULL, NULL, 19, '2023-02-08 18:31:57', 22),
	(564, '战争场景', b'0', NULL, NULL, 19, '2023-02-08 18:31:57', 22),
	(565, '中式建筑场景', b'0', NULL, NULL, 19, '2023-02-08 18:31:57', 22),
	(566, '34游戏场景-东方', b'0', NULL, NULL, 19, '2023-02-08 18:31:57', 22),
	(567, '凌晨三点去爬山，大疆mini2穿云看日出', b'0', NULL, NULL, 28, '2023-02-21 18:57:15', 22),
	(568, '萌萌哒短腿小海鸟追着海浪（被海浪追）跑来跑去，究竟为了啥？', b'0', NULL, NULL, 104, '2023-02-22 13:39:00', 22),
	(569, '温暖的海鸥', b'0', NULL, NULL, 82, '2023-02-22 13:38:01', 22),
	(570, '“生活繁忙，但别错过日落和夕阳”', b'0', NULL, NULL, 25, '2023-02-21 17:28:46', 22),
	(571, '【生活记录】记录一次飞鸟与落日', b'0', NULL, NULL, 25, '2023-02-21 18:50:45', 22),
	(572, '西沙群岛是赶海界的天花板，漠叔被海鸟围攻，满地都是海鲜', b'0', NULL, NULL, 26, '2023-02-21 19:00:24', 22),
	(573, '打架示威的鹅', b'0', NULL, NULL, 26, '2023-02-21 18:40:02', 21),
	(574, '鹅：可以追击老虎的猛禽，为什么各种动物都怕鹅？为什么有鹅的地方没有蛇？大鹅的真实身份，将会超出你的想象…… 自说自话的总裁', b'0', NULL, NULL, 26, '2023-02-21 18:56:56', 22),
	(575, '苍蝇为什么喜欢把自己的头拧下来玩？', b'0', NULL, NULL, 26, '2023-02-21 18:56:31', 22),
	(576, '蜘蛛织网', b'0', NULL, NULL, 103, '2023-02-22 13:38:37', 22),
	(577, '蜘蛛织网的神奇过程，看完后真是觉得太壮观了', b'0', NULL, NULL, 26, '2023-02-21 18:58:28', 22),
	(578, '萤火虫.gif', b'0', NULL, NULL, 26, '2023-02-22 11:08:31', 22),
	(579, '《相思》电影', b'0', NULL, NULL, 25, '2023-02-21 18:47:45', 22),
	(580, '游戏电影概念气氛', b'0', NULL, NULL, 25, '2023-02-22 11:29:35', 22),
	(581, '【荒野间谍】看看机器螃蟹是如何混进真正的螃蟹大家庭的！', b'0', NULL, NULL, 26, '2023-02-22 11:27:43', 22),
	(582, '如何与一只螃蟹交朋友？', b'0', NULL, NULL, 26, '2023-02-21 18:57:42', 22),
	(583, '食沙者小螃蟹，把沙子团成可爱小球', b'0', NULL, NULL, 26, '2023-02-21 18:57:57', 22),
	(584, '小螃蟹擦眼睛', b'0', NULL, NULL, 26, '2023-02-21 18:58:07', 22),
	(585, '小螃蟹素材.MP4', b'0', NULL, NULL, 26, '2023-02-22 11:08:39', 22),
	(586, '如何让马低头', b'0', NULL, NULL, 105, '2023-02-22 13:38:37', 22),
	(587, '如何用特效在电影里做一匹逼真的马', b'0', NULL, NULL, 26, '2023-02-21 18:57:29', 22),
	(588, '【蜗牛的故事】VOL.001 本频道记录自然与生物的有趣故事', b'0', NULL, NULL, 26, '2023-02-21 18:51:06', 22),
	(589, '小蜗：今天出门散步，被水滴揍了，哈哈哈Tmd！', b'0', NULL, NULL, 26, '2023-02-21 18:58:28', 22),
	(590, '村里的大黄狗.mp4', b'0', NULL, NULL, 26, '2023-02-22 11:00:31', 22),
	(591, '金鱼的一些参考', b'0', NULL, NULL, 26, '2023-02-21 17:19:29', 21),
	(592, '94a3449fjw1eitx75mfh3g20dc0g6txi 480×582.gif', b'0', NULL, NULL, 26, '2023-02-21 19:03:56', 22),
	(593, '155 Pinterest.gif', b'0', NULL, NULL, 26, '2023-02-21 19:00:04', 22),
	(594, '212 Pinterest.gif', b'0', NULL, NULL, 26, '2023-02-21 19:03:40', 22),
	(595, '216 Pinterest.gif', b'0', NULL, NULL, 26, '2023-02-21 19:03:40', 22),
	(596, '217 Pinterest.gif', b'0', NULL, NULL, 26, '2023-02-21 19:03:40', 22),
	(597, 'Aaks  Bu 6abi.gif', b'0', NULL, NULL, 26, '2023-02-22 11:09:21', 22),
	(598, '今天看完《美人鱼》回来，在查美人鱼的资料，忽然发现了N种很可爱的小章鱼，有的是Grimpoteuthis （烟灰蛸属），有的是Opistho.gif', b'0', NULL, NULL, 26, '2023-02-21 19:00:40', 22),
	(599, '鲸鱼GIF、鱼，绕圈、圆圈、天空.gif', b'0', NULL, NULL, 26, '2023-02-21 19:01:35', 22),
	(600, '沃伦 2017游戏动画作品 - 游戏动画 - Powered by Discuz!.gif', b'0', NULL, NULL, 26, '2023-02-22 11:09:15', 22),
	(601, '小鱼.gif', b'0', NULL, NULL, 26, '2023-02-22 11:08:39', 22),
	(602, '游-小鱼.gif', b'0', NULL, NULL, 26, '2023-02-22 11:08:31', 22),
	(603, '章鱼 生 gif的搜索结果_360图片.gif', b'0', NULL, NULL, 26, '2023-02-22 11:08:24', 22),
	(604, '模型-蝙蝠', b'0', NULL, NULL, 97, '2023-02-22 13:41:00', 22),
	(605, '模型-鸽子', b'0', NULL, NULL, 26, '2023-02-22 11:00:46', 22),
	(606, '模型-海鸥', b'0', NULL, NULL, 97, '2023-02-22 13:41:00', 22),
	(607, '模型-麻雀', b'0', NULL, NULL, 97, '2023-02-22 13:41:00', 22),
	(608, '模型-猫头鹰', b'0', NULL, NULL, 97, '2023-02-22 13:41:00', 22),
	(609, '模型-鸟', b'0', NULL, NULL, 97, '2023-02-22 13:41:00', 22),
	(610, '模型-山雀', b'0', NULL, NULL, 97, '2023-02-22 13:41:00', 22),
	(611, '模型-天鹅', b'0', NULL, NULL, 97, '2023-02-22 13:41:00', 22),
	(612, '模型-乌鸦', b'0', NULL, NULL, 97, '2023-02-22 13:41:00', 22),
	(613, '模型-喜鹊', b'0', NULL, NULL, 97, '2023-02-22 13:41:00', 22),
	(614, '模型-鹰', b'0', NULL, NULL, 97, '2023-02-22 13:41:00', 22),
	(615, '模型-鹦鹉', b'0', NULL, NULL, 97, '2023-02-22 13:41:00', 22),
	(616, '公鸡', b'0', NULL, NULL, 97, '2023-02-22 13:41:00', 22),
	(617, '狗', b'0', NULL, NULL, 97, '2023-02-22 13:41:00', 22),
	(618, '马', b'0', NULL, NULL, 97, '2023-02-22 13:41:00', 22),
	(619, '牛', b'0', NULL, NULL, 97, '2023-02-22 13:41:00', 22),
	(620, '刺猬', b'0', NULL, NULL, 97, '2023-02-22 13:41:00', 22),
	(621, '模型-蜥蜴', b'0', NULL, NULL, 97, '2023-02-22 13:41:00', 22),
	(622, '黄鼠狼', b'0', NULL, NULL, 97, '2023-02-22 13:41:00', 22),
	(623, '模型-狐狸', b'0', NULL, NULL, 97, '2023-02-22 13:41:00', 22),
	(624, '模型-鹿', b'0', NULL, NULL, 97, '2023-02-22 13:41:00', 22),
	(625, '模型-青蛙', b'0', NULL, NULL, 97, '2023-02-22 13:41:00', 22),
	(626, '蝎子.blend', b'0', NULL, NULL, 97, '2023-02-09 15:10:46', 27),
	(627, '竹节虫（未绑定）.blend', b'0', NULL, NULL, 97, '2023-02-09 15:10:46', 27),
	(628, '竹节虫.blend', b'0', NULL, NULL, 97, '2023-02-09 15:10:46', 27),
	(629, '蜘蛛', b'0', NULL, NULL, 97, '2023-02-22 13:41:00', 22),
	(630, '苍蝇', b'0', NULL, NULL, 97, '2023-02-22 13:41:00', 22),
	(631, '飞蛾', b'0', NULL, NULL, 97, '2023-02-22 13:41:00', 22),
	(632, '蜂', b'0', NULL, NULL, 97, '2023-02-22 13:41:00', 22),
	(633, '蝴蝶', b'0', NULL, NULL, 97, '2023-02-22 13:41:00', 22),
	(634, '蝗虫', b'0', NULL, NULL, 97, '2023-02-22 13:41:00', 22),
	(635, '甲虫', b'0', NULL, NULL, 97, '2023-02-22 13:41:00', 22),
	(636, '蚂蚁', b'0', NULL, NULL, 97, '2023-02-22 13:41:00', 22),
	(637, '毛毛虫', b'0', NULL, NULL, 97, '2023-02-22 13:41:00', 22),
	(638, '瓢虫', b'0', NULL, NULL, 97, '2023-02-22 13:41:00', 22),
	(639, '螳螂', b'0', NULL, NULL, 97, '2023-02-09 15:11:44', 27),
	(640, '驴', b'0', NULL, NULL, 97, '2023-02-22 13:41:00', 22),
	(641, '模型-鹅', b'0', NULL, NULL, 97, '2023-02-22 13:41:00', 22),
	(642, '模型-狗', b'0', NULL, NULL, 82, '2023-02-22 13:39:56', 22),
	(643, '模型-鸡', b'0', NULL, NULL, 97, '2023-02-22 13:41:00', 22),
	(644, '模型-老鼠', b'0', NULL, NULL, 97, '2023-02-22 13:41:00', 22),
	(645, '模型-骆驼', b'0', NULL, NULL, 97, '2023-02-22 13:41:00', 22),
	(646, '模型-马', b'0', NULL, NULL, 97, '2023-02-22 13:41:00', 22),
	(647, '模型-猫', b'0', NULL, NULL, 97, '2023-02-22 13:41:00', 22),
	(648, '模型-绵羊', b'0', NULL, NULL, 97, '2023-02-22 13:41:00', 22),
	(649, '模型-牛', b'0', NULL, NULL, 97, '2023-02-22 13:41:00', 22),
	(650, '模型-山羊', b'0', NULL, NULL, 97, '2023-02-22 13:41:00', 22),
	(651, '模型-蛇', b'0', NULL, NULL, 97, '2023-02-22 13:41:00', 22),
	(652, '松鼠', b'0', NULL, NULL, 97, '2023-02-09 15:22:52', 27),
	(653, '兔子', b'0', NULL, NULL, 97, '2023-02-09 15:23:26', 27),
	(654, '蜗牛', b'0', NULL, NULL, 97, '2023-02-09 15:23:52', 27),
	(655, '鸭子', b'0', NULL, NULL, 97, '2023-02-09 15:24:53', 27),
	(656, '猪', b'0', NULL, NULL, 97, '2023-02-09 15:26:15', 27),
	(657, '公鸡1.obj', b'0', NULL, NULL, 97, '2023-02-22 13:41:00', 22),
	(658, '模型-海马', b'0', NULL, NULL, 97, '2023-02-22 13:41:00', 22),
	(659, '模型-海星', b'0', NULL, NULL, 97, '2023-02-22 13:41:00', 22),
	(660, '模型-寄居蟹', b'0', NULL, NULL, 97, '2023-02-22 13:41:00', 22),
	(661, '模型-螃蟹', b'0', NULL, NULL, 97, '2023-02-22 13:41:00', 22),
	(662, '模型-珊瑚贝壳', b'0', NULL, NULL, 97, '2023-02-22 13:41:00', 22),
	(663, '模型-水母', b'0', NULL, NULL, 97, '2023-02-22 13:41:00', 22),
	(664, '模型-乌龟', b'0', NULL, NULL, 97, '2023-02-22 13:41:00', 22),
	(665, '模型-虾', b'0', NULL, NULL, 97, '2023-02-22 13:41:00', 22),
	(666, '模型-鱿鱼', b'0', NULL, NULL, 97, '2023-02-22 13:41:00', 22),
	(667, '模型-鱼', b'0', NULL, NULL, 97, '2023-02-22 13:41:00', 22),
	(668, '模型-章鱼', b'0', NULL, NULL, 97, '2023-02-22 13:41:00', 22),
	(669, '黄昏江上撒网', b'0', NULL, NULL, 18, '2023-02-09 15:33:36', 27),
	(670, '黄纸和桃木剑施法过程参考', b'0', NULL, NULL, 18, '2023-02-09 15:35:21', 27),
	(671, '林正英拍戏，暗中用“茅山法术”，糯米鸡血桃木剑真有大作用', b'0', NULL, NULL, 18, '2023-02-09 15:36:03', 27),
	(672, '道士手持桃木剑的表演.mp4', b'0', NULL, NULL, 18, '2023-02-09 15:36:31', 27),
	(673, '馒头的制作、手掰开馒头的表演', b'0', NULL, NULL, 18, '2023-02-09 15:40:23', 27),
	(674, '太空旅客 part【大表姐泳装溺水】', b'0', NULL, NULL, 18, '2023-02-09 15:49:17', 27),
	(675, '这可能是史上唯一的真实溺水呛水的电影镜头', b'0', NULL, NULL, 18, '2023-02-09 15:49:50', 27),
	(676, '1-溺水-1080P 高清-AVC.mp4', b'0', NULL, NULL, 18, '2023-02-09 15:50:18', 27),
	(677, '1-溺水-1080P 高清-AVC.ass', b'0', NULL, NULL, 18, '2023-02-09 15:50:18', 27),
	(678, '1-溺水-1080P 高清-AVC.jpg', b'0', NULL, NULL, 18, '2023-02-09 15:50:18', 27),
	(679, '糖葫芦', b'0', NULL, NULL, 18, '2023-02-09 15:51:40', 27),
	(680, '亚尔斯兰战记：雄伟的军队，残酷的战斗。日本动漫下的帝国战争', b'0', NULL, NULL, 18, '2023-02-09 15:52:46', 27),
	(681, '游泳', b'0', NULL, NULL, 18, '2023-02-09 15:53:59', 27),
	(682, '踩水', b'0', NULL, NULL, 18, '2023-02-09 15:54:21', 27),
	(683, '潜水动作', b'0', NULL, NULL, 18, '2023-02-09 15:54:21', 27),
	(684, '给各位感受下贵州中元节', b'0', NULL, NULL, 18, '2023-02-09 15:54:41', 27),
	(685, '贵州中元节的点瓜灯习俗，小孩子拿着瓜灯出门，讨要香烛，嘴里念着口诀，网友：中国版万圣节？', b'0', NULL, NULL, 18, '2023-02-09 15:54:41', 27),
	(686, '福建游街.mp4', b'0', NULL, NULL, 18, '2023-02-09 15:54:41', 27),
	(687, '捉迷藏', b'0', NULL, NULL, 18, '2023-02-09 15:54:58', 27),
	(688, '打喷嚏擤鼻参考-1080P 高清-AVC.mp4', b'0', NULL, NULL, 18, '2023-02-09 15:55:07', 27),
	(689, '＃婺源Vlog# 婺源清晨薄雾延时', b'0', NULL, NULL, 25, '2023-02-09 15:55:51', 27),
	(690, '晨雾中的草原，仿佛间，似乎童话故事里的仙境！', b'0', NULL, NULL, 25, '2023-02-09 15:55:51', 27),
	(691, '杭黄高铁千岛湖站晨雾如画', b'0', NULL, NULL, 25, '2023-02-09 15:55:51', 27),
	(692, '杭黄高铁千岛湖站犹如仙境', b'0', NULL, NULL, 25, '2023-02-09 15:55:51', 27),
	(693, '江西武宁：冬日阳光晨雾伴 最美小城披霓裳', b'0', NULL, NULL, 25, '2023-02-09 15:55:51', 27),
	(694, '今天东湖晨雾仿佛仙境！杉林水面鸟儿成群结队，一个30秒长镜头舍不得剪断', b'0', NULL, NULL, 25, '2023-02-09 15:55:51', 27),
	(695, '绝美！雾中西湖宛若仙境，烟雨山水如同墨染', b'0', NULL, NULL, 25, '2023-02-09 15:55:51', 27),
	(696, '品味东湖（发布）', b'0', NULL, NULL, 25, '2023-02-09 15:55:51', 27),
	(697, '玩摄影十几年，第一次看到水墨画一般的东湖', b'0', NULL, NULL, 25, '2023-02-09 15:55:51', 27),
	(698, '阳光，穿透晨雾而来', b'0', NULL, NULL, 25, '2023-02-09 15:55:51', 27),
	(699, '早间晨雾', b'0', NULL, NULL, 25, '2023-02-09 15:55:51', 27),
	(700, '暴风雨', b'0', NULL, NULL, 25, '2023-02-09 15:56:31', 27),
	(701, '水面开锅了，不断冒泡，不知道是怎么回事', b'0', NULL, NULL, 28, '2023-02-09 16:01:46', 27),
	(702, '1-知识-高速摄像-水下冒泡运动-480P 清晰-AVC.ass', b'0', NULL, NULL, 28, '2023-02-09 16:01:46', 27),
	(703, '1-知识-高速摄像-水下冒泡运动-480P 清晰-AVC.Cover.jpg', b'0', NULL, NULL, 28, '2023-02-09 16:01:46', 27),
	(704, '1-知识-高速摄像-水下冒泡运动-480P 清晰-AVC.mp4', b'0', NULL, NULL, 28, '2023-02-09 16:01:46', 27),
	(705, '火、烟', b'0', NULL, NULL, 28, '2023-02-09 16:02:51', 27),
	(706, '乌云，闪电动画参考', b'0', NULL, NULL, 28, '2023-02-09 16:03:34', 27),
	(707, 'B446BC20A4E2E48869416CFE98F7F907.mp4', b'0', NULL, NULL, 28, '2023-02-09 16:03:34', 27),
	(708, 'EA53AB67659F26309982052A34EAA9BE.mp4', b'0', NULL, NULL, 28, '2023-02-09 16:03:34', 27),
	(709, '清晨的海边', b'0', NULL, NULL, 25, '2023-02-09 16:04:37', 27),
	(710, '＂玻璃般的海＂', b'0', NULL, NULL, 28, '2023-02-09 16:08:11', 27),
	(711, '“看海本就是一件浪漫的事”', b'0', NULL, NULL, 28, '2023-02-09 16:08:11', 27),
	(712, '“流  光  碧  影”', b'0', NULL, NULL, 28, '2023-02-09 16:08:11', 27),
	(713, '“原来海面下出现的丁达尔效应真的很治愈”', b'0', NULL, NULL, 28, '2023-02-09 16:08:11', 27),
	(714, '“这大概就是美到窒息的感觉吧”', b'0', NULL, NULL, 28, '2023-02-09 16:08:11', 27),
	(715, '「屏住呼吸，带你坠入果冻海」～', b'0', NULL, NULL, 28, '2023-02-09 16:08:11', 27),
	(716, '【4K HDR】鲜花、海水与虫鸣的盛夏时光 - Villa Eilenroc', b'0', NULL, NULL, 28, '2023-02-09 16:08:11', 27),
	(717, '奔走在北海涨潮的海边', b'0', NULL, NULL, 28, '2023-02-09 16:08:11', 27),
	(718, '从涨潮，到退潮，再到涨潮～', b'0', NULL, NULL, 28, '2023-02-09 16:08:11', 27),
	(719, '海的丁达尔效应好美 这么治愈应该分享给谁呢', b'0', NULL, NULL, 28, '2023-02-09 16:08:11', 27),
	(720, '海上漩涡', b'0', NULL, NULL, 28, '2023-02-09 16:08:11', 27),
	(721, '巨大海浪', b'0', NULL, NULL, 28, '2023-02-09 16:08:11', 27),
	(722, '平稳的海浪潮汐', b'0', NULL, NULL, 28, '2023-02-09 16:08:11', 27),
	(723, '中国水纹  流淌在中华民族血脉里的记忆', b'0', NULL, NULL, 20, '2023-02-09 16:11:26', 27),
	(724, '清凉夏 - @CNU_blank 的视频 - 视频 - 微博.mp4', b'0', NULL, NULL, 25, '2023-02-09 16:12:23', 27),
	(725, '海浪草图演示（动画）.mp4', b'0', NULL, NULL, 28, '2023-02-09 16:12:53', 27),
	(726, '日落黄昏时 - @CNU_blank 的视频 - 视频 - 微博.mp4', b'0', NULL, NULL, 25, '2023-02-09 16:13:58', 27),
	(727, '疯狗浪', b'0', NULL, NULL, 28, '2023-02-09 16:14:38', 27),
	(728, '实拍12级台风下的货轮，甲板快被淹没了，吓的腿都软了，好害怕', b'0', NULL, NULL, 28, '2023-02-09 16:16:40', 27),
	(729, '台风天的船 堪比电影 利奇马', b'0', NULL, NULL, 28, '2023-02-09 16:16:40', 27),
	(730, '0C634CB000980721D99B5A333018B39C.mp4', b'0', NULL, NULL, 28, '2023-02-09 16:17:05', 27),
	(731, '海涨潮了', b'0', NULL, NULL, 28, '2023-02-09 16:17:28', 27),
	(732, '涨潮的时候不要去海边……', b'0', NULL, NULL, 28, '2023-02-09 16:17:28', 27),
	(733, '芭蕉', b'0', NULL, NULL, 27, '2023-02-09 16:19:46', 27),
	(734, '贝壳风铃', b'0', NULL, NULL, 27, '2023-02-09 16:20:10', 27),
	(735, '刺桐', b'0', NULL, NULL, 27, '2023-02-09 16:20:10', 27),
	(736, '红色的珊瑚', b'0', NULL, NULL, 27, '2023-02-09 16:20:10', 27),
	(737, '日月贝（红色贝壳）', b'0', NULL, NULL, 27, '2023-02-09 16:20:10', 27),
	(738, '天灯', b'0', NULL, NULL, 27, '2023-02-09 16:20:10', 27),
	(739, '鸟', b'0', NULL, NULL, 26, '2023-02-09 16:21:34', 27),
	(740, '218 Pinterest.gif', b'0', NULL, NULL, 26, '2023-02-09 16:25:37', 27),
	(741, '889e307499c3df45ec4b7a0c0aee0877.gif', b'0', NULL, NULL, 26, '2023-02-09 16:22:08', 27),
	(742, '蝴蝶.gif', b'0', NULL, NULL, 26, '2023-02-09 16:22:08', 27),
	(743, '猫头鹰.gif', b'0', NULL, NULL, 26, '2023-02-09 16:22:08', 27),
	(744, '走-爪类（正341.gif', b'0', NULL, NULL, 26, '2023-02-09 16:24:13', 27),
	(745, '3e94c2c4c5ae88f4c75f27efa7ae6e90.gif', b'0', NULL, NULL, 26, '2023-02-09 16:24:13', 27),
	(746, '75d96ff969404a1939e59da03444743c.gif', b'0', NULL, NULL, 26, '2023-02-09 16:24:13', 27),
	(747, '164 Pinterest.gif', b'0', NULL, NULL, 26, '2023-02-09 16:24:13', 27),
	(748, '232806zz8pjedgiy7j6t3e.gif', b'0', NULL, NULL, 26, '2023-02-09 16:24:13', 27),
	(749, 'b1cf998e7724d8325fb287ac3a64a8dd.gif', b'0', NULL, NULL, 26, '2023-02-09 16:25:05', 27),
	(750, '46c4467f6aabd7b4db29dea37da7df65.gif', b'0', NULL, NULL, 26, '2023-02-09 16:25:05', 27),
	(751, '91cbf23d5123bfad4a264a05682d8ad4.gif', b'0', NULL, NULL, 26, '2023-02-09 16:25:05', 27),
	(752, '175 Pinterest.gif', b'0', NULL, NULL, 26, '2023-02-09 16:25:37', 27),
	(753, '416eed85e99750215b98edf0cd480eda.gif', b'0', NULL, NULL, 26, '2023-02-09 16:25:37', 27),
	(754, '跑-蹄类（侧1.gif', b'0', NULL, NULL, 26, '2023-02-09 16:25:37', 27),
	(755, '跑-蹄类（侧2.gif', b'0', NULL, NULL, 26, '2023-02-09 16:25:37', 27),
	(756, '跑-蹄类（侧5.gif', b'0', NULL, NULL, 26, '2023-02-09 16:25:37', 27),
	(757, '0a7f1265b58a0476c8350e6ab239f688f34a548a139ad5-LBX0GC_fw658.gif', b'0', NULL, NULL, 18, '2023-02-09 18:53:27', 27),
	(758, '02e11677507f2c51301d148e1d5042a1ae1552dc1df4f-QrZOjM_fw658.gif', b'0', NULL, NULL, 18, '2023-02-09 18:53:27', 27),
	(759, '跑步-背1.gif', b'0', NULL, NULL, 18, '2023-02-09 18:53:27', 27),
	(760, '跑步-侧+正1.gif', b'0', NULL, NULL, 18, '2023-02-09 18:53:27', 27),
	(761, '跑步-侧面6.gif', b'0', NULL, NULL, 18, '2023-02-09 18:53:27', 27),
	(762, '跑步-个性4.gif', b'0', NULL, NULL, 18, '2023-02-09 18:53:27', 27),
	(763, '跑-剧情1.gif', b'0', NULL, NULL, 18, '2023-02-09 18:53:27', 27),
	(764, '花瓣，陪你做生活的设计师家居，美食，时尚，穿搭，设计，商品，美图等.gif', b'0', NULL, NULL, 18, '2023-02-09 18:56:20', 27),
	(765, '雪地走路.gif', b'0', NULL, NULL, 18, '2023-02-09 18:56:20', 27),
	(766, '走-侧+正1.gif', b'0', NULL, NULL, 18, '2023-02-09 18:56:20', 27),
	(767, '走-侧+正2.gif', b'0', NULL, NULL, 18, '2023-02-09 18:56:20', 27),
	(768, '走-侧+正3.gif', b'0', NULL, NULL, 18, '2023-02-09 18:56:20', 27),
	(769, '走-侧面3.gif', b'0', NULL, NULL, 18, '2023-02-09 18:56:20', 27),
	(770, '走-高傲1.gif', b'0', NULL, NULL, 18, '2023-02-09 18:56:20', 27),
	(771, '走-搞笑1.gif', b'0', NULL, NULL, 18, '2023-02-09 18:56:20', 27),
	(772, '走-痞子1.gif', b'0', NULL, NULL, 18, '2023-02-09 18:56:20', 27),
	(773, '走-轻松1.gif', b'0', NULL, NULL, 18, '2023-02-09 18:56:20', 27),
	(774, '走-丧尸1.gif', b'0', NULL, NULL, 18, '2023-02-09 18:56:20', 27),
	(775, '走-丧尸2.gif', b'0', NULL, NULL, 18, '2023-02-09 18:56:20', 27),
	(776, '走-小偷1.gif', b'0', NULL, NULL, 18, '2023-02-09 18:56:20', 27),
	(789, '00df55ab38b84a75b56a9bc4dd806de4.gif', b'0', NULL, NULL, 18, '2023-02-09 19:01:22', 27),
	(790, '0af60bdf07b48c183a61f08ffb33a7c7.gif', b'0', NULL, NULL, 18, '2023-02-09 19:01:22', 27),
	(791, '0c5e47e7923a94bf6832b611a88fc697.gif', b'0', NULL, NULL, 18, '2023-02-09 19:01:22', 27),
	(792, '0c19b799f94870ea2f28bf7e4a5fc627-sz_1502864.gif', b'0', NULL, NULL, 18, '2023-02-09 19:01:22', 27),
	(793, '0c80b2775f299ec2570210858f5861ad.gif', b'0', NULL, NULL, 18, '2023-02-09 19:01:22', 27),
	(794, '0c47334aa86fbb2c5dd387e8fcbe1973.gif', b'0', NULL, NULL, 18, '2023-02-09 19:01:22', 27),
	(795, '0de8e5c15933f36819b25373b4a27376.gif', b'0', NULL, NULL, 18, '2023-02-09 19:01:22', 27),
	(796, '0e29cf0849e01f11741c730864a1b6c5.gif', b'0', NULL, NULL, 18, '2023-02-09 19:01:22', 27),
	(797, '0ea8ea6fb783ae6116c916975409f53c.gif', b'0', NULL, NULL, 18, '2023-02-09 19:01:22', 27),
	(798, '0f87cb67767da545270ca05a99180350 (1).jpg', b'0', NULL, NULL, 18, '2023-02-09 19:01:23', 27),
	(799, '001ab6f55811cee50556418b78105a3f.gif', b'0', NULL, NULL, 18, '2023-02-09 19:01:23', 27),
	(800, '01a401a47620ca75497ba3844dfe39cd.gif', b'0', NULL, NULL, 18, '2023-02-09 19:01:23', 27),
	(801, '1a8ceabbfdd70bd0f9fda906bf1ea33c.gif', b'0', NULL, NULL, 18, '2023-02-09 19:01:23', 27),
	(802, '1a50bfc969f554e4019c7cdfbaebdab0.jpg', b'0', NULL, NULL, 18, '2023-02-09 19:01:23', 27),
	(803, '1a42145920af1e285bcd67c51668eb32.gif', b'0', NULL, NULL, 18, '2023-02-09 19:01:23', 27),
	(804, '1ab481c9a786c9178063b0a7ce3d70cf3ac75748.gif', b'0', NULL, NULL, 18, '2023-02-09 19:01:23', 27),
	(805, '1c6de07fca806538ce94510c9fdda144ad348237.gif', b'0', NULL, NULL, 18, '2023-02-09 19:01:23', 27),
	(806, '1c43e9a7ba667e5f18a4a1cbda569351.gif', b'0', NULL, NULL, 18, '2023-02-09 19:01:23', 27),
	(807, '1c49cf6d033251fa7f02ef8251f9a151.gif', b'0', NULL, NULL, 18, '2023-02-09 19:01:23', 27),
	(808, '1caa897e2df7a7d9869b4eceeda667d400c9a32928d278-mLNLva_fw658.gif', b'0', NULL, NULL, 18, '2023-02-09 19:01:23', 27),
	(809, '1d3f0475904e4dcb153c143c5f297a01.gif', b'0', NULL, NULL, 18, '2023-02-09 19:01:23', 27),
	(810, '1df96f2cfa327c2ea7f104bc579a3ad4.gif', b'0', NULL, NULL, 18, '2023-02-09 19:01:23', 27),
	(811, '1e5dc7dca144ad3485791e19d7a20cf433ad85ee.gif', b'0', NULL, NULL, 18, '2023-02-09 19:01:23', 27),
	(812, '1e13674354d44d42dfc67f307c7b1159.jpg', b'0', NULL, NULL, 18, '2023-02-09 19:01:23', 27),
	(813, '1ececaa7f57aa20970e9f967aa588199 (1).gif', b'0', NULL, NULL, 18, '2023-02-09 19:01:23', 27),
	(814, '1f4a56405389611dfecdbddd534b8290.gif', b'0', NULL, NULL, 18, '2023-02-09 19:01:23', 27),
	(815, '1f3785d5a67b2bc77b771436360a734c.gif', b'0', NULL, NULL, 18, '2023-02-09 19:01:23', 27),
	(816, '02cf9b124954092321e1e9619a58d109b2de49a1.gif', b'0', NULL, NULL, 18, '2023-02-09 19:01:23', 27),
	(817, '2b313a98852e0cfdaff5dea4fd9bdf4b.gif', b'0', NULL, NULL, 18, '2023-02-09 19:01:23', 27),
	(818, '2bf077a5d28e4eb1d3b344787b91eda3.gif', b'0', NULL, NULL, 18, '2023-02-09 19:01:23', 27),
	(819, '2c6d2fddb7e8c88eae47de0e8e2f6ef6ab826bf41a386-MBpBKm_fw658.gif', b'0', NULL, NULL, 18, '2023-02-09 19:01:23', 27),
	(820, '2cd9d283b656753f15a944b33acc9010.gif', b'0', NULL, NULL, 18, '2023-02-09 19:01:23', 27),
	(821, '2da75a152981e117c66a43c78979be73.jpg', b'0', NULL, NULL, 18, '2023-02-09 19:01:23', 27),
	(822, '2ef0e6649c833ae65d78e3cab875c4ee.gif', b'0', NULL, NULL, 18, '2023-02-09 19:01:23', 27),
	(823, '2f0462af4c5fd08ca0aeffed692d0773.gif', b'0', NULL, NULL, 18, '2023-02-09 19:01:23', 27),
	(824, '2f9258fb513d2697f3e59f425dfbb2fb4316d87f.gif', b'0', NULL, NULL, 18, '2023-02-09 19:01:23', 27),
	(825, '3a26ad4cd576d7f3bf0c51707c38c99b.gif', b'0', NULL, NULL, 18, '2023-02-09 19:01:23', 27),
	(826, '3b6165c4504d408761e3d400b999b71a.gif', b'0', NULL, NULL, 18, '2023-02-09 19:01:23', 27),
	(827, '3c9e3875832a07b1014847e33756036f.gif', b'0', NULL, NULL, 18, '2023-02-09 19:01:23', 27),
	(828, '3c65e050f819861835bdf9f442ed2e738ad4e643.gif', b'0', NULL, NULL, 18, '2023-02-09 19:01:23', 27),
	(829, '3dc55e55f6e39ad14dbd55f52a1cdfcf.gif', b'0', NULL, NULL, 18, '2023-02-09 19:01:23', 27),
	(830, '3e919ec9c0ff5be37eadac4213246f41.gif', b'0', NULL, NULL, 18, '2023-02-09 19:01:23', 27),
	(831, '3f5a66ca50f1a493166257e0e5719b8a2f8b98313cb4c4-desWkG_fw658.gif', b'0', NULL, NULL, 18, '2023-02-09 19:01:23', 27),
	(832, '4abca31d55e5a94cf2c65b68d61db217.gif', b'0', NULL, NULL, 18, '2023-02-09 19:01:23', 27),
	(833, '4aec16d35232ffdc5f66f6c97fb2e8ad.gif', b'0', NULL, NULL, 18, '2023-02-09 19:01:23', 27),
	(834, '4c83ac029245d688dfb7593aa3c27d1ed31b2472.gif', b'0', NULL, NULL, 18, '2023-02-09 19:01:23', 27),
	(835, '4c516ace1c9854da618c278cee78ae7d.gif', b'0', NULL, NULL, 18, '2023-02-09 19:01:23', 27),
	(836, '4cd9cefe9925bc317801dc355edf8db1ca1370ef.jpg', b'0', NULL, NULL, 18, '2023-02-09 19:01:23', 27),
	(837, '4e5cda236c4a01f2876e27a3e565acea (1).gif', b'0', NULL, NULL, 18, '2023-02-09 19:01:23', 27),
	(838, '4e65df4bd5759f9170beaae5f7ec77b8.gif', b'0', NULL, NULL, 18, '2023-02-09 19:01:23', 27),
	(839, '4fd1d245b0a01b86134ac4d144b45539.gif', b'0', NULL, NULL, 18, '2023-02-09 19:01:23', 27),
	(840, '05df082b6363974d8d12ad6ca8c55460.gif', b'0', NULL, NULL, 18, '2023-02-09 19:01:23', 27),
	(841, '5b41d795a4c27d1eddaad05a1cd5ad6edcc4381b.gif', b'0', NULL, NULL, 18, '2023-02-09 19:01:23', 27),
	(842, '5ba29a8ecccccaebae5b0b9b9e0f4d8d.gif', b'0', NULL, NULL, 18, '2023-02-09 19:01:23', 27),
	(843, '5bcb6b05de48d60e2fe61ee61bad4b03.jpg', b'0', NULL, NULL, 18, '2023-02-09 19:01:23', 27),
	(844, '5ca23fc342e858dc491980edb27c368a.gif', b'0', NULL, NULL, 18, '2023-02-09 19:01:23', 27),
	(845, '5d53aff2821f77be679bc859e3c33b3b.gif', b'0', NULL, NULL, 18, '2023-02-09 19:01:23', 27),
	(846, '5d62d3f0345d2d2b65b616747efa9d51c9840e7859b00-L4pl06_fw658.gif', b'0', NULL, NULL, 18, '2023-02-09 19:01:23', 27),
	(847, '5f9e481b3d3a405ce794b811c94faf1c.gif', b'0', NULL, NULL, 18, '2023-02-09 19:01:23', 27),
	(848, '5f70d9570eddc2bacad127d9b4273000.gif', b'0', NULL, NULL, 18, '2023-02-09 19:01:23', 27),
	(849, '5f685925ab18972bee4cf5d5eecd7b899e510a3e.gif', b'0', NULL, NULL, 18, '2023-02-09 19:01:23', 27),
	(850, '006qbze1gw1f83p8aph06g30go09fx6r.gif', b'0', NULL, NULL, 18, '2023-02-09 19:01:23', 27),
	(851, '006qbze1gw1f83p8ibx97g30go09f4qs.gif', b'0', NULL, NULL, 18, '2023-02-09 19:01:23', 27),
	(852, '006qbze1gw1f83p8wrfe1g30go09fu13.gif', b'0', NULL, NULL, 18, '2023-02-09 19:01:23', 27),
	(853, '006qbze1gw1f83p9nmvkdg30go09fb2d.gif', b'0', NULL, NULL, 18, '2023-02-09 19:01:23', 27),
	(854, '006qbze1gw1f83p9y922tg30go09fnpg.gif', b'0', NULL, NULL, 18, '2023-02-09 19:01:23', 27),
	(855, '006qbze1gw1f83p95uk81g30go09fnpg.gif', b'0', NULL, NULL, 18, '2023-02-09 19:01:23', 27),
	(856, '006qbze1gw1f83p844uwag30go09fhdv.gif', b'0', NULL, NULL, 18, '2023-02-09 19:01:23', 27),
	(857, '006qbze1gw1f83pahkcz5g30go09fu15.gif', b'0', NULL, NULL, 18, '2023-02-09 19:01:23', 27),
	(858, '06b334e5b53bbf9977774a3b7594cf64.gif', b'0', NULL, NULL, 18, '2023-02-09 19:01:23', 27),
	(859, '6af6ccfc8e76eb7ec7cf08b4721442ea.gif', b'0', NULL, NULL, 18, '2023-02-09 19:01:23', 27),
	(860, '6af7494d96d4ba04ba5785dcceaea271.gif', b'0', NULL, NULL, 18, '2023-02-09 19:01:23', 27),
	(861, '6b93eb157e1449d0e4b6fca1b0f723c3.gif', b'0', NULL, NULL, 18, '2023-02-09 19:01:23', 27),
	(862, '6c88dcd78b8f7358526caee1bcd0b6b1.gif', b'0', NULL, NULL, 18, '2023-02-09 19:01:23', 27),
	(863, '6c2146fa236ee496efea59ed9e37a8b5.gif', b'0', NULL, NULL, 18, '2023-02-09 19:01:23', 27),
	(864, '6c47803fed6b162b5ab00fb95cb2402a.gif', b'0', NULL, NULL, 18, '2023-02-09 19:01:23', 27),
	(865, '6cfb6bfb10e6bf05bee7cd351abb0e93.gif', b'0', NULL, NULL, 18, '2023-02-09 19:01:23', 27),
	(866, '6da669785de2b6d216f04aee0e86c0ec.gif', b'0', NULL, NULL, 18, '2023-02-09 19:01:23', 27),
	(867, '6e7c7c48137041de80c238b61fc20808.gif', b'0', NULL, NULL, 18, '2023-02-09 19:01:23', 27),
	(868, '6f8a0e21387790da33846e6132da25df.gif', b'0', NULL, NULL, 18, '2023-02-09 19:01:23', 27),
	(869, '07cb34446e60917cdf83087176e907c4.gif', b'0', NULL, NULL, 18, '2023-02-09 19:01:23', 27),
	(870, '07d09ec76b61f602b528bdd9dcadcf33.jpg', b'0', NULL, NULL, 18, '2023-02-09 19:01:23', 27),
	(871, '7a11f1fff546eddb6c03d3e2eb5a5367.gif', b'0', NULL, NULL, 18, '2023-02-09 19:01:23', 27),
	(872, '7a542e07f369ca83a9a90caa987ac4f8.jpg', b'0', NULL, NULL, 18, '2023-02-09 19:01:23', 27),
	(873, '7aa2a8b4075e16d3364ab3351899dfaca4ca1e0d29c067-uYKW7h_fw658.gif', b'0', NULL, NULL, 18, '2023-02-09 19:01:23', 27),
	(874, '7ad4659d2fbfbd024740bea9361031b6.gif', b'0', NULL, NULL, 18, '2023-02-09 19:01:23', 27),
	(875, '7adb988c85488dd4f8c8459ea7d73a48.gif', b'0', NULL, NULL, 18, '2023-02-09 19:01:23', 27),
	(876, '7b5ddab7378cd57d952fb98f8055b043.gif', b'0', NULL, NULL, 18, '2023-02-09 19:01:23', 27),
	(877, '7b607f0fd9f9d72ab934cdb0d42a2834359bbbfc.jpg', b'0', NULL, NULL, 18, '2023-02-09 19:01:23', 27),
	(878, '7c87dae3f19bb8549224bdfba8c44f05.gif', b'0', NULL, NULL, 18, '2023-02-09 19:01:23', 27),
	(879, '7c682a1a906d9cec0039274d288716c8.gif', b'0', NULL, NULL, 18, '2023-02-09 19:01:23', 27),
	(880, '7ce6bc157ffa8aec58af25a4f4fa335d.gif', b'0', NULL, NULL, 18, '2023-02-09 19:01:23', 27),
	(881, '7d3be388feb74fa959e6f8d07b542ec5.gif', b'0', NULL, NULL, 18, '2023-02-09 19:01:23', 27),
	(882, '7ea5d41f42775505024fe81ff8d16864.gif', b'0', NULL, NULL, 18, '2023-02-09 19:01:23', 27),
	(883, '7ef094cc42598c831a79206df0e5609a35559e7114f129-RVPivW_fw658.gif', b'0', NULL, NULL, 18, '2023-02-09 19:01:23', 27),
	(884, '7fff580da7ebff3398b1dea6990a6f44.gif', b'0', NULL, NULL, 18, '2023-02-09 19:01:23', 27),
	(885, '08cefca26bd8b5622f2cd170aa310967.gif', b'0', NULL, NULL, 18, '2023-02-09 19:01:23', 27),
	(886, '8a378e30e4a002af2b2a45a81c591cd0.gif', b'0', NULL, NULL, 18, '2023-02-09 19:01:23', 27),
	(887, '8b7a8283555bc5aef089bd453b84f376.gif', b'0', NULL, NULL, 18, '2023-02-09 19:01:23', 27),
	(888, '8b798ec0b62a0c254bd98288f19a6a9f.gif', b'0', NULL, NULL, 18, '2023-02-09 19:01:23', 27),
	(889, '8bdcc9e0eb679e44db4aa51d727fb92e.gif', b'0', NULL, NULL, 18, '2023-02-09 19:01:23', 27),
	(890, '8c450bb4c9ea15cee0114891b1003af33b87b22f.gif', b'0', NULL, NULL, 18, '2023-02-09 19:01:23', 27),
	(891, '8c3128f1f736afc30e62917abb19ebc4b64512c6.gif', b'0', NULL, NULL, 18, '2023-02-09 19:01:23', 27),
	(892, '8d33389b2af9e1303a6ce2cbca073573.gif', b'0', NULL, NULL, 18, '2023-02-09 19:01:23', 27),
	(893, '8dceac89572bc933cb797ebe5168dbf0.gif', b'0', NULL, NULL, 18, '2023-02-09 19:01:23', 27),
	(894, '8e20928721ffe53e7e1f5f7c3a7f180e.gif', b'0', NULL, NULL, 18, '2023-02-09 19:01:23', 27),
	(895, '8eb67ea40bbe54e2ce2908317f2312e6.gif', b'0', NULL, NULL, 18, '2023-02-09 19:01:23', 27),
	(896, '8ebcfe1da695fc6ca49c1429bb0a61c1.gif', b'0', NULL, NULL, 18, '2023-02-09 19:01:23', 27),
	(897, '8ff6d21434330f7573906483c3261cd8.gif', b'0', NULL, NULL, 18, '2023-02-09 19:01:23', 27),
	(898, '8ffc17706acd4391ca2eddb4e6bc28e8.jpg', b'0', NULL, NULL, 18, '2023-02-09 19:01:23', 27),
	(899, '09d956b3879577c4436467283b9a6b7b.gif', b'0', NULL, NULL, 18, '2023-02-09 19:01:23', 27),
	(900, '9d19347e705cd292d1f642749139a515.gif', b'0', NULL, NULL, 18, '2023-02-09 19:01:23', 27),
	(901, '9f1e173a7294322d5d23a9c398de7c5a.gif', b'0', NULL, NULL, 18, '2023-02-09 19:01:23', 27),
	(902, '9f2c968c6ba939988b9c4deceb192a63.gif', b'0', NULL, NULL, 18, '2023-02-09 19:01:23', 27),
	(903, '10c756b712cd1cd1cac82cb3bc8d8524.gif', b'0', NULL, NULL, 18, '2023-02-09 19:01:23', 27),
	(904, '10d31d2ae82a7b090d68e9e1cecd9fa1.gif', b'0', NULL, NULL, 18, '2023-02-09 19:01:23', 27),
	(905, '13f55fd27601468bd3e783b9ef61598f-sz_2748880.gif', b'0', NULL, NULL, 18, '2023-02-09 19:01:23', 27),
	(906, '13fc8159ccbf6c81ca4f6270bb3eb13532fa40a9.gif', b'0', NULL, NULL, 18, '2023-02-09 19:01:23', 27),
	(907, '17c98e9662b802c874e9416ad827c522.gif', b'0', NULL, NULL, 18, '2023-02-09 19:01:23', 27),
	(908, '17c56210eeaf49fad5a0b588dd77e860.gif', b'0', NULL, NULL, 18, '2023-02-09 19:01:23', 27),
	(909, '18a3f145ad3459827b5d6f8d04f431adcaef845e.gif', b'0', NULL, NULL, 18, '2023-02-09 19:01:23', 27),
	(910, '19a34cb58541e528d7e5ebc178f82457.gif', b'0', NULL, NULL, 18, '2023-02-09 19:01:23', 27),
	(911, '19ef0c5b3193fa5d0c286f36d658a1cb.gif', b'0', NULL, NULL, 18, '2023-02-09 19:01:23', 27),
	(912, '020b4cd0f703918f189ce067513d269758eec4ff.jpg', b'0', NULL, NULL, 18, '2023-02-09 19:01:23', 27),
	(913, '20bd29300a55b31988bd04eb44a98226cefc1763.gif', b'0', NULL, NULL, 18, '2023-02-09 19:01:23', 27),
	(914, '22a9ff0f9210602ed8c20a8d6c986e20.gif', b'0', NULL, NULL, 18, '2023-02-09 19:01:23', 27),
	(915, '27adad1e4134970a637459179dcad1c8a7865d06.gif', b'0', NULL, NULL, 18, '2023-02-09 19:01:23', 27),
	(916, '27ccb45a3ec60fd6292c37b36ae28be9.gif', b'0', NULL, NULL, 18, '2023-02-09 19:01:23', 27),
	(917, '031d8c083a96720444c51cea0fd1c1ec.gif', b'0', NULL, NULL, 18, '2023-02-09 19:01:23', 27),
	(918, '31b8ff70b41ef011bb67af7baf814d7a.jpg', b'0', NULL, NULL, 18, '2023-02-09 19:01:23', 27),
	(919, '32cfd67662505b3100a2f226f8472b9d.gif', b'0', NULL, NULL, 18, '2023-02-09 19:01:23', 27),
	(920, '33fd8c03607fc990e6ce8e3d1e71204c.gif', b'0', NULL, NULL, 18, '2023-02-09 19:01:23', 27),
	(921, '034edcf63dd2835611581bcdf0a81792.gif', b'0', NULL, NULL, 18, '2023-02-09 19:01:23', 27),
	(922, '35df9d10728b4710f48a5d52c4cec3fdfd032302.gif', b'0', NULL, NULL, 18, '2023-02-09 19:01:23', 27),
	(923, '36c49db7d8a3ba896968aa1eb69fe248.gif', b'0', NULL, NULL, 18, '2023-02-09 19:01:23', 27),
	(924, '36ed42ee05762b8b9be2cb35276beebd.jpg', b'0', NULL, NULL, 18, '2023-02-09 19:01:23', 27),
	(925, '36edc98a3c2e82d72b8b8c2bf3bcd7ff.gif', b'0', NULL, NULL, 18, '2023-02-09 19:01:23', 27),
	(926, '36f7a0c05b66f4421367c54367f81d33.gif', b'0', NULL, NULL, 18, '2023-02-09 19:01:23', 27),
	(927, '37c92ae5992cf9a858a6fd22967beabe.jpg', b'0', NULL, NULL, 18, '2023-02-09 19:01:23', 27),
	(928, '39e41ae5d1ec161e08c7c544d8931d14509717a3e6115-PRDzJu_fw658.gif', b'0', NULL, NULL, 18, '2023-02-09 19:01:23', 27),
	(929, '42b777fd990120d32eda97c6e4881308.gif', b'0', NULL, NULL, 18, '2023-02-09 19:01:23', 27),
	(930, '45fe35390cd791237456006ba5345982b3b780ff.gif', b'0', NULL, NULL, 18, '2023-02-09 19:01:23', 27),
	(931, '46ac1728447d2d2338765bd06003c168.gif', b'0', NULL, NULL, 18, '2023-02-09 19:01:23', 27),
	(932, '47bb77ee3d6d55fb0d68ab8b6d224f4a21a4dd9a.jpg', b'0', NULL, NULL, 18, '2023-02-09 19:01:23', 27),
	(933, '49f6af0cfce79fc42304134bbb46930b.gif', b'0', NULL, NULL, 18, '2023-02-09 19:01:23', 27),
	(934, '50fc1af00b7e509801c541eb16131ce3.jpg', b'0', NULL, NULL, 18, '2023-02-09 19:01:23', 27),
	(935, '52c5f7230986391d723d2b23d95ede73.gif', b'0', NULL, NULL, 18, '2023-02-09 19:01:23', 27),
	(936, '53ade3dcd799df515e61dbe72f8b0db8.gif', b'0', NULL, NULL, 18, '2023-02-09 19:01:23', 27),
	(937, '54c802a4a6d04422ca34b691cf95833319a3496e33201f-jtlLMJ_fw658.gif', b'0', NULL, NULL, 18, '2023-02-09 19:01:23', 27),
	(938, '55b5f21b12f0b000959961d068f9ff2b.gif', b'0', NULL, NULL, 18, '2023-02-09 19:01:23', 27),
	(939, '58b8e0413435942b91ec94a5d9adf028.gif', b'0', NULL, NULL, 18, '2023-02-09 19:01:23', 27),
	(940, '59f6843e8794a4c22a1b47b509f41bd5ac6e39f7.gif', b'0', NULL, NULL, 18, '2023-02-09 19:01:23', 27),
	(941, '63a4c6f60216894146e222d1b46d5a59.gif', b'0', NULL, NULL, 18, '2023-02-09 19:01:23', 27),
	(942, '64cc70779681bddd4b9d0c53b2cff1a6.gif', b'0', NULL, NULL, 18, '2023-02-09 19:01:23', 27),
	(943, '64e0b5c921ae3f0d08cd0bd280d76d06.gif', b'0', NULL, NULL, 18, '2023-02-09 19:01:23', 27),
	(944, '65add9483a450f1d66d08e29b5b9ab4d.gif', b'0', NULL, NULL, 18, '2023-02-09 19:01:23', 27),
	(945, '65f264c42da2bb6f9906735b1d7eb656.gif', b'0', NULL, NULL, 18, '2023-02-09 19:01:23', 27),
	(946, '066ab1898e8dd8fafba2a425c1e48317.gif', b'0', NULL, NULL, 18, '2023-02-09 19:01:23', 27),
	(947, '66b4482048806a1c46eccaec9b014423-sz_2909446.gif', b'0', NULL, NULL, 18, '2023-02-09 19:01:23', 27),
	(948, '69c168350a842bbf25801daf7c09ae55.gif', b'0', NULL, NULL, 18, '2023-02-09 19:01:23', 27),
	(949, '70c9af90a498ccfe335e696c91ad8bee.gif', b'0', NULL, NULL, 18, '2023-02-09 19:01:23', 27),
	(950, '74f82baa87df7bcd5bbe000197073467.gif', b'0', NULL, NULL, 18, '2023-02-09 19:01:23', 27),
	(951, '75b58a667d5a0681927cad6951f04f1f.gif', b'0', NULL, NULL, 18, '2023-02-09 19:01:23', 27),
	(952, '76b8ea7c8a31b0f5e8184c2d401d9430.gif', b'0', NULL, NULL, 18, '2023-02-09 19:01:23', 27),
	(953, '77b0db450971b36b0a57c272122c48502c72ad5c3fd2ce-Ff1Gjk_fw658.gif', b'0', NULL, NULL, 18, '2023-02-09 19:01:23', 27),
	(954, '80cd5f2542a7d9339ded7f6ca54bd11372f001e3.gif', b'0', NULL, NULL, 18, '2023-02-09 19:01:23', 27),
	(955, '81f937cegy1fghhe88viaj20l60synax.jpg', b'0', NULL, NULL, 18, '2023-02-09 19:01:23', 27),
	(956, '81f937cegy1fghhea7bobj20nt0x5ng0.jpg', b'0', NULL, NULL, 18, '2023-02-09 19:01:23', 27),
	(957, '81f937cegy1fghhebsoluj20ph0zincu.jpg', b'0', NULL, NULL, 18, '2023-02-09 19:01:23', 27),
	(958, '81f937cegy1fghhecjuxdj20ln0rdk2c.jpg', b'0', NULL, NULL, 18, '2023-02-09 19:01:23', 27),
	(959, '81f937cegy1fghhedfqkyj20m20t6157.jpg', b'0', NULL, NULL, 18, '2023-02-09 19:01:23', 27),
	(960, '81f937cejw1ey773zzq4cj20fm0cm0tt.jpg', b'0', NULL, NULL, 18, '2023-02-09 19:01:23', 27),
	(961, '81f937cejw1ey7744viaxj20f00cmmyb.jpg', b'0', NULL, NULL, 18, '2023-02-09 19:01:23', 27),
	(962, '81f937cejw1ey7745fy9kj20h20cmq47.jpg', b'0', NULL, NULL, 18, '2023-02-09 19:01:23', 27),
	(963, '81f937cejw1ey7745t1q8j20f40cmmyd.jpg', b'0', NULL, NULL, 18, '2023-02-09 19:01:23', 27),
	(964, '81f937cejw1ey7746gp9ij20g40ce756.jpg', b'0', NULL, NULL, 18, '2023-02-09 19:01:23', 27),
	(965, '81f937cejw1ey7746ornsj20fd0cmwfp.jpg', b'0', NULL, NULL, 18, '2023-02-09 19:01:23', 27),
	(966, '81f937cejw1ey77457h5oj20ht0cmt9x.jpg', b'0', NULL, NULL, 18, '2023-02-09 19:01:23', 27),
	(967, '81f937cejw1ey77462umrj20fh0cmt9r.jpg', b'0', NULL, NULL, 18, '2023-02-09 19:01:23', 27),
	(968, '81jTuzX9T8L.jpg', b'0', NULL, NULL, 18, '2023-02-09 19:01:23', 27),
	(969, '81mcHb%2BZbKL.jpg', b'0', NULL, NULL, 18, '2023-02-09 19:01:23', 27),
	(970, '81nutaRYUzL.jpg', b'0', NULL, NULL, 18, '2023-02-09 19:01:23', 27),
	(971, '81pESWJoYAL.jpg', b'0', NULL, NULL, 18, '2023-02-09 19:01:24', 27),
	(972, '81wiQBYu7RL.jpg', b'0', NULL, NULL, 18, '2023-02-09 19:01:24', 27),
	(973, '81ZDPc8LcJL.jpg', b'0', NULL, NULL, 18, '2023-02-09 19:01:24', 27),
	(974, '83b6a5833cdf8b2ad07cfee443cbc238.gif', b'0', NULL, NULL, 18, '2023-02-09 19:01:24', 27),
	(975, '87a6725a6f77ef76a6c2f71af2f71af8.jpg', b'0', NULL, NULL, 18, '2023-02-09 19:01:24', 27),
	(976, '87f54e5dafc81e371e2e57218ed60b84.gif', b'0', NULL, NULL, 18, '2023-02-09 19:01:24', 27),
	(977, '93b945dd0ad3488b21e8152ba739bd19.gif', b'0', NULL, NULL, 18, '2023-02-09 19:01:24', 27),
	(978, '93d960f6fa232a66fa7318f8b11a29fb.gif', b'0', NULL, NULL, 18, '2023-02-09 19:01:24', 27),
	(979, '94b70d86c28326cb7223576049e7d385.gif', b'0', NULL, NULL, 18, '2023-02-09 19:01:24', 27),
	(980, '95cac4482f506b56a7f1c34d414e0cf6.gif', b'0', NULL, NULL, 18, '2023-02-09 19:01:24', 27),
	(981, '99d4c3babf2e3f913ebdbd3fa659b664.gif', b'0', NULL, NULL, 18, '2023-02-09 19:01:24', 27),
	(982, '126a66d85d679b98bd8f5fc0b9f60f57.gif', b'0', NULL, NULL, 18, '2023-02-09 19:01:24', 27),
	(983, '157db6cfc0e3b072c9793e2a01f8a479.jpg', b'0', NULL, NULL, 18, '2023-02-09 19:01:24', 27),
	(984, '215e205fa2ed63f810b1eb3d0f33a01d.gif', b'0', NULL, NULL, 18, '2023-02-09 19:01:24', 27),
	(985, '261b6dd69f8d5f88a996fd6d7159e3c3.gif', b'0', NULL, NULL, 18, '2023-02-09 19:01:24', 27),
	(986, '292a5ef6c993ccc022248c2df590e16a.gif', b'0', NULL, NULL, 18, '2023-02-09 19:01:24', 27),
	(987, '316da8faf2cccc5b9d4c9746485685f0.gif', b'0', NULL, NULL, 18, '2023-02-09 19:01:24', 27),
	(988, '325ce4344d05b6fadd892c86c25b6748.gif', b'0', NULL, NULL, 18, '2023-02-09 19:01:24', 27),
	(989, '0340fd687f8bfdfb0f63bbc9ac16957f.gif', b'0', NULL, NULL, 18, '2023-02-09 19:01:24', 27),
	(990, '352a65d9de7de5db1bc56ef4e76a687f.gif', b'0', NULL, NULL, 18, '2023-02-09 19:01:24', 27),
	(991, '352d5b6a0bb10d2e535ae8abe98ab71010566fe51e2db7-D8Wq5l_fw658.gif', b'0', NULL, NULL, 18, '2023-02-09 19:01:24', 27),
	(992, '375c2e9e9f44a60e9f520d16b66f7002.gif', b'0', NULL, NULL, 18, '2023-02-09 19:01:24', 27),
	(993, '383fb7147241d93bba86a8a6dfe02796.gif', b'0', NULL, NULL, 18, '2023-02-09 19:01:24', 27),
	(994, '409b05416dded24bc4f77362423b24eb.gif', b'0', NULL, NULL, 18, '2023-02-09 19:01:24', 27),
	(995, '431f90932f9c5f016ebaeebb66f28512.gif', b'0', NULL, NULL, 18, '2023-02-09 19:01:24', 27),
	(996, '450ccddb28efb549209505654fde0ce08c2b47413d66d-ZyV6oW_fw658.gif', b'0', NULL, NULL, 18, '2023-02-09 19:01:24', 27),
	(997, '460f9a0ebd88986065578d43e0913353.jpg', b'0', NULL, NULL, 18, '2023-02-09 19:01:24', 27),
	(998, '0462aedd226cc44115fde69455f1e95a.gif', b'0', NULL, NULL, 18, '2023-02-09 19:01:24', 27),
	(999, '486d781a53ffe279aa60dcb9eaf8652b (1).jpg', b'0', NULL, NULL, 18, '2023-02-09 19:01:24', 27),
	(1000, '486d781a53ffe279aa60dcb9eaf8652b.jpg', b'0', NULL, NULL, 18, '2023-02-09 19:01:24', 27),
	(1001, '494afccf393e5dee4117f296907fa374.jpg', b'0', NULL, NULL, 18, '2023-02-09 19:01:24', 27),
	(1002, '583e0de769c9ba1d1d122a89ba8d7694.gif', b'0', NULL, NULL, 18, '2023-02-09 19:01:24', 27),
	(1003, '585b076846a3a0232e358d8f57009c33.jpg', b'0', NULL, NULL, 18, '2023-02-09 19:01:24', 27),
	(1004, '608e22a2ecc5f9d9f4c1f0a286ae052b.gif', b'0', NULL, NULL, 18, '2023-02-09 19:01:24', 27),
	(1005, '647b8086b64cf3c60bd66a9a82ceeb7ce9e06e0722959-XTxVpa_fw658.gif', b'0', NULL, NULL, 18, '2023-02-09 19:01:24', 27),
	(1006, '665ae898a9014c08360dfdba027b02087bf4f47f.gif', b'0', NULL, NULL, 18, '2023-02-09 19:01:24', 27),
	(1007, '671d9396bafbfcaf2de204d79b292736.gif', b'0', NULL, NULL, 18, '2023-02-09 19:01:24', 27),
	(1008, '715ae799effddc8274bdee340fdf2f42.gif', b'0', NULL, NULL, 18, '2023-02-09 19:01:24', 27),
	(1009, '737dc244d688d43faef264ed751ed21b0ff43bd1.gif', b'0', NULL, NULL, 18, '2023-02-09 19:01:24', 27),
	(1010, '746cc8bfb2a5ab794b4264b157e58b14.gif', b'0', NULL, NULL, 18, '2023-02-09 19:01:24', 27),
	(1011, '770dfe7d7fe54f504a5d2c34e2a49c16.gif', b'0', NULL, NULL, 18, '2023-02-09 19:01:24', 27),
	(1012, '787dc18ea0ec08fafe28bdb851ee3d6d55fbda01.gif', b'0', NULL, NULL, 18, '2023-02-09 19:01:24', 27),
	(1013, '790bbdc0f91b7639bd380f48f6428b8c.gif', b'0', NULL, NULL, 18, '2023-02-09 19:01:24', 27),
	(1014, '794f44dc91f91c35940b303f6b08e5ad.gif', b'0', NULL, NULL, 18, '2023-02-09 19:01:24', 27),
	(1015, '798db5a0f367d49990ec34b1212b262a (1).gif', b'0', NULL, NULL, 18, '2023-02-09 19:01:24', 27),
	(1016, '798db5a0f367d49990ec34b1212b262a.gif', b'0', NULL, NULL, 18, '2023-02-09 19:01:24', 27),
	(1017, '805ceb14b468f5afebb7b14b24171c41.jpg', b'0', NULL, NULL, 18, '2023-02-09 19:01:24', 27),
	(1018, '816dB%2BSZZcL.jpg', b'0', NULL, NULL, 18, '2023-02-09 19:01:24', 27),
	(1019, '819y-WEqfML.jpg', b'0', NULL, NULL, 18, '2023-02-09 19:01:24', 27),
	(1020, '828be2d43b7587ba3745639eaf08dddf.jpg', b'0', NULL, NULL, 18, '2023-02-09 19:01:24', 27),
	(1021, '838a61accbef7609aac7018026dda3cc7dd99e65.gif', b'0', NULL, NULL, 18, '2023-02-09 19:01:24', 27),
	(1022, '857cdbb0c770c9b205b7417d28c23372.gif', b'0', NULL, NULL, 18, '2023-02-09 19:01:24', 27),
	(1023, '864b3d2bd74da347adda7d3d65bd5307 (1).gif', b'0', NULL, NULL, 18, '2023-02-09 19:01:24', 27),
	(1024, '864b3d2bd74da347adda7d3d65bd5307.gif', b'0', NULL, NULL, 18, '2023-02-09 19:01:24', 27),
	(1025, '868dba1b0fed719c4014649275b85364.gif', b'0', NULL, NULL, 18, '2023-02-09 19:01:24', 27),
	(1026, '893f9bf02b748d89f2374b181fa0078e.gif', b'0', NULL, NULL, 18, '2023-02-09 19:01:24', 27),
	(1027, '961f99331ef78cedeeece006b0782acc.gif', b'0', NULL, NULL, 18, '2023-02-09 19:01:24', 27),
	(1028, '962fbf8fa0ec08faeb55ce0a59ee3d6d54fbdaf7.jpg', b'0', NULL, NULL, 18, '2023-02-09 19:01:24', 27),
	(1029, '1149a9b139718e8cfef4311ed2b41346.gif', b'0', NULL, NULL, 18, '2023-02-09 19:01:24', 27),
	(1030, '3102a2d9e3ec6a59b1928e503ac778a8.gif', b'0', NULL, NULL, 18, '2023-02-09 19:01:24', 27),
	(1031, '4372b0bff0d67f44710fc87371fdd94e.gif', b'0', NULL, NULL, 18, '2023-02-09 19:01:24', 27),
	(1032, '4446edf8a9eae28dd5767e95eb39e54d.jpg', b'0', NULL, NULL, 18, '2023-02-09 19:01:24', 27),
	(1033, '5098e211182669df2dd8f98efdcd871b.jpg', b'0', NULL, NULL, 18, '2023-02-09 19:01:24', 27),
	(1034, '6900ed973160c3d2558ded6877bfab15.gif', b'0', NULL, NULL, 18, '2023-02-09 19:01:24', 27),
	(1035, '7229eb92552fa8125bdd75591181cd65.gif', b'0', NULL, NULL, 18, '2023-02-09 19:01:24', 27),
	(1036, '7428f438b329f07862d2e4600caf6600.gif', b'0', NULL, NULL, 18, '2023-02-09 19:01:24', 27),
	(1037, '7555bc3bae6cc243bc6f323977fb021c.gif', b'0', NULL, NULL, 18, '2023-02-09 19:01:24', 27),
	(1038, '7555f4b7a3d675bf586c5fe5126e50e6.gif', b'0', NULL, NULL, 18, '2023-02-09 19:01:24', 27),
	(1039, '7848ffc279310a5539c461ccbf4543a9832610a1.gif', b'0', NULL, NULL, 18, '2023-02-09 19:01:24', 27),
	(1040, '8182e6b40c1fc813f7f1ca31a868282e.gif', b'0', NULL, NULL, 18, '2023-02-09 19:01:24', 27),
	(1041, '9373ba515f77b3c06029156d25a95fab.gif', b'0', NULL, NULL, 18, '2023-02-09 19:01:24', 27),
	(1042, '9565bb8e1b479fea7d790540b6d6bcd6.gif', b'0', NULL, NULL, 18, '2023-02-09 19:01:24', 27),
	(1043, '9840cc89f362899b3e0ad5fc5c1ef2cc.gif', b'0', NULL, NULL, 18, '2023-02-09 19:01:24', 27),
	(1044, '17052efb6295de93f373d684fee73e7f.gif', b'0', NULL, NULL, 18, '2023-02-09 19:01:24', 27),
	(1045, '32897fd6aa6cc042d62aa3a54aebde9e.gif', b'0', NULL, NULL, 18, '2023-02-09 19:01:24', 27),
	(1046, '33971b5d3e8efea4c2ec2d20e732e285.gif', b'0', NULL, NULL, 18, '2023-02-09 19:01:24', 27),
	(1047, '44172d3e27284bd22278f69256eafde4.gif', b'0', NULL, NULL, 18, '2023-02-09 19:01:24', 27),
	(1048, '48940dd491b79e9018139b8057c4d6ef.jpg', b'0', NULL, NULL, 18, '2023-02-09 19:01:24', 27),
	(1049, '50525a13a0febcf1159e576217fa5b5c.gif', b'0', NULL, NULL, 18, '2023-02-09 19:01:24', 27),
	(1050, '72966e870bcc8819584265dadb6aa26a.gif', b'0', NULL, NULL, 18, '2023-02-09 19:01:24', 27),
	(1051, '74950f663f760fa776d403ee3c449f6b.jpg', b'0', NULL, NULL, 18, '2023-02-09 19:01:24', 27),
	(1052, '92689f562b1459df897fce94780a0bb0.gif', b'0', NULL, NULL, 18, '2023-02-09 19:01:24', 27),
	(1053, '123121.gif', b'0', NULL, NULL, 18, '2023-02-09 19:01:24', 27),
	(1054, '148492ae2981c8a6ea484dfc5997c0b1.jpg', b'0', NULL, NULL, 18, '2023-02-09 19:01:24', 27),
	(1055, '155048dc95d52121e022fe91c2826f2e.gif', b'0', NULL, NULL, 18, '2023-02-09 19:01:24', 27),
	(1056, '182224z1ot9umi5911avt4.gif', b'0', NULL, NULL, 18, '2023-02-09 19:01:24', 27),
	(1057, '204803b0tqqg70e07o65tt.gif', b'0', NULL, NULL, 18, '2023-02-09 19:01:24', 27),
	(1058, '204831mngfmodecv1ggvg8.gif', b'0', NULL, NULL, 18, '2023-02-09 19:01:24', 27),
	(1059, '204855g6b0s3euezcc2eqc.gif', b'0', NULL, NULL, 18, '2023-02-09 19:01:24', 27),
	(1060, '204918mhybpqbdmdrbdvdp.gif', b'0', NULL, NULL, 18, '2023-02-09 19:01:24', 27),
	(1061, '210536cba223a230646bb92ee9657887.jpg', b'0', NULL, NULL, 18, '2023-02-09 19:01:24', 27),
	(1062, '387497a7ec44f1e696f6b0d203dc8620.gif', b'0', NULL, NULL, 18, '2023-02-09 19:01:24', 27),
	(1063, '415949ff8468860ae3e10d2a7ace0f5c.gif', b'0', NULL, NULL, 18, '2023-02-09 19:01:24', 27),
	(1064, '464320ce3bc79f3dc3bf712fb2a1cd11738b29d6.gif', b'0', NULL, NULL, 18, '2023-02-09 19:01:24', 27),
	(1065, '775115e195f75a85370ed9ee4dcaad1e.gif', b'0', NULL, NULL, 18, '2023-02-09 19:01:24', 27),
	(1066, '787301d455d9aeff3eda386f43db6f4e (1).gif', b'0', NULL, NULL, 18, '2023-02-09 19:01:24', 27),
	(1067, '787301d455d9aeff3eda386f43db6f4e.gif', b'0', NULL, NULL, 18, '2023-02-09 19:01:24', 27),
	(1068, '908597e9c6b9820adadd87a3678482ed.gif', b'0', NULL, NULL, 18, '2023-02-09 19:01:24', 27),
	(1069, '1874604f251f95ca2bf27fa9c1177f3e6709522e.gif', b'0', NULL, NULL, 18, '2023-02-09 19:01:24', 27),
	(1070, '1874604f251f95cafed4032ece177f3e66095280.gif', b'0', NULL, NULL, 18, '2023-02-09 19:01:24', 27),
	(1071, '2091224c440dfcc115e6e161be7b2086.gif', b'0', NULL, NULL, 18, '2023-02-09 19:01:24', 27),
	(1072, '2166454a8bd90d29373d4531a2ef34b4.gif', b'0', NULL, NULL, 18, '2023-02-09 19:01:24', 27),
	(1073, '9065569c673157344defe5979b7860ef.gif', b'0', NULL, NULL, 18, '2023-02-09 19:01:24', 27),
	(1074, '22306496e93ba51c1377e0652cab1c98c98d70e3836c1-J9RnXf_fw658.gif', b'0', NULL, NULL, 18, '2023-02-09 19:01:24', 27),
	(1075, '081385624c882bb43d1eceb1a1029fc4.gif', b'0', NULL, NULL, 18, '2023-02-09 19:01:24', 27),
	(1076, '514872556a6ca0f9b594fc381f386b33.gif', b'0', NULL, NULL, 18, '2023-02-09 19:01:24', 27),
	(1077, '72312837689ae375fa945f49ba500d46.gif', b'0', NULL, NULL, 18, '2023-02-09 19:01:24', 27),
	(1078, '72611135970a304e179a0be5d9c8a786c8175cf0.gif', b'0', NULL, NULL, 18, '2023-02-09 19:01:24', 27),
	(1079, '3379547418146f05500ea771cdddceac.gif', b'0', NULL, NULL, 18, '2023-02-09 19:01:24', 27),
	(1080, '55499282244064c8b9a8dcb264603b32e025438287af1-BJwtih_fw658.gif', b'0', NULL, NULL, 18, '2023-02-09 19:01:24', 27),
	(1081, 'a1be4cce1c7a718f036f6a9cc64a0d5e.gif', b'0', NULL, NULL, 18, '2023-02-09 19:01:24', 27),
	(1082, 'a3e3f2b46e94f8a90510a34bffd18bae.jpg', b'0', NULL, NULL, 18, '2023-02-09 19:01:24', 27),
	(1083, 'a9f86b67734bbacddd06496d21a200d2.gif', b'0', NULL, NULL, 18, '2023-02-09 19:01:24', 27),
	(1084, 'a11ddbe41690fe23d2b56a7d36cecfe8-sz_2097879.gif', b'0', NULL, NULL, 18, '2023-02-09 19:01:24', 27),
	(1085, 'a28bb0ff9925bc3165574fa056df8db1cb13707b.gif', b'0', NULL, NULL, 18, '2023-02-09 19:01:24', 27),
	(1086, 'a32c0ee6dac30daf7b983ed8226399a7.jpg', b'0', NULL, NULL, 18, '2023-02-09 19:01:24', 27),
	(1087, 'a39a7c70cc6cedd1d7f4b1cc2882246c.gif', b'0', NULL, NULL, 18, '2023-02-09 19:01:24', 27),
	(1088, 'a54b32150a759ef3e5ea53ec5b6458fb.gif', b'0', NULL, NULL, 18, '2023-02-09 19:01:24', 27),
	(1089, 'a85a8ba3a6a9f357b5736ff9f0b0f77e.gif', b'0', NULL, NULL, 18, '2023-02-09 19:01:24', 27),
	(1090, 'a235c04b32622b732df8f0fb25dff27b.gif', b'0', NULL, NULL, 18, '2023-02-09 19:01:24', 27),
	(1091, 'a6825637e3df4cdf7f3156fef6a2eb78.gif', b'0', NULL, NULL, 18, '2023-02-09 19:01:24', 27),
	(1092, 'ab0ce7051e70b1613b1706a898feec79.jpg', b'0', NULL, NULL, 18, '2023-02-09 19:01:24', 27),
	(1093, 'ab4facb7ce82c60679ab23ecc4603fce.gif', b'0', NULL, NULL, 18, '2023-02-09 19:01:24', 27),
	(1094, 'ac5c1bc891bf7f7ff1480535c1a8b688.gif', b'0', NULL, NULL, 18, '2023-02-09 19:01:24', 27),
	(1095, 'ac72b5f9b8e6f361cabdbe7f5d27709c0da6539d3f3d9-jl9Xpj_fw658 (1).gif', b'0', NULL, NULL, 18, '2023-02-09 19:01:24', 27),
	(1096, 'ac72b5f9b8e6f361cabdbe7f5d27709c0da6539d3f3d9-jl9Xpj_fw658.gif', b'0', NULL, NULL, 18, '2023-02-09 19:01:24', 27),
	(1097, 'acecd720cc24356a47d9a2a412929462.gif', b'0', NULL, NULL, 18, '2023-02-09 19:01:24', 27),
	(1098, 'acef5116fe4b7eea369bcf5c2d2ac87e.gif', b'0', NULL, NULL, 18, '2023-02-09 19:01:24', 27),
	(1099, 'ad55e3c1c94901f71001bfc20d7f23cf.jpg', b'0', NULL, NULL, 18, '2023-02-09 19:01:24', 27),
	(1100, 'ada84a90f77622152da8cce64d778a24.gif', b'0', NULL, NULL, 18, '2023-02-09 19:01:24', 27),
	(1101, 'ae56f592f55f8063977f589096989134.jpg', b'0', NULL, NULL, 18, '2023-02-09 19:01:24', 27),
	(1102, 'ae458ff462a56a047e732ecd90e3284f.gif', b'0', NULL, NULL, 18, '2023-02-09 19:01:24', 27),
	(1103, 'af4be2ab6d8d89fb9d08df483c143daf.gif', b'0', NULL, NULL, 18, '2023-02-09 19:01:24', 27),
	(1104, 'af127126a367b45f7e5b94409a8981c8.gif', b'0', NULL, NULL, 18, '2023-02-09 19:01:24', 27),
	(1105, 'afda162209f79052ab1f564e04f3d7ca7bcbd539.gif', b'0', NULL, NULL, 18, '2023-02-09 19:01:24', 27),
	(1106, 'b0ab19edcaa66672ef7b342bb9daa56b.gif', b'0', NULL, NULL, 18, '2023-02-09 19:01:24', 27),
	(1107, 'b1dc4e5df05f1977b8226311bddec6b2.gif', b'0', NULL, NULL, 18, '2023-02-09 19:01:24', 27),
	(1108, 'b3cdb8e1c2683043022e54f7dc5b81b1ffbd3e6f15a473-ocGt3l_fw658.gif', b'0', NULL, NULL, 18, '2023-02-09 19:01:24', 27),
	(1109, 'b04d2e346ac3b29758d8bad2f48c8bc3.gif', b'0', NULL, NULL, 18, '2023-02-09 19:01:24', 27),
	(1110, 'b4b8e8dfa13ec75514283d3d24631b18 (1).gif', b'0', NULL, NULL, 18, '2023-02-09 19:01:24', 27),
	(1111, 'b4d7ae4d801c20f8a7175a1bdb4fb856.gif', b'0', NULL, NULL, 18, '2023-02-09 19:01:24', 27),
	(1112, 'b4dd286b89fbe5d9beeede1540cdc3db.gif', b'0', NULL, NULL, 18, '2023-02-09 19:01:24', 27),
	(1113, 'b5b68523d9f60f6cca5a3c5b759ae11d.gif', b'0', NULL, NULL, 18, '2023-02-09 19:01:24', 27),
	(1114, 'b6a5e6fc5266d01650c935379f2bd40734fa3558.gif', b'0', NULL, NULL, 18, '2023-02-09 19:01:24', 27),
	(1115, 'b6c0955a9e80ad6664fe5e42bb150f81.gif', b'0', NULL, NULL, 18, '2023-02-09 19:01:24', 27),
	(1116, 'b6de911e614d1809a7079d500e047ae4.gif', b'0', NULL, NULL, 18, '2023-02-09 19:01:24', 27),
	(1117, 'b7ebdb236152938ec21ddc56d6b16cae.gif', b'0', NULL, NULL, 18, '2023-02-09 19:01:24', 27),
	(1118, 'b9e6746ee2af4b677d6ee19ededd8bca.gif', b'0', NULL, NULL, 18, '2023-02-09 19:01:24', 27),
	(1119, 'b39eae7c405e39ffc33aa4f94346dc4a.gif', b'0', NULL, NULL, 18, '2023-02-09 19:01:24', 27),
	(1120, 'b49ab4dc8a61d6db4a0164e5bbca32f7.gif', b'0', NULL, NULL, 18, '2023-02-09 19:01:24', 27),
	(1121, 'b50e41955e7282dd3c81ad5e8408b753.gif', b'0', NULL, NULL, 18, '2023-02-09 19:01:24', 27),
	(1122, 'b58d6a86e950352a90b633785b43fbf2b3118b6e.gif', b'0', NULL, NULL, 18, '2023-02-09 19:01:24', 27),
	(1123, 'b074e2bf6c81800a2c9f54a3b13533fa838b47d5.jpg', b'0', NULL, NULL, 18, '2023-02-09 19:01:24', 27),
	(1124, 'b74e92bef4541d9632edcb4966b7764d.gif', b'0', NULL, NULL, 18, '2023-02-09 19:01:24', 27),
	(1125, 'b233d0535d66fc1c0a60e4460a99d170.gif', b'0', NULL, NULL, 18, '2023-02-09 19:01:24', 27),
	(1126, 'b247aef5960bc18688969af6027f6d8f.gif', b'0', NULL, NULL, 18, '2023-02-09 19:01:24', 27),
	(1127, 'b321e6fe6f7bee66ff169e74d3cd3f8c.gif', b'0', NULL, NULL, 18, '2023-02-09 19:01:24', 27),
	(1128, 'b554da5abe1d61d3838f30d9bf952b8a.gif', b'0', NULL, NULL, 18, '2023-02-09 19:01:24', 27),
	(1129, 'b595b4c17730815d64afc0472640b983.gif', b'0', NULL, NULL, 18, '2023-02-09 19:01:24', 27),
	(1130, 'b655bfe78ec9786fbcd3f7250621111d.gif', b'0', NULL, NULL, 18, '2023-02-09 19:01:24', 27),
	(1131, 'b1340a5fb02631c8baa73c900f603605cdfac0173ffeb-GhHPq6_fw658.gif', b'0', NULL, NULL, 18, '2023-02-09 19:01:24', 27),
	(1132, 'b92730ed3d0d1d8b9b27c7a4db3f1c26.jpg', b'0', NULL, NULL, 18, '2023-02-09 19:01:24', 27),
	(1133, 'b781968c0a6aa0c6fd4188569392dbf7.gif', b'0', NULL, NULL, 18, '2023-02-09 19:01:25', 27),
	(1134, 'b42990937bfee6b586cf1976badd6a0f288e657538763d-Lea6Us_fw658.gif', b'0', NULL, NULL, 18, '2023-02-09 19:01:25', 27),
	(1135, 'b058656897cfb075af95908580cd162d (1).jpg', b'0', NULL, NULL, 18, '2023-02-09 19:01:25', 27),
	(1136, 'b058656897cfb075af95908580cd162d.jpg', b'0', NULL, NULL, 18, '2023-02-09 19:01:25', 27),
	(1137, 'bb0bd448b89d98e3893ca4d4c6da6c21.gif', b'0', NULL, NULL, 18, '2023-02-09 19:01:25', 27),
	(1138, 'bb362351c3b22c71660228f8572fc889.gif', b'0', NULL, NULL, 18, '2023-02-09 19:01:25', 27),
	(1139, 'bcfe4bd5931ef5b63ea3ce34687c6d12.jpg', b'0', NULL, NULL, 18, '2023-02-09 19:01:25', 27),
	(1140, 'BDM_123_FX_end of steam copie.jpg', b'0', NULL, NULL, 18, '2023-02-09 19:01:25', 27),
	(1141, 'be6715b859b59ae3b766665182833d43 (1).gif', b'0', NULL, NULL, 18, '2023-02-09 19:01:25', 27),
	(1142, 'c0ab535f1d7c71e4c24ad199aff71538.gif', b'0', NULL, NULL, 18, '2023-02-09 19:01:25', 27),
	(1143, 'c2b2b7d9f768c2a5aed08479d9ba787f.gif', b'0', NULL, NULL, 18, '2023-02-09 19:01:25', 27),
	(1144, 'c7ebec1b50ac32563697ff73908c2ad4.gif', b'0', NULL, NULL, 18, '2023-02-09 19:01:25', 27),
	(1145, 'c8de25b228a4ae97b22c0af247330b7364dfb74aa5d0f-34CtBj_fw658.gif', b'0', NULL, NULL, 18, '2023-02-09 19:01:25', 27),
	(1146, 'c9ba1f0a4a67b22edaca812af0d1e101.gif', b'0', NULL, NULL, 18, '2023-02-09 19:01:25', 27),
	(1147, 'c11c0a5c4d044e27127b016891df8412.gif', b'0', NULL, NULL, 18, '2023-02-09 19:01:25', 27),
	(1148, 'c39d0e5f4578bb77c5dc454c949561bb.gif', b'0', NULL, NULL, 18, '2023-02-09 19:01:25', 27),
	(1149, 'c49d75643491d128031f7d3e65acb25c.gif', b'0', NULL, NULL, 18, '2023-02-09 19:01:25', 27),
	(1150, 'c95d59f690529822cc1d96dcdfca7bcb0a46d407.gif', b'0', NULL, NULL, 18, '2023-02-09 19:01:25', 27),
	(1151, 'c327e73d37b1ec1246a45f8d5df5b35d.gif', b'0', NULL, NULL, 18, '2023-02-09 19:01:25', 27),
	(1152, 'c505baba08b5c425f8b27d01727c3130.gif', b'0', NULL, NULL, 18, '2023-02-09 19:01:25', 27),
	(1153, 'c978b6d1fc7beee0507274096087fcca.gif', b'0', NULL, NULL, 18, '2023-02-09 19:01:25', 27),
	(1154, 'c30895ef34c25d3df565f6d4735f608c.jpg', b'0', NULL, NULL, 18, '2023-02-09 19:01:25', 27),
	(1155, 'c66369d9cdfa925fac29bc90639b2cfa.gif', b'0', NULL, NULL, 18, '2023-02-09 19:01:25', 27),
	(1156, 'c99459352ff5e886a3865977db5429bd.gif', b'0', NULL, NULL, 18, '2023-02-09 19:01:25', 27),
	(1157, 'c0487425635d3ef34d25775f8d5deacc.gif', b'0', NULL, NULL, 18, '2023-02-09 19:01:25', 27),
	(1158, 'cc0f0f43a7037cc5e9b7f2c6190b261d.gif', b'0', NULL, NULL, 18, '2023-02-09 19:01:25', 27),
	(1159, 'cc781cca0848d052851d17b97395773c.gif', b'0', NULL, NULL, 18, '2023-02-09 19:01:25', 27),
	(1160, 'cd6f3bd9b5718962b21804edb5ad511e (1).gif', b'0', NULL, NULL, 18, '2023-02-09 19:01:25', 27),
	(1161, 'cd50db5d0971c88a2aed340d8615b843.gif', b'0', NULL, NULL, 18, '2023-02-09 19:01:25', 27),
	(1162, 'cd96044a135c73218553718b5c9439a8.gif', b'0', NULL, NULL, 18, '2023-02-09 19:01:25', 27),
	(1163, 'cd4860962ee60de6c10e0c9011ddaa0e.gif', b'0', NULL, NULL, 18, '2023-02-09 19:01:25', 27),
	(1164, 'ce3ed597567aa6ca42176a49c7e4fb7a (1).gif', b'0', NULL, NULL, 18, '2023-02-09 19:01:25', 27),
	(1165, 'ce4ac70b304e251f8e4267e7af86c9177e3e53f3.gif', b'0', NULL, NULL, 18, '2023-02-09 19:01:25', 27),
	(1166, 'ce7c09de8da8ba37757cda2eed691250.jpg', b'0', NULL, NULL, 18, '2023-02-09 19:01:25', 27),
	(1167, 'ce7ddddeb48f8c54898318823a292df5e1fe7ff3.jpg', b'0', NULL, NULL, 18, '2023-02-09 19:01:25', 27),
	(1168, 'ce27bebe6cc412d8392ad217f6e4a8e8.gif', b'0', NULL, NULL, 18, '2023-02-09 19:01:25', 27),
	(1169, 'cf7f4bf9006177e2f16d681616ded21f.gif', b'0', NULL, NULL, 18, '2023-02-09 19:01:25', 27),
	(1170, 'cf85efa2064e2a57ef4b9fd44a151f56.jpg', b'0', NULL, NULL, 18, '2023-02-09 19:01:25', 27),
	(1171, 'cfdf1d820f8398981074457c63e53458.gif', b'0', NULL, NULL, 18, '2023-02-09 19:01:25', 27),
	(1172, 'CFhsbDeVAAAZraw.jpg', b'0', NULL, NULL, 18, '2023-02-09 19:01:25', 27),
	(1173, 'contents_00.png', b'0', NULL, NULL, 18, '2023-02-09 19:01:25', 27),
	(1174, 'contents_02.png', b'0', NULL, NULL, 18, '2023-02-09 19:01:25', 27),
	(1175, 'contents_03.png', b'0', NULL, NULL, 18, '2023-02-09 19:01:25', 27),
	(1176, 'contents_04.png', b'0', NULL, NULL, 18, '2023-02-09 19:01:25', 27),
	(1177, 'contents_07.png', b'0', NULL, NULL, 18, '2023-02-09 19:01:25', 27),
	(1178, 'contents_09.png', b'0', NULL, NULL, 18, '2023-02-09 19:01:25', 27),
	(1179, 'contents_11.png', b'0', NULL, NULL, 18, '2023-02-09 19:01:25', 27),
	(1180, 'contents_12.png', b'0', NULL, NULL, 18, '2023-02-09 19:01:25', 27),
	(1181, 'contents_13.png', b'0', NULL, NULL, 18, '2023-02-09 19:01:25', 27),
	(1182, 'contents_15.png', b'0', NULL, NULL, 18, '2023-02-09 19:01:25', 27),
	(1183, 'contents_16.png', b'0', NULL, NULL, 18, '2023-02-09 19:01:25', 27),
	(1184, 'd0c6af13884dfa2ee2351916d2c198b7.gif', b'0', NULL, NULL, 18, '2023-02-09 19:01:25', 27),
	(1185, 'd0fe67aad8e5fc751b6971d17a26ee3c.gif', b'0', NULL, NULL, 18, '2023-02-09 19:01:25', 27),
	(1186, 'd3daaf3d129fb5bc6a177f59112f97f7.gif', b'0', NULL, NULL, 18, '2023-02-09 19:01:25', 27),
	(1187, 'd5f19e62ed0118d08da0a1593a560ad7.gif', b'0', NULL, NULL, 18, '2023-02-09 19:01:25', 27),
	(1188, 'd7e748b1edda9dea50a68f9afa2b5d00.gif', b'0', NULL, NULL, 18, '2023-02-09 19:01:25', 27),
	(1189, 'd7fe4456ea6eecf17c468af0dbfaaf3d.gif', b'0', NULL, NULL, 18, '2023-02-09 19:01:25', 27),
	(1190, 'd9f803f9a89bcb521ae00994092055b6.gif', b'0', NULL, NULL, 18, '2023-02-09 19:01:25', 27),
	(1191, 'd72c14f33a87e950dd4f2ec110385343faf2b4f4.jpg', b'0', NULL, NULL, 18, '2023-02-09 19:01:25', 27),
	(1192, 'd85d836ca3b52437b8c7b7994b27b92e.gif', b'0', NULL, NULL, 18, '2023-02-09 19:01:25', 27),
	(1193, 'd110e3b5c831002720a3e2696ce5bdfa.gif', b'0', NULL, NULL, 18, '2023-02-09 19:01:25', 27),
	(1194, 'd209ab28418e26a59ae561f5a5146049 (1).gif', b'0', NULL, NULL, 18, '2023-02-09 19:01:25', 27),
	(1195, 'd511aeed31483ba6731437478a173a08.gif', b'0', NULL, NULL, 18, '2023-02-09 19:01:25', 27),
	(1196, 'd6232bd1ff2eeff4c19055fe2c537cf7.jpg', b'0', NULL, NULL, 18, '2023-02-09 19:01:25', 27),
	(1197, 'd7070a4ab0d45e981e5725aeef41a9b4.gif', b'0', NULL, NULL, 18, '2023-02-09 19:01:25', 27),
	(1198, 'd36174bc3fe0a0c6ced006d6b1b5b843.gif', b'0', NULL, NULL, 18, '2023-02-09 19:01:25', 27),
	(1199, 'd427026fd0a545d86612a238c0a76422.gif', b'0', NULL, NULL, 18, '2023-02-09 19:01:25', 27),
	(1200, 'd589548852888f1c1f8b693898436f7c.gif', b'0', NULL, NULL, 18, '2023-02-09 19:01:25', 27),
	(1201, 'da9aaf9474f98c1867695582086afcda.gif', b'0', NULL, NULL, 18, '2023-02-09 19:01:25', 27),
	(1202, 'da810d2a31e40a5747cbe51ded08330f.gif', b'0', NULL, NULL, 18, '2023-02-09 19:01:25', 27),
	(1203, 'db28647cb90e531c476465fba29611fe87caa82950940a-obljFw_fw658.gif', b'0', NULL, NULL, 18, '2023-02-09 19:01:25', 27),
	(1204, 'dc9c97ef2a2df6eff690fdbb8ef99571.gif', b'0', NULL, NULL, 18, '2023-02-09 19:01:25', 27),
	(1205, 'dcd8364fbb91516902e5737262f314ba.gif', b'0', NULL, NULL, 18, '2023-02-09 19:01:25', 27),
	(1206, 'dd36eaf3cf43853d4833fd9e872426b62eeab7c54967b-185IdW_fw658.gif', b'0', NULL, NULL, 18, '2023-02-09 19:01:25', 27),
	(1207, 'dd1880170924ab18ca9349af32fae6cd7a890b24.gif', b'0', NULL, NULL, 18, '2023-02-09 19:01:25', 27),
	(1208, 'df44f8974eb62000b167862425b54f2a00f06194543e3-owDFLF_fw658.gif', b'0', NULL, NULL, 18, '2023-02-09 19:01:25', 27),
	(1209, 'e0e717dbb6fd5266b667e1b9ab18972bd50736ff.jpg', b'0', NULL, NULL, 18, '2023-02-09 19:01:25', 27),
	(1210, 'e1c5dd1e543601ff68bd43488d01554a.gif', b'0', NULL, NULL, 18, '2023-02-09 19:01:25', 27),
	(1211, 'e1e555776e10182a9d7f07624693c13d.gif', b'0', NULL, NULL, 18, '2023-02-09 19:01:25', 27),
	(1212, 'e2ff26c543ed68c2644c565c491f2755.gif', b'0', NULL, NULL, 18, '2023-02-09 19:01:25', 27),
	(1213, 'e4e18942f19c9c76a56d4f98b7a58707.gif', b'0', NULL, NULL, 18, '2023-02-09 19:01:25', 27),
	(1214, 'e9cbe0da6c933ca29c8d8d0ae41e6ded.gif', b'0', NULL, NULL, 18, '2023-02-09 19:01:25', 27),
	(1215, 'e9fd8ae0b97fb41ee61ffd899d67d698.gif', b'0', NULL, NULL, 18, '2023-02-09 19:01:25', 27),
	(1216, 'e30d25b1f326f5ad309f24316c594eb7.gif', b'0', NULL, NULL, 18, '2023-02-09 19:01:25', 27),
	(1217, 'e32e0fec6923a7facb7e524a7468b560.gif', b'0', NULL, NULL, 18, '2023-02-09 19:01:25', 27),
	(1218, 'e35d3601de4049ebcc83a2467a812ba7.gif', b'0', NULL, NULL, 18, '2023-02-09 19:01:25', 27),
	(1219, 'e46c8a4a000120b093b4f491b05f989670f1b70223d3c-f7DeNd_fw658.gif', b'0', NULL, NULL, 18, '2023-02-09 19:01:25', 27),
	(1220, 'e60c9cb231c14159def44843518d050f.gif', b'0', NULL, NULL, 18, '2023-02-09 19:01:25', 27),
	(1221, 'e304bffc1b2686be97b353022ed775e2 (1).gif', b'0', NULL, NULL, 18, '2023-02-09 19:01:25', 27),
	(1222, 'e955e00d093b4546a2980b9b7eb76e47.gif', b'0', NULL, NULL, 18, '2023-02-09 19:01:25', 27),
	(1223, 'e6422e428d43c6a61fbc4177509cbfbe.jpg', b'0', NULL, NULL, 18, '2023-02-09 19:01:25', 27),
	(1224, 'e76078b894c999b919a69a11caa75437.gif', b'0', NULL, NULL, 18, '2023-02-09 19:01:25', 27),
	(1225, 'e87070d24cb63a3e32e0c265ea7d9807.gif', b'0', NULL, NULL, 18, '2023-02-09 19:01:25', 27),
	(1226, 'ea59be5681877a9ef5cea11abb9de549.gif', b'0', NULL, NULL, 18, '2023-02-09 19:01:25', 27),
	(1227, 'ea75ad0c941e7cd5274035b0df42bf18.gif', b'0', NULL, NULL, 18, '2023-02-09 19:01:25', 27),
	(1228, 'ea424cb70ace35cb1c3ae6e3372d5d9f.gif', b'0', NULL, NULL, 18, '2023-02-09 19:01:25', 27),
	(1229, 'eaf89d1c8701a18b1960cfe29e2f07082938fe45.jpg', b'0', NULL, NULL, 18, '2023-02-09 19:01:25', 27),
	(1230, 'eb6d5dc15b9999a18e4c96d0fa31f634.gif', b'0', NULL, NULL, 18, '2023-02-09 19:01:25', 27),
	(1231, 'eb502b1cb1eb87d73dd2476dc9c0fb50.gif', b'0', NULL, NULL, 18, '2023-02-09 19:01:25', 27),
	(1232, 'ebc920364769d2bd0fe685d2ee56fa0c (1).gif', b'0', NULL, NULL, 18, '2023-02-09 19:01:25', 27),
	(1233, 'ec80e8deb278c35b728eece5efffaa933188d860c7f5e-UHN6yf_fw658.gif', b'0', NULL, NULL, 18, '2023-02-09 19:01:25', 27),
	(1234, 'eda7a2d2572c11df4449df236b2762d0f603c292.gif', b'0', NULL, NULL, 18, '2023-02-09 19:01:25', 27),
	(1235, 'edaea702918fa0eca7a8cb122e9759ee3c6ddbc6.gif', b'0', NULL, NULL, 18, '2023-02-09 19:01:25', 27),
	(1236, 'edc389b4b60d0528dad77356d20aee19.jpg', b'0', NULL, NULL, 18, '2023-02-09 19:01:25', 27),
	(1237, 'efed774f92ad02b0d8742e75f9e7581b.gif', b'0', NULL, NULL, 18, '2023-02-09 19:01:25', 27),
	(1238, 'effd1a73ea04086e3a2bf9d679855a28.gif', b'0', NULL, NULL, 18, '2023-02-09 19:01:25', 27),
	(1239, 'f5ba5358f5c55ffe239fc3252f747596.jpg', b'0', NULL, NULL, 18, '2023-02-09 19:01:25', 27),
	(1240, 'f7a0699c92f7c78a33550cec62177b3e.gif', b'0', NULL, NULL, 18, '2023-02-09 19:01:25', 27),
	(1241, 'f8c3f4e1da0d22cb642b0a782b18faf3.jpg', b'0', NULL, NULL, 18, '2023-02-09 19:01:25', 27),
	(1242, 'f8da584d423183d889c837c4b89e48f0f3fbbe48c5828-WmOetf_fw658.gif', b'0', NULL, NULL, 18, '2023-02-09 19:01:25', 27),
	(1243, 'f9bf4aeff3f2ce94ed8646fae4708042.gif', b'0', NULL, NULL, 18, '2023-02-09 19:01:25', 27),
	(1244, 'f033a569dd1649a12e5ce36257542b16.gif', b'0', NULL, NULL, 18, '2023-02-09 19:01:25', 27),
	(1245, 'f41eae97ba9037f6abb3ddef26ae08db.gif', b'0', NULL, NULL, 18, '2023-02-09 19:01:25', 27),
	(1246, 'f47f580e73a57b561645a8c110530e90.gif', b'0', NULL, NULL, 18, '2023-02-09 19:01:25', 27),
	(1247, 'f48a5ad062d9f2d3c506bff0a1ec8a136327cc1e.gif', b'0', NULL, NULL, 18, '2023-02-09 19:01:25', 27),
	(1248, 'f78ec62a3ece8045dfad62dcd6d9ce3f.gif', b'0', NULL, NULL, 18, '2023-02-09 19:01:25', 27),
	(1249, 'f1391abe7c769283a0c9ad9e67723338 (1).gif', b'0', NULL, NULL, 18, '2023-02-09 19:01:25', 27),
	(1250, 'f1391abe7c769283a0c9ad9e67723338.gif', b'0', NULL, NULL, 18, '2023-02-09 19:01:25', 27),
	(1251, 'f9492e781d48b36c10b4a2878d0b1b3f37cf52de3e9cf7-iFgIaQ_fw658.gif', b'0', NULL, NULL, 18, '2023-02-09 19:01:25', 27),
	(1252, 'f9771b37acaf2edd55e8e7f6851001e939019310.gif', b'0', NULL, NULL, 18, '2023-02-09 19:01:25', 27),
	(1253, 'f18853af27de29fa495531467eea9df4.gif', b'0', NULL, NULL, 18, '2023-02-09 19:01:25', 27),
	(1254, 'f49204e636d12f2ebb11017f47c2d5628535681c.gif', b'0', NULL, NULL, 18, '2023-02-09 19:01:25', 27),
	(1255, 'fa29d6f59e1747012977466ebb258fa0.gif', b'0', NULL, NULL, 18, '2023-02-09 19:01:25', 27),
	(1256, 'fa176471220d88ad045c3420008eeeab.gif', b'0', NULL, NULL, 18, '2023-02-09 19:01:25', 27),
	(1257, 'fc48aca9b153945ed5f196a5b1714d52.gif', b'0', NULL, NULL, 18, '2023-02-09 19:01:25', 27),
	(1258, 'fd53c33b5dd8c8d4f5234fbaef6fca13-sz_1239490.gif', b'0', NULL, NULL, 18, '2023-02-09 19:01:25', 27),
	(1259, 'fd705cf2d7ca7bcbc33166b1b9096b63f724a862.gif', b'0', NULL, NULL, 18, '2023-02-09 19:01:25', 27),
	(1260, 'fda0614e4746f98574be74a9319f0282.jpg', b'0', NULL, NULL, 18, '2023-02-09 19:01:25', 27),
	(1261, 'fdd682abc7d5f0e34c55538e86d7a79f.jpg', b'0', NULL, NULL, 18, '2023-02-09 19:01:25', 27),
	(1262, 'fe4caee9eb6386cb41d82385d1d242c4.gif', b'0', NULL, NULL, 18, '2023-02-09 19:01:25', 27),
	(1263, 'fe6cb803cc57c7230c69308e5689393f.gif', b'0', NULL, NULL, 18, '2023-02-09 19:01:25', 27),
	(1264, 'fed461e5f8e3b43e3cefc14185f94818.gif', b'0', NULL, NULL, 18, '2023-02-09 19:01:25', 27),
	(1265, 'fef998177d562aea0068d63071743dce.gif', b'0', NULL, NULL, 18, '2023-02-09 19:01:25', 27),
	(1266, 'ff176e42ae9a7579ee0f4416a1ce5494.gif', b'0', NULL, NULL, 18, '2023-02-09 19:01:25', 27),
	(1267, 'ff863885ee14a01037f173607101241b.gif', b'0', NULL, NULL, 18, '2023-02-09 19:01:25', 27),
	(1268, 'ffc9879ca6adc53022797b553e36f7dd (1).gif', b'0', NULL, NULL, 18, '2023-02-09 19:01:25', 27),
	(1269, 'ffc9879ca6adc53022797b553e36f7dd.gif', b'0', NULL, NULL, 18, '2023-02-09 19:01:25', 27),
	(1270, 'fffa7a6865026ce83a32f469fca5da72.gif', b'0', NULL, NULL, 18, '2023-02-09 19:01:25', 27),
	(1271, 'fire_sample.jpg', b'0', NULL, NULL, 18, '2023-02-09 19:01:25', 27),
	(1272, 'fire_sample2.jpg', b'0', NULL, NULL, 18, '2023-02-09 19:01:25', 27),
	(1273, 'fire1b.png', b'0', NULL, NULL, 18, '2023-02-09 19:01:25', 27),
	(1274, 'fire1g.png', b'0', NULL, NULL, 18, '2023-02-09 19:01:25', 27),
	(1275, 'fire1j.gif', b'0', NULL, NULL, 18, '2023-02-09 19:01:25', 27),
	(1276, 'fire2 (1).gif', b'0', NULL, NULL, 18, '2023-02-09 19:01:25', 27),
	(1277, 'fire2.gif', b'0', NULL, NULL, 18, '2023-02-09 19:01:25', 27),
	(1278, 'firepic1.png', b'0', NULL, NULL, 18, '2023-02-09 19:01:25', 27),
	(1279, 'gifs-comida-alex-horan-mis-gafas-de-pasta02.gif', b'0', NULL, NULL, 18, '2023-02-09 19:01:25', 27),
	(1280, 'gifs-comida-alex-horan-mis-gafas-de-pasta03.gif', b'0', NULL, NULL, 18, '2023-02-09 19:01:25', 27),
	(1281, 'gifs-comida-alex-horan-mis-gafas-de-pasta05.gif', b'0', NULL, NULL, 18, '2023-02-09 19:01:25', 27),
	(1282, 'gifs-comida-alex-horan-mis-gafas-de-pasta06.gif', b'0', NULL, NULL, 18, '2023-02-09 19:01:25', 27),
	(1283, 'gifs-comida-alex-horan-mis-gafas-de-pasta07.gif', b'0', NULL, NULL, 18, '2023-02-09 19:01:25', 27),
	(1284, 'gifs-comida-alex-horan-mis-gafas-de-pasta08.gif', b'0', NULL, NULL, 18, '2023-02-09 19:01:25', 27),
	(1285, 'gifs-comida-alex-horan-mis-gafas-de-pasta09.gif', b'0', NULL, NULL, 18, '2023-02-09 19:01:25', 27),
	(1286, 'gifs-comida-alex-horan-mis-gafas-de-pasta10.gif', b'0', NULL, NULL, 18, '2023-02-09 19:01:25', 27),
	(1287, 'gifs-comida-alex-horan-mis-gafas-de-pasta11.gif', b'0', NULL, NULL, 18, '2023-02-09 19:01:25', 27),
	(1288, 'large_3Gpn_429000015e0f1e83.jpg', b'0', NULL, NULL, 18, '2023-02-09 19:01:25', 27),
	(1289, 'large_8cPl_13c10001bb1e1191.jpg', b'0', NULL, NULL, 18, '2023-02-09 19:01:25', 27),
	(1290, 'large_AMGb_42b400015db31e83.jpg', b'0', NULL, NULL, 18, '2023-02-09 19:01:25', 27),
	(1291, 'large_bCL9_27c800035c651e7f.jpg', b'0', NULL, NULL, 18, '2023-02-09 19:01:25', 27),
	(1292, 'large_Blw1_27f2000158711e7f.jpg', b'0', NULL, NULL, 18, '2023-02-09 19:01:25', 27),
	(1293, 'large_Do7F_74a800015d3c1e80.jpg', b'0', NULL, NULL, 18, '2023-02-09 19:01:25', 27),
	(1294, 'large_DoCF_27da00025fd21e7f.jpg', b'0', NULL, NULL, 18, '2023-02-09 19:01:26', 27),
	(1295, 'large_GGYG_2cdf000185f2125d.jpg', b'0', NULL, NULL, 18, '2023-02-09 19:01:26', 27),
	(1296, 'large_jp0s_35a00001bae11190.jpg', b'0', NULL, NULL, 18, '2023-02-09 19:01:26', 27),
	(1297, 'large_K99w_481b0000507b118f.jpg', b'0', NULL, NULL, 18, '2023-02-09 19:01:26', 27),
	(1298, 'large_M2Hy_1783000058f81e84.jpg', b'0', NULL, NULL, 18, '2023-02-09 19:01:26', 27),
	(1299, 'large_maNc_13910000db5d1260.jpg', b'0', NULL, NULL, 18, '2023-02-09 19:01:26', 27),
	(1300, 'large_mtx6_112d0000a9aa125f.jpg', b'0', NULL, NULL, 18, '2023-02-09 19:01:26', 27),
	(1301, 'large_nFzL_317b000004ce1260.gif', b'0', NULL, NULL, 18, '2023-02-09 19:01:26', 27),
	(1302, 'large_nhhL_45030002e840118c.jpg', b'0', NULL, NULL, 18, '2023-02-09 19:01:26', 27),
	(1303, 'large_nqmS_69dd0001172b1e7f.jpg', b'0', NULL, NULL, 18, '2023-02-09 19:01:26', 27),
	(1304, 'large_OfrD_62ed000297971e80.jpg', b'0', NULL, NULL, 18, '2023-02-09 19:01:26', 27),
	(1305, 'large_SLPt_42d800015dbe1e83.jpg', b'0', NULL, NULL, 18, '2023-02-09 19:01:26', 27),
	(1306, 'large_SxCw_2b90000121dc1e83.jpg', b'0', NULL, NULL, 18, '2023-02-09 19:01:26', 27),
	(1307, 'large_t4JA_7c64000082101191.jpg', b'0', NULL, NULL, 18, '2023-02-09 19:01:26', 27),
	(1308, 'large_tebf_27f8000158821e7f.jpg', b'0', NULL, NULL, 18, '2023-02-09 19:01:26', 27),
	(1309, 'large_Uyjy_69720001f0f1125f.jpg', b'0', NULL, NULL, 18, '2023-02-09 19:01:26', 27),
	(1310, 'large_VGTS_6a760001f0a6125f.jpg', b'0', NULL, NULL, 18, '2023-02-09 19:01:26', 27),
	(1311, 'large_Y0zl_63a100066fab1e80.jpg', b'0', NULL, NULL, 18, '2023-02-09 19:01:26', 27),
	(1312, 'large_ZT2x_d9c700002b891e7f.gif', b'0', NULL, NULL, 18, '2023-02-09 19:01:26', 27),
	(1313, 'lonnie-bao-cecilia-petrucci-15.jpg', b'0', NULL, NULL, 18, '2023-02-09 19:01:26', 27),
	(1314, 'lonnie-bao-cecilia-petrucci-cleanup-behance.gif', b'0', NULL, NULL, 18, '2023-02-09 19:01:26', 27),
	(1315, 'lonnie-bao-cecilia-petrucci-comp-behance-reduct.gif', b'0', NULL, NULL, 18, '2023-02-09 19:01:26', 27),
	(1316, 'lonnie-bao-cecilia-petrucci-effects-behance.gif', b'0', NULL, NULL, 18, '2023-02-09 19:01:26', 27),
	(1317, 'lonnie-bao-cecilia-petrucci-evo-v3.gif', b'0', NULL, NULL, 18, '2023-02-09 19:01:26', 27),
	(1318, 'm2w900hq85lt_original_E9rg_44da0000266b125f.jpg', b'0', NULL, NULL, 18, '2023-02-09 19:01:26', 27),
	(1319, 'm2w900hq85lt_original_EH7S_43aa00002629125f.jpg', b'0', NULL, NULL, 18, '2023-02-09 19:01:26', 27),
	(1320, 'm2w900hq85lt_original_I7ay_449a0000264e125f.jpg', b'0', NULL, NULL, 18, '2023-02-09 19:01:26', 27),
	(1321, 'm2w900hq85lt_original_KLUS_44ea0000263a125f.jpg', b'0', NULL, NULL, 18, '2023-02-09 19:01:26', 27),
	(1322, 'm2w900hq85lt_original_kLYr_443a00002634125f.jpg', b'0', NULL, NULL, 18, '2023-02-09 19:01:26', 27),
	(1323, 'm2w900hq85lt_original_mMTC_43da00002636125f.jpg', b'0', NULL, NULL, 18, '2023-02-09 19:01:26', 27),
	(1324, 'm2w900hq85lt_original_o4Sk_440a0000262f125f.jpg', b'0', NULL, NULL, 18, '2023-02-09 19:01:26', 27),
	(1325, 'm2w900hq85lt_original_obXZ_445a00002623125f.jpg', b'0', NULL, NULL, 18, '2023-02-09 19:01:26', 27),
	(1326, 'm2w900hq85lt_original_syRn_43ea0000263c125f.jpg', b'0', NULL, NULL, 18, '2023-02-09 19:01:26', 27),
	(1327, 'm2w900hq85lt_original_Ujlr_44ba00002625125f.jpg', b'0', NULL, NULL, 18, '2023-02-09 19:01:26', 27),
	(1328, 'm2w900hq85lt_original_vmKB_44aa0000265e125f.jpg', b'0', NULL, NULL, 18, '2023-02-09 19:01:26', 27),
	(1329, 'm2w900hq85lt_original_XD7P_43aa0000262a125f.jpg', b'0', NULL, NULL, 18, '2023-02-09 19:01:26', 27),
	(1330, 'm2w900hq85lt_original_xGyW_444a0000262b125f.jpg', b'0', NULL, NULL, 18, '2023-02-09 19:01:26', 27),
	(1331, 'm2w900hq85lt_original_yqvh_44ba00002626125f.jpg', b'0', NULL, NULL, 18, '2023-02-09 19:01:26', 27),
	(1332, 'mihara39_omake.gif', b'0', NULL, NULL, 18, '2023-02-09 19:01:26', 27),
	(1333, 'mihara40_omake.gif', b'0', NULL, NULL, 18, '2023-02-09 19:01:26', 27),
	(1334, 'mihara41_omake.gif', b'0', NULL, NULL, 18, '2023-02-09 19:01:26', 27),
	(1335, 'mihara42_omake.gif', b'0', NULL, NULL, 18, '2023-02-09 19:01:26', 27),
	(1336, 'mihara43_omake.gif', b'0', NULL, NULL, 18, '2023-02-09 19:01:26', 27),
	(1337, 'mihara44_omake.gif', b'0', NULL, NULL, 18, '2023-02-09 19:01:26', 27),
	(1338, 'mihara45_omake.gif', b'0', NULL, NULL, 18, '2023-02-09 19:01:26', 27),
	(1339, 'mihara46_omake.gif', b'0', NULL, NULL, 18, '2023-02-09 19:01:26', 27),
	(1340, 'mihara47_omake.gif', b'0', NULL, NULL, 18, '2023-02-09 19:01:26', 27),
	(1341, 'mihara49_omake.gif', b'0', NULL, NULL, 18, '2023-02-09 19:01:26', 27),
	(1342, 'onepunchman-03-49.jpg', b'0', NULL, NULL, 18, '2023-02-09 19:01:26', 27),
	(1343, 'original_0a7v_1c9700019f8e125d.jpg', b'0', NULL, NULL, 18, '2023-02-09 19:01:26', 27),
	(1344, 'original_1xrC_40b300002d421190.jpg', b'0', NULL, NULL, 18, '2023-02-09 19:01:26', 27),
	(1345, 'original_2DLO_151200004350118f.jpg', b'0', NULL, NULL, 18, '2023-02-09 19:01:26', 27),
	(1346, 'original_2FX2_11a1000024601260.gif', b'0', NULL, NULL, 18, '2023-02-09 19:01:26', 27),
	(1347, 'original_2UVF_115a0000527e118f.gif', b'0', NULL, NULL, 18, '2023-02-09 19:01:26', 27),
	(1348, 'original_2wwj_2a4500000c4f118c.jpg', b'0', NULL, NULL, 18, '2023-02-09 19:01:26', 27),
	(1349, 'original_3kAA_ec090001d69e1e80.gif', b'0', NULL, NULL, 18, '2023-02-09 19:01:26', 27),
	(1350, 'original_3OjW_377d000057c2125d.gif', b'0', NULL, NULL, 18, '2023-02-09 19:01:26', 27),
	(1351, 'original_3t5E_757f00005006118c.gif', b'0', NULL, NULL, 18, '2023-02-09 19:01:26', 27),
	(1352, 'original_3w45_7883000250931e80.gif', b'0', NULL, NULL, 18, '2023-02-09 19:01:26', 27),
	(1353, 'original_4LAV_8c02000083dc1e84.jpg', b'0', NULL, NULL, 18, '2023-02-09 19:01:26', 27),
	(1354, 'original_4myT_14580000434a118f.jpg', b'0', NULL, NULL, 18, '2023-02-09 19:01:26', 27),
	(1355, 'original_5eWD_1e8a00000890125f.gif', b'0', NULL, NULL, 18, '2023-02-09 19:01:26', 27),
	(1356, 'original_5UpR_4a4000012de11260.jpg', b'0', NULL, NULL, 18, '2023-02-09 19:01:26', 27),
	(1357, 'original_6kKc_4a01000050e7118c.gif', b'0', NULL, NULL, 18, '2023-02-09 19:01:26', 27),
	(1358, 'original_6mMx_1d270001d6d41e84.gif', b'0', NULL, NULL, 18, '2023-02-09 19:01:26', 27),
	(1359, 'original_6n4t_6a050000a9a3125d.gif', b'0', NULL, NULL, 18, '2023-02-09 19:01:26', 27),
	(1360, 'original_6R1R_588f00009a511260.gif', b'0', NULL, NULL, 18, '2023-02-09 19:01:26', 27),
	(1361, 'original_6WU0_36cd00005808125d.gif', b'0', NULL, NULL, 18, '2023-02-09 19:01:26', 27),
	(1362, 'original_07Nu_7a9c0000182e118f.gif', b'0', NULL, NULL, 18, '2023-02-09 19:01:26', 27),
	(1363, 'original_8b37_77b6000032a9118c.gif', b'0', NULL, NULL, 18, '2023-02-09 19:01:26', 27),
	(1364, 'original_8BlD_7c34000050cf1191.gif', b'0', NULL, NULL, 18, '2023-02-09 19:01:26', 27),
	(1365, 'original_8NVU_954b000286b21e83 (1).jpg', b'0', NULL, NULL, 18, '2023-02-09 19:01:26', 27),
	(1366, 'original_8NVU_954b000286b21e83.jpg', b'0', NULL, NULL, 18, '2023-02-09 19:01:26', 27),
	(1367, 'original_19t9_6ef500006d28125f.gif', b'0', NULL, NULL, 18, '2023-02-09 19:01:26', 27),
	(1368, 'original_40Om_68df00003b6b118c.gif', b'0', NULL, NULL, 18, '2023-02-09 19:01:26', 27),
	(1369, 'original_62Av_7c14000050ba1191.gif', b'0', NULL, NULL, 18, '2023-02-09 19:01:26', 27),
	(1370, 'original_ADyK_6e97000012b0125f.jpg', b'0', NULL, NULL, 18, '2023-02-09 19:01:26', 27),
	(1371, 'original_AG8y_70c6000005a5118c.jpg', b'0', NULL, NULL, 18, '2023-02-09 19:01:26', 27),
	(1372, 'original_ahSt_349b00001fa81191.gif', b'0', NULL, NULL, 18, '2023-02-09 19:01:26', 27),
	(1373, 'original_AXYH_91ed00028d291e7f.gif', b'0', NULL, NULL, 18, '2023-02-09 19:01:26', 27),
	(1374, 'original_ayUs_571a000000f1118f.gif', b'0', NULL, NULL, 18, '2023-02-09 19:01:26', 27),
	(1375, 'original_bDYa_2f460000004c118c.gif', b'0', NULL, NULL, 18, '2023-02-09 19:01:26', 27),
	(1376, 'original_BJd6_db5000005e0d1e7f.gif', b'0', NULL, NULL, 18, '2023-02-09 19:01:26', 27),
	(1377, 'original_Bjtd_183700002744118c.gif', b'0', NULL, NULL, 18, '2023-02-09 19:01:26', 27),
	(1378, 'original_BPjE_56d100000f861260.gif', b'0', NULL, NULL, 18, '2023-02-09 19:01:26', 27),
	(1379, 'original_bqZF_977400020ef71e80.gif', b'0', NULL, NULL, 18, '2023-02-09 19:01:26', 27),
	(1380, 'original_CG2N_883f000081dd1e7f.jpg', b'0', NULL, NULL, 18, '2023-02-09 19:01:26', 27),
	(1381, 'original_cl4Y_95740002850f1e83.gif', b'0', NULL, NULL, 18, '2023-02-09 19:01:26', 27),
	(1382, 'original_cUnW_7c00000050c51191.gif', b'0', NULL, NULL, 18, '2023-02-09 19:01:26', 27),
	(1383, 'original_d2Kz_18290000277e118c.gif', b'0', NULL, NULL, 18, '2023-02-09 19:01:26', 27),
	(1384, 'original_D8rN_182d0000afe71260.jpg', b'0', NULL, NULL, 18, '2023-02-09 19:01:26', 27),
	(1385, 'original_DcUz_6df500006d1e125f.gif', b'0', NULL, NULL, 18, '2023-02-09 19:01:26', 27),
	(1386, 'original_dh9L_374d000057da125d.gif', b'0', NULL, NULL, 18, '2023-02-09 19:01:26', 27),
	(1387, 'original_DONm_107a000083ba118f.gif', b'0', NULL, NULL, 18, '2023-02-09 19:01:26', 27),
	(1388, 'original_ei62_9574000286081e83.jpg', b'0', NULL, NULL, 18, '2023-02-09 19:01:26', 27),
	(1389, 'original_EJvK_5c2300011a18125d.jpg', b'0', NULL, NULL, 18, '2023-02-09 19:01:26', 27),
	(1390, 'original_emlc_1c3d0000270b1260.gif', b'0', NULL, NULL, 18, '2023-02-09 19:01:26', 27),
	(1391, 'original_eX7w_1c9d000027c01260.gif', b'0', NULL, NULL, 18, '2023-02-09 19:01:26', 27),
	(1392, 'original_EzVq_305f00004ff61191.gif', b'0', NULL, NULL, 18, '2023-02-09 19:01:26', 27),
	(1393, 'original_f0VG_379d000057be125d.gif', b'0', NULL, NULL, 18, '2023-02-09 19:01:26', 27),
	(1394, 'original_f3Ut_5c8400009eaf118c.gif', b'0', NULL, NULL, 18, '2023-02-09 19:01:26', 27),
	(1395, 'original_FEUJ_7ab500006fc5125f.gif', b'0', NULL, NULL, 18, '2023-02-09 19:01:26', 27),
	(1396, 'original_FEwB_1d7c00020953125d.jpg', b'0', NULL, NULL, 18, '2023-02-09 19:01:26', 27),
	(1397, 'original_fiDv_593f00005dd31260.gif', b'0', NULL, NULL, 18, '2023-02-09 19:01:26', 27),
	(1398, 'original_fmrD_db6600005e0e1e7f.jpg', b'0', NULL, NULL, 18, '2023-02-09 19:01:26', 27),
	(1399, 'original_Fzez_1d35000014de1e84.gif', b'0', NULL, NULL, 18, '2023-02-09 19:01:26', 27),
	(1400, 'original_gAK9_19e6000057e11260.gif', b'0', NULL, NULL, 18, '2023-02-09 19:01:26', 27),
	(1401, 'original_gAQ9_2892000014fe125d.gif', b'0', NULL, NULL, 18, '2023-02-09 19:01:26', 27),
	(1402, 'original_gfbx_0aa600004120125f.gif', b'0', NULL, NULL, 18, '2023-02-09 19:01:26', 27),
	(1403, 'original_Gs0I_596f00005db51260.gif', b'0', NULL, NULL, 18, '2023-02-09 19:01:26', 27),
	(1404, 'original_Gw3R_4b9a0001bb37118f.jpg', b'0', NULL, NULL, 18, '2023-02-09 19:01:26', 27),
	(1405, 'original_GX1A_685500001fab118f.gif', b'0', NULL, NULL, 18, '2023-02-09 19:01:26', 27),
	(1406, 'original_Hfd7_385200008fba118c.jpg', b'0', NULL, NULL, 18, '2023-02-09 19:01:26', 27),
	(1407, 'original_HHDj_112a00005272118f.gif', b'0', NULL, NULL, 18, '2023-02-09 19:01:26', 27),
	(1408, 'original_HnGf_549500001b5f125d.gif', b'0', NULL, NULL, 18, '2023-02-09 19:01:26', 27),
	(1409, 'original_hwj8_69ef00003b47118c.jpg', b'0', NULL, NULL, 18, '2023-02-09 19:01:26', 27),
	(1410, 'original_i8GT_58630000a07d118c.jpg', b'0', NULL, NULL, 18, '2023-02-09 19:01:26', 27),
	(1411, 'original_iAoK_5baf00005182125f.gif', b'0', NULL, NULL, 18, '2023-02-09 19:01:26', 27),
	(1412, 'original_IqFN_230c000050c61190.gif', b'0', NULL, NULL, 18, '2023-02-09 19:01:26', 27),
	(1413, 'original_ivpJ_37cd000057d7125d.gif', b'0', NULL, NULL, 18, '2023-02-09 19:01:26', 27),
	(1414, 'original_iwf0_68e40000d3f4125f.jpg', b'0', NULL, NULL, 18, '2023-02-09 19:01:26', 27),
	(1415, 'original_IwiW_0b390000416e125f.gif', b'0', NULL, NULL, 18, '2023-02-09 19:01:26', 27),
	(1416, 'original_J7wE_101a00005260118f.jpg', b'0', NULL, NULL, 18, '2023-02-09 19:01:26', 27),
	(1417, 'original_JwpW_919500028e241e7f.jpg', b'0', NULL, NULL, 18, '2023-02-09 19:01:26', 27),
	(1418, 'original_K7Pb_ec41000285671e80.gif', b'0', NULL, NULL, 18, '2023-02-09 19:01:26', 27),
	(1419, 'original_kEMQ_150000005bf11191.jpg', b'0', NULL, NULL, 18, '2023-02-09 19:01:26', 27),
	(1420, 'original_KKOE_4a15000050cc118c.gif', b'0', NULL, NULL, 18, '2023-02-09 19:01:26', 27),
	(1421, 'original_kOpt_378d000019cf125d.gif', b'0', NULL, NULL, 18, '2023-02-09 19:01:26', 27),
	(1422, 'original_kZgy_8881000247081e7f.gif', b'0', NULL, NULL, 18, '2023-02-09 19:01:26', 27),
	(1423, 'original_l2xN_51e600002086118f.jpg', b'0', NULL, NULL, 18, '2023-02-09 19:01:26', 27),
	(1424, 'original_mTdz_1dde00001f3d118c.jpg', b'0', NULL, NULL, 18, '2023-02-09 19:01:26', 27),
	(1425, 'original_N8KA_258000001bb21190.gif', b'0', NULL, NULL, 18, '2023-02-09 19:01:26', 27),
	(1426, 'original_nANu_7a1a00003d75118f.gif', b'0', NULL, NULL, 18, '2023-02-09 19:01:26', 27),
	(1427, 'original_naUA_51dc000512d51e83.gif', b'0', NULL, NULL, 18, '2023-02-09 19:01:26', 27),
	(1428, 'original_NC2Y_2982000014e8125d.gif', b'0', NULL, NULL, 18, '2023-02-09 19:01:26', 27),
	(1429, 'original_nM26_22dc000050b81190.gif', b'0', NULL, NULL, 18, '2023-02-09 19:01:26', 27),
	(1430, 'original_NVq8_2d4e00005241118e.gif', b'0', NULL, NULL, 18, '2023-02-09 19:01:26', 27),
	(1431, 'original_nxav_ec57000285a11e80.gif', b'0', NULL, NULL, 18, '2023-02-09 19:01:26', 27),
	(1432, 'original_nYPy_4c0c00001f8c118c.gif', b'0', NULL, NULL, 18, '2023-02-09 19:01:26', 27),
	(1433, 'original_O1lZ_1caf0001d6821e84.gif', b'0', NULL, NULL, 18, '2023-02-09 19:01:26', 27),
	(1434, 'original_oVSg_6e4500006d0f125f.gif', b'0', NULL, NULL, 18, '2023-02-09 19:01:26', 27),
	(1435, 'original_ppiw_088d00005863125f.gif', b'0', NULL, NULL, 18, '2023-02-09 19:01:26', 27),
	(1436, 'original_pvKS_177400001aed125f.gif', b'0', NULL, NULL, 18, '2023-02-09 19:01:26', 27),
	(1437, 'original_QjtP_60f9000064141e83.jpg', b'0', NULL, NULL, 18, '2023-02-09 19:01:26', 27),
	(1438, 'original_QKKS_ec41000286781e80.jpg', b'0', NULL, NULL, 18, '2023-02-09 19:01:26', 27),
	(1439, 'original_qpD9_737700005089118c.gif', b'0', NULL, NULL, 18, '2023-02-09 19:01:26', 27),
	(1440, 'original_QqLK_1dec00019f97125d.gif', b'0', NULL, NULL, 18, '2023-02-09 19:01:26', 27),
	(1441, 'original_RzOX_379d000057bf125d.gif', b'0', NULL, NULL, 18, '2023-02-09 19:01:26', 27),
	(1442, 'original_S1ux_1f5c0000c5dd1191.jpg', b'0', NULL, NULL, 18, '2023-02-09 19:01:26', 27),
	(1443, 'original_S8GH_ece6000286a71e80.jpg', b'0', NULL, NULL, 18, '2023-02-09 19:01:27', 27),
	(1444, 'original_siGQ_71740000968d1191.jpg', b'0', NULL, NULL, 18, '2023-02-09 19:01:27', 27),
	(1445, 'original_sv8C_279f000017921191.gif', b'0', NULL, NULL, 18, '2023-02-09 19:01:27', 27),
	(1446, 'original_Sy8q_9195000213981e7f.jpg', b'0', NULL, NULL, 18, '2023-02-09 19:01:27', 27),
	(1447, 'original_T1Rr_0793000049721190.jpg', b'0', NULL, NULL, 18, '2023-02-09 19:01:27', 27),
	(1448, 'original_TaYT_540b00003b9e1191.gif', b'0', NULL, NULL, 18, '2023-02-09 19:01:27', 27),
	(1449, 'original_TEb2_953f00020d0b1e83.jpg', b'0', NULL, NULL, 18, '2023-02-09 19:01:27', 27),
	(1450, 'original_Tgbn_62e300011814125f.gif', b'0', NULL, NULL, 18, '2023-02-09 19:01:27', 27),
	(1451, 'original_tJNV_87a2000662a21e7f.gif', b'0', NULL, NULL, 18, '2023-02-09 19:01:27', 27),
	(1452, 'original_tM57_23ec0000510c1190.gif', b'0', NULL, NULL, 18, '2023-02-09 19:01:27', 27),
	(1453, 'original_tncy_27cf000002271191.jpg', b'0', NULL, NULL, 18, '2023-02-09 19:01:27', 27),
	(1454, 'original_TQbm_545b00003af41191.jpg', b'0', NULL, NULL, 18, '2023-02-09 19:01:27', 27),
	(1455, 'original_txQb_6321000084251e80.jpg', b'0', NULL, NULL, 18, '2023-02-09 19:01:27', 27),
	(1456, 'original_u011_03cd000135fa118c.gif', b'0', NULL, NULL, 18, '2023-02-09 19:01:27', 27),
	(1457, 'original_UVf3_7afc00001831118f.gif', b'0', NULL, NULL, 18, '2023-02-09 19:01:27', 27),
	(1458, 'original_UySH_033d00006ce81260.gif', b'0', NULL, NULL, 18, '2023-02-09 19:01:27', 27),
	(1459, 'original_UzIb_1d9600020d741e84.jpg', b'0', NULL, NULL, 18, '2023-02-09 19:01:27', 27),
	(1460, 'original_vaae_1d77000286b91e84.jpg', b'0', NULL, NULL, 18, '2023-02-09 19:01:27', 27),
	(1461, 'original_vAtv_10f10000247e1260.gif', b'0', NULL, NULL, 18, '2023-02-09 19:01:27', 27),
	(1462, 'original_VO9q_6eb500006d2e125f.gif', b'0', NULL, NULL, 18, '2023-02-09 19:01:27', 27),
	(1463, 'original_VOrf_541500001b66125d.gif', b'0', NULL, NULL, 18, '2023-02-09 19:01:27', 27),
	(1464, 'original_VVRQ_73ea00002bfb118f.gif', b'0', NULL, NULL, 18, '2023-02-09 19:01:27', 27),
	(1465, 'original_vZZw_59c60000204d1260.gif', b'0', NULL, NULL, 18, '2023-02-09 19:01:27', 27),
	(1466, 'original_wDSc_78be00003282118c.gif', b'0', NULL, NULL, 18, '2023-02-09 19:01:27', 27),
	(1467, 'original_WIv0_262e000053e71e84.gif', b'0', NULL, NULL, 18, '2023-02-09 19:01:27', 27),
	(1468, 'original_wX7m_036d00006c6f1260.gif', b'0', NULL, NULL, 18, '2023-02-09 19:01:27', 27),
	(1469, 'original_XjZA_64fa00002323125f.gif', b'0', NULL, NULL, 18, '2023-02-09 19:01:27', 27),
	(1470, 'original_xvl4_95740001d6091e83.gif', b'0', NULL, NULL, 18, '2023-02-09 19:01:27', 27),
	(1471, 'original_XWlR_94a7000284f01e83.gif', b'0', NULL, NULL, 18, '2023-02-09 19:01:27', 27),
	(1472, 'original_xYdC_91d70001db881e7f.gif', b'0', NULL, NULL, 18, '2023-02-09 19:01:27', 27),
	(1473, 'original_y93b_3e6b000113be125d.jpg', b'0', NULL, NULL, 18, '2023-02-09 19:01:27', 27),
	(1474, 'original_ya7b_548b00003b6f1191.jpg', b'0', NULL, NULL, 18, '2023-02-09 19:01:27', 27),
	(1475, 'original_yBbW_6f11000074a0118c.jpg', b'0', NULL, NULL, 18, '2023-02-09 19:01:27', 27),
	(1476, 'original_yhcM_e7af0000b85e1e80.jpg', b'0', NULL, NULL, 18, '2023-02-09 19:01:27', 27),
	(1477, 'original_yxh7_94a700020d511e83.jpg', b'0', NULL, NULL, 18, '2023-02-09 19:01:27', 27),
	(1478, 'original_YY5g_1e52000000e81190.gif', b'0', NULL, NULL, 18, '2023-02-09 19:01:27', 27),
	(1479, 'original_Z3Z0_108a00005272118f.gif', b'0', NULL, NULL, 18, '2023-02-09 19:01:27', 27),
	(1480, 'original_ZVNd_373d000057ec125d.jpg', b'0', NULL, NULL, 18, '2023-02-09 19:01:27', 27),
	(1481, 'original_ZxWL_1d1f000285091e84.gif', b'0', NULL, NULL, 18, '2023-02-09 19:01:27', 27),
	(1482, 'tumblr_inline_nhd54xYiSq1s1okt1.gif', b'0', NULL, NULL, 18, '2023-02-09 19:01:27', 27),
	(1483, 'tumblr_inline_nhdl50LP0Y1s1okt1.gif', b'0', NULL, NULL, 18, '2023-02-09 19:01:27', 27),
	(1484, 'tumblr_inline_o4z545BISy1s1okt1_1280.gif', b'0', NULL, NULL, 18, '2023-02-09 19:01:27', 27),
	(1485, 'tumblr_inline_oc3egwWVHS1qlv4f0_1280.gif', b'0', NULL, NULL, 18, '2023-02-09 19:01:27', 27),
	(1486, 'tumblr_inline_otkc43bQnO1qlv4f0_500.gif', b'0', NULL, NULL, 18, '2023-02-09 19:01:27', 27),
	(1487, 'tumblr_inline_p7gbq9XGPx1qlv4f0_250.gif', b'0', NULL, NULL, 18, '2023-02-09 19:01:27', 27),
	(1488, 'tumblr_inline_p7gbqbIkhv1qlv4f0_250.gif', b'0', NULL, NULL, 18, '2023-02-09 19:01:27', 27),
	(1489, 'tumblr_mhr6zzMb1V1qljgf8o1_1280.jpg', b'0', NULL, NULL, 18, '2023-02-09 19:01:27', 27),
	(1490, 'tumblr_muofkyleoi1sl6nw2o1_500.gif', b'0', NULL, NULL, 18, '2023-02-09 19:01:27', 27),
	(1491, 'tumblr_muofkyleoi1sl6nw2o2_500.gif', b'0', NULL, NULL, 18, '2023-02-09 19:01:27', 27),
	(1492, 'tumblr_muofkyleoi1sl6nw2o4_500.gif', b'0', NULL, NULL, 18, '2023-02-09 19:01:27', 27),
	(1493, 'tumblr_muofkyleoi1sl6nw2o6_500.gif', b'0', NULL, NULL, 18, '2023-02-09 19:01:27', 27),
	(1494, 'tumblr_muofkyleoi1sl6nw2o7_500.gif', b'0', NULL, NULL, 18, '2023-02-09 19:01:27', 27),
	(1495, 'tumblr_mxpzioYBLb1rydwbvo1_500.gif', b'0', NULL, NULL, 18, '2023-02-09 19:01:27', 27),
	(1496, 'tumblr_n8avefwUpX1rl3tlpo2_400.gif', b'0', NULL, NULL, 18, '2023-02-09 19:01:27', 27),
	(1497, 'tumblr_nc8jc1kNQR1ss3yrco1_1280.gif', b'0', NULL, NULL, 18, '2023-02-09 19:01:27', 27),
	(1498, 'tumblr_nceew1wyId1qeq3g6o1_500.gif', b'0', NULL, NULL, 18, '2023-02-09 19:01:27', 27),
	(1499, 'tumblr_ndhydb16I61u1uleho1_r1_1280.png', b'0', NULL, NULL, 18, '2023-02-09 19:01:27', 27),
	(1500, 'tumblr_ndi4ryRdq31u1uleho4_r1_1280.png', b'0', NULL, NULL, 18, '2023-02-09 19:01:27', 27),
	(1501, 'tumblr_ndi6lbpXgd1u1uleho1_r1_1280.png', b'0', NULL, NULL, 18, '2023-02-09 19:01:27', 27),
	(1502, 'tumblr_ndjdswBYjj1u1uleho1_r2_1280.png', b'0', NULL, NULL, 18, '2023-02-09 19:01:27', 27),
	(1503, 'tumblr_ndlhetPkB61u1uleho1_1280.png', b'0', NULL, NULL, 18, '2023-02-09 19:01:27', 27),
	(1504, 'tumblr_ndlhioUQEJ1u1uleho1_1280.png', b'0', NULL, NULL, 18, '2023-02-09 19:01:27', 27),
	(1505, 'tumblr_ndszd3P5LK1u1uleho1_1280.png', b'0', NULL, NULL, 18, '2023-02-09 19:01:27', 27),
	(1506, 'tumblr_nevy331mww1u1uleho1_1280.png', b'0', NULL, NULL, 18, '2023-02-09 19:01:27', 27),
	(1507, 'tumblr_nfn8bvw6Ic1u1uleho1_1280.png', b'0', NULL, NULL, 18, '2023-02-09 19:01:27', 27),
	(1508, 'tumblr_nfo810G3UD1sfwiq0o1_500.gif', b'0', NULL, NULL, 18, '2023-02-09 19:01:27', 27),
	(1509, 'tumblr_nftbg32Rfz1rb1rgoo1_500.gif', b'0', NULL, NULL, 18, '2023-02-09 19:01:27', 27),
	(1510, 'tumblr_nftbg32Rfz1rb1rgoo2_500.gif', b'0', NULL, NULL, 18, '2023-02-09 19:01:27', 27),
	(1511, 'tumblr_nftbg32Rfz1rb1rgoo3_500.gif', b'0', NULL, NULL, 18, '2023-02-09 19:01:27', 27),
	(1512, 'tumblr_nftbg32Rfz1rb1rgoo4_500.gif', b'0', NULL, NULL, 18, '2023-02-09 19:01:27', 27),
	(1513, 'tumblr_nftbg32Rfz1rb1rgoo5_500.gif', b'0', NULL, NULL, 18, '2023-02-09 19:01:27', 27),
	(1514, 'tumblr_nftbg32Rfz1rb1rgoo6_500.gif', b'0', NULL, NULL, 18, '2023-02-09 19:01:27', 27),
	(1515, 'tumblr_nftbg32Rfz1rb1rgoo7_500.gif', b'0', NULL, NULL, 18, '2023-02-09 19:01:27', 27),
	(1516, 'tumblr_ng4sdpTq1F1stiqjjo1_500.gif', b'0', NULL, NULL, 18, '2023-02-09 19:01:27', 27),
	(1517, 'tumblr_nhcyz0w8fX1u1uleho1_1280.png', b'0', NULL, NULL, 18, '2023-02-09 19:01:27', 27),
	(1518, 'tumblr_nhjt4jdpbA1rb1rgoo1_500.gif', b'0', NULL, NULL, 18, '2023-02-09 19:01:27', 27),
	(1519, 'tumblr_nhjt4jdpbA1rb1rgoo4_500.gif', b'0', NULL, NULL, 18, '2023-02-09 19:01:27', 27),
	(1520, 'tumblr_nj1hs1kM521u1uleho1_1280.png', b'0', NULL, NULL, 18, '2023-02-09 19:01:27', 27),
	(1521, 'tumblr_nj7ybpigqJ1r4jf9no1_400.gif', b'0', NULL, NULL, 18, '2023-02-09 19:01:27', 27),
	(1522, 'tumblr_nnhgn76R6a1stiqjjo1_500.gif', b'0', NULL, NULL, 18, '2023-02-09 19:01:27', 27),
	(1523, 'tumblr_nt8sy6U5cr1tpd6oto1_r1_1280.gif', b'0', NULL, NULL, 18, '2023-02-09 19:01:27', 27),
	(1524, 'tumblr_nt5288lG3F1stiqjjo1_500.gif', b'0', NULL, NULL, 18, '2023-02-09 19:01:27', 27),
	(1525, 'tumblr_nud4deT1yu1rvvs3go1_400.gif', b'0', NULL, NULL, 18, '2023-02-09 19:01:27', 27),
	(1526, 'tumblr_nvedqwjhZC1sfwiq0o1_500.gif', b'0', NULL, NULL, 18, '2023-02-09 19:01:27', 27),
	(1527, 'tumblr_ny4unqNuLW1r843z4o6_1280.gif', b'0', NULL, NULL, 18, '2023-02-09 19:01:27', 27),
	(1528, 'tumblr_o1nm76FhpA1uo4yrqo1_r1_1280.jpg', b'0', NULL, NULL, 18, '2023-02-09 19:01:27', 27),
	(1529, 'tumblr_o1nm76FhpA1uo4yrqo2_1280.jpg', b'0', NULL, NULL, 18, '2023-02-09 19:01:27', 27),
	(1530, 'tumblr_o1nm76FhpA1uo4yrqo3_250.png', b'0', NULL, NULL, 18, '2023-02-09 19:01:27', 27),
	(1531, 'tumblr_o1nm76FhpA1uo4yrqo4_1280.jpg', b'0', NULL, NULL, 18, '2023-02-09 19:01:27', 27),
	(1532, 'tumblr_o1nm76FhpA1uo4yrqo5_500.jpg', b'0', NULL, NULL, 18, '2023-02-09 19:01:27', 27),
	(1533, 'tumblr_o1nm76FhpA1uo4yrqo6_250.png', b'0', NULL, NULL, 18, '2023-02-09 19:01:27', 27),
	(1534, 'tumblr_o1nm76FhpA1uo4yrqo7_250.png', b'0', NULL, NULL, 18, '2023-02-09 19:01:27', 27),
	(1535, 'tumblr_o1nm76FhpA1uo4yrqo8_r1_500.gif', b'0', NULL, NULL, 18, '2023-02-09 19:01:27', 27),
	(1536, 'tumblr_o1nm76FhpA1uo4yrqo9_r1_250.jpg', b'0', NULL, NULL, 18, '2023-02-09 19:01:27', 27),
	(1537, 'tumblr_o1nm76FhpA1uo4yrqo10_500.gif', b'0', NULL, NULL, 18, '2023-02-09 19:01:27', 27),
	(1538, 'tumblr_o1z6roADpB1rb1rgoo3_500.gif', b'0', NULL, NULL, 18, '2023-02-09 19:01:27', 27),
	(1539, 'tumblr_o3jfd13bK21t45pbyo3_500.gif', b'0', NULL, NULL, 18, '2023-02-09 19:01:27', 27),
	(1540, 'tumblr_o4dwku8yj31t39jfto1_540.gif', b'0', NULL, NULL, 18, '2023-02-09 19:01:27', 27),
	(1541, 'tumblr_o4fh42KX5J1t39jfto1_1280.gif', b'0', NULL, NULL, 18, '2023-02-09 19:01:27', 27),
	(1542, 'tumblr_o4pvhyhxuf1rc3pqko1_400.gif', b'0', NULL, NULL, 18, '2023-02-09 19:01:27', 27),
	(1543, 'tumblr_o4q5o9zPzS1rc3pqko1_1280.gif', b'0', NULL, NULL, 18, '2023-02-09 19:01:27', 27),
	(1544, 'tumblr_o4q5tg4NPO1rc3pqko1_640.gif', b'0', NULL, NULL, 18, '2023-02-09 19:01:27', 27),
	(1545, 'tumblr_o4qumltVRp1rc3pqko1_400.gif', b'0', NULL, NULL, 18, '2023-02-09 19:01:27', 27),
	(1546, 'tumblr_o4qv1zxx9B1rc3pqko1_400.gif', b'0', NULL, NULL, 18, '2023-02-09 19:01:27', 27),
	(1547, 'tumblr_o4qve0OOYF1rc3pqko1_500.gif', b'0', NULL, NULL, 18, '2023-02-09 19:01:27', 27),
	(1548, 'tumblr_o4qvisfPQk1rc3pqko1_1280.gif', b'0', NULL, NULL, 18, '2023-02-09 19:01:27', 27),
	(1549, 'tumblr_o4qvmkIRJ01rc3pqko1_400.gif', b'0', NULL, NULL, 18, '2023-02-09 19:01:27', 27),
	(1550, 'tumblr_o4qvmkIRJ01rc3pqko2_400.gif', b'0', NULL, NULL, 18, '2023-02-09 19:01:27', 27),
	(1551, 'tumblr_o4qvpyj88j1rc3pqko1_1280.gif', b'0', NULL, NULL, 18, '2023-02-09 19:01:27', 27),
	(1552, 'tumblr_o4qw2rQ9m41rc3pqko1_1280.gif', b'0', NULL, NULL, 18, '2023-02-09 19:01:27', 27),
	(1553, 'tumblr_o4qw6nb4dM1rc3pqko1_400.gif', b'0', NULL, NULL, 18, '2023-02-09 19:01:27', 27),
	(1554, 'tumblr_o4qwapZIx21rc3pqko1_400.gif', b'0', NULL, NULL, 18, '2023-02-09 19:01:27', 27),
	(1555, 'tumblr_o4qweoHqkA1rc3pqko1_500.gif', b'0', NULL, NULL, 18, '2023-02-09 19:01:27', 27),
	(1556, 'tumblr_o4qwizLQIs1rc3pqko1_400.gif', b'0', NULL, NULL, 18, '2023-02-09 19:01:27', 27),
	(1557, 'tumblr_o4qwm09lPH1rc3pqko1_640.gif', b'0', NULL, NULL, 18, '2023-02-09 19:01:27', 27),
	(1558, 'tumblr_o4qwpfGWz61rc3pqko1_400.gif', b'0', NULL, NULL, 18, '2023-02-09 19:01:27', 27),
	(1559, 'tumblr_o4qwzjH5XI1rc3pqko1_1280.gif', b'0', NULL, NULL, 18, '2023-02-09 19:01:27', 27),
	(1560, 'tumblr_o4qyp2CTVT1rc3pqko1_400.gif', b'0', NULL, NULL, 18, '2023-02-09 19:01:27', 27),
	(1561, 'tumblr_o4qyp2CTVT1rc3pqko2_400.gif', b'0', NULL, NULL, 18, '2023-02-09 19:01:27', 27),
	(1562, 'tumblr_o4qyp2CTVT1rc3pqko3_400.gif', b'0', NULL, NULL, 18, '2023-02-09 19:01:27', 27),
	(1563, 'tumblr_o4qyycH9CV1rc3pqko1_400.gif', b'0', NULL, NULL, 18, '2023-02-09 19:01:27', 27),
	(1564, 'tumblr_o4qz0tD3Rh1rc3pqko1_400.gif', b'0', NULL, NULL, 18, '2023-02-09 19:01:27', 27),
	(1565, 'tumblr_o4qz3v1dO91rc3pqko1_1280.gif', b'0', NULL, NULL, 18, '2023-02-09 19:01:27', 27),
	(1566, 'tumblr_o4qz9jpiur1rc3pqko1_400.gif', b'0', NULL, NULL, 18, '2023-02-09 19:01:27', 27),
	(1567, 'tumblr_o4qz69n9QJ1rc3pqko1_400.gif', b'0', NULL, NULL, 18, '2023-02-09 19:01:27', 27),
	(1568, 'tumblr_o4qzc0JtWn1rc3pqko1_540.gif', b'0', NULL, NULL, 18, '2023-02-09 19:01:27', 27),
	(1569, 'tumblr_o4qzf9ZWjz1rc3pqko1_250.gif', b'0', NULL, NULL, 18, '2023-02-09 19:01:27', 27),
	(1570, 'tumblr_o7w6dnZTjP1sfwiq0o1_r3_500.gif', b'0', NULL, NULL, 18, '2023-02-09 19:01:27', 27),
	(1571, 'tumblr_o8uy38pjcm1t39jfto1_540.gif', b'0', NULL, NULL, 18, '2023-02-09 19:01:27', 27),
	(1572, 'tumblr_o8uy38pjcm1t39jfto2_540 (1).gif', b'0', NULL, NULL, 18, '2023-02-09 19:01:27', 27),
	(1573, 'tumblr_o8uy38pjcm1t39jfto2_540.gif', b'0', NULL, NULL, 18, '2023-02-09 19:01:27', 27),
	(1574, 'tumblr_o8uy38pjcm1t39jfto3_540.gif', b'0', NULL, NULL, 18, '2023-02-09 19:01:27', 27),
	(1575, 'tumblr_o8uy38pjcm1t39jfto8_540.gif', b'0', NULL, NULL, 18, '2023-02-09 19:01:27', 27),
	(1576, 'tumblr_o9uh5e8dDz1sfwiq0o1_400.gif', b'0', NULL, NULL, 18, '2023-02-09 19:01:27', 27),
	(1577, 'tumblr_oa21vom9Uh1sfwiq0o1_400.gif', b'0', NULL, NULL, 18, '2023-02-09 19:01:27', 27),
	(1578, 'tumblr_oawx0y4YaL1t39jfto1_540.jpg', b'0', NULL, NULL, 18, '2023-02-09 19:01:27', 27),
	(1579, 'tumblr_ob7u3cixmu1t39jfto1_1280.gif', b'0', NULL, NULL, 18, '2023-02-09 19:01:27', 27),
	(1580, 'tumblr_obua4xbdiN1t39jfto1_1280.gif', b'0', NULL, NULL, 18, '2023-02-09 19:01:27', 27),
	(1581, 'tumblr_ofgd1jKL0V1sfwiq0o1_500.gif', b'0', NULL, NULL, 18, '2023-02-09 19:01:27', 27),
	(1582, 'tumblr_ogybidri2O1rb1rgoo6_500.gif', b'0', NULL, NULL, 18, '2023-02-09 19:01:27', 27),
	(1583, 'tumblr_ogybidri2O1rb1rgoo9_500.gif', b'0', NULL, NULL, 18, '2023-02-09 19:01:27', 27),
	(1584, 'tumblr_ogybidri2O1rb1rgoo10_500.gif', b'0', NULL, NULL, 18, '2023-02-09 19:01:27', 27),
	(1585, 'tumblr_ohrvox4zVA1rc3pqko1_540.gif', b'0', NULL, NULL, 18, '2023-02-09 19:01:27', 27),
	(1586, 'tumblr_ohrvox4zVA1rc3pqko2_540.gif', b'0', NULL, NULL, 18, '2023-02-09 19:01:27', 27),
	(1587, 'tumblr_ohrwumGwLA1rc3pqko1_500.gif', b'0', NULL, NULL, 18, '2023-02-09 19:01:28', 27),
	(1588, 'tumblr_ohry2dMlhG1rc3pqko1_500.gif', b'0', NULL, NULL, 18, '2023-02-09 19:01:28', 27),
	(1589, 'tumblr_ohryj6Z3G11rc3pqko1_400.gif', b'0', NULL, NULL, 18, '2023-02-09 19:01:28', 27),
	(1590, 'tumblr_ohrywwNfoi1rc3pqko1_400.gif', b'0', NULL, NULL, 18, '2023-02-09 19:01:28', 27),
	(1591, 'tumblr_ohrywwNfoi1rc3pqko2_400.gif', b'0', NULL, NULL, 18, '2023-02-09 19:01:28', 27),
	(1592, 'tumblr_ohrzhgQG3E1rc3pqko1_500.gif', b'0', NULL, NULL, 18, '2023-02-09 19:01:28', 27),
	(1593, 'tumblr_ohrzrvflpj1rc3pqko1_500.gif', b'0', NULL, NULL, 18, '2023-02-09 19:01:28', 27),
	(1594, 'tumblr_ohs0b2FD7U1rc3pqko1_400.gif', b'0', NULL, NULL, 18, '2023-02-09 19:01:28', 27),
	(1595, 'tumblr_ohs0ywFUWZ1rc3pqko1_400.gif', b'0', NULL, NULL, 18, '2023-02-09 19:01:28', 27),
	(1596, 'tumblr_ohs0ywFUWZ1rc3pqko2_400.gif', b'0', NULL, NULL, 18, '2023-02-09 19:01:28', 27),
	(1597, 'tumblr_ohs0ywFUWZ1rc3pqko3_400.gif', b'0', NULL, NULL, 18, '2023-02-09 19:01:28', 27),
	(1598, 'tumblr_ohs1bmbEh81rc3pqko1_500.gif', b'0', NULL, NULL, 18, '2023-02-09 19:01:28', 27),
	(1599, 'tumblr_ohs1qj44831rc3pqko1_400.gif', b'0', NULL, NULL, 18, '2023-02-09 19:01:28', 27),
	(1600, 'tumblr_ohs2jadbsP1rc3pqko1_500.gif', b'0', NULL, NULL, 18, '2023-02-09 19:01:28', 27),
	(1601, 'tumblr_ohs83y6C4n1rc3pqko1_500.gif', b'0', NULL, NULL, 18, '2023-02-09 19:01:28', 27),
	(1602, 'tumblr_ohxysfrk451rc3pqko1_640.gif', b'0', NULL, NULL, 18, '2023-02-09 19:01:28', 27),
	(1603, 'tumblr_oi0tm4EFw31rc3pqko1_500.gif', b'0', NULL, NULL, 18, '2023-02-09 19:01:28', 27),
	(1604, 'tumblr_oi0uwzHhwh1rc3pqko1_640.gif', b'0', NULL, NULL, 18, '2023-02-09 19:01:28', 27),
	(1605, 'tumblr_oitjgwSnYC1rc3pqko1_640.gif', b'0', NULL, NULL, 18, '2023-02-09 19:01:28', 27),
	(1606, 'tumblr_ojh0jbz8qK1rc3pqko1_500.gif', b'0', NULL, NULL, 18, '2023-02-09 19:01:28', 27),
	(1607, 'tumblr_ojh0vx396k1rc3pqko1_500.gif', b'0', NULL, NULL, 18, '2023-02-09 19:01:28', 27),
	(1608, 'tumblr_ojh03mBn4R1rc3pqko1_640.gif', b'0', NULL, NULL, 18, '2023-02-09 19:01:28', 27),
	(1609, 'tumblr_ojh16wr1iT1rc3pqko1_500.gif', b'0', NULL, NULL, 18, '2023-02-09 19:01:28', 27),
	(1610, 'tumblr_ojow6wtEPO1rc3pqko1_400.gif', b'0', NULL, NULL, 18, '2023-02-09 19:01:28', 27),
	(1611, 'tumblr_okqcq69HkX1uuj1vto1_500.gif', b'0', NULL, NULL, 18, '2023-02-09 19:01:28', 27),
	(1612, 'tumblr_okvdxnjCXJ1r2zlbmo1_1280.png', b'0', NULL, NULL, 18, '2023-02-09 19:01:28', 27),
	(1613, 'tumblr_olqw6pv75G1rc3pqko1_400.gif', b'0', NULL, NULL, 18, '2023-02-09 19:01:28', 27),
	(1614, 'tumblr_oodbqqB38z1roj09io1_250.gif', b'0', NULL, NULL, 18, '2023-02-09 19:01:28', 27),
	(1615, 'tumblr_oswgkznTqE1u6www0o2_r1_500.gif', b'0', NULL, NULL, 18, '2023-02-09 19:01:28', 27),
	(1616, 'tumblr_p0az12E4GC1sfwiq0o1_400.gif', b'0', NULL, NULL, 18, '2023-02-09 19:01:28', 27),
	(1617, 'tumblr_p1lezsjoQT1sfwiq0o1_500.gif', b'0', NULL, NULL, 18, '2023-02-09 19:01:28', 27),
	(1618, 'tumblr_p3wghfArXh1sfwiq0o1_540.gif', b'0', NULL, NULL, 18, '2023-02-09 19:01:28', 27),
	(1619, 'tumblr_p5cgx4RzGH1stiqjjo1_1280.gif', b'0', NULL, NULL, 18, '2023-02-09 19:01:28', 27),
	(1620, 'tumblr_p7gj40A7qA1sfwiq0o1_500.gif', b'0', NULL, NULL, 18, '2023-02-09 19:01:28', 27),
	(1621, 'tumblr_p8we65CIs31sfwiq0o1_400.gif', b'0', NULL, NULL, 18, '2023-02-09 19:01:28', 27),
	(1622, 'tumblr_p9l4dvrBlv1rc3pqko1_500.gif', b'0', NULL, NULL, 18, '2023-02-09 19:01:28', 27),
	(1623, 'tumblr_p9l5vfLTLL1rc3pqko1_1280.gif', b'0', NULL, NULL, 18, '2023-02-09 19:01:28', 27),
	(1624, 'tumblr_p9l6iyX4Gt1rc3pqko1_1280.gif', b'0', NULL, NULL, 18, '2023-02-09 19:01:28', 27),
	(1625, 'tumblr_p9l65gCpus1rc3pqko1_500.gif', b'0', NULL, NULL, 18, '2023-02-09 19:01:28', 27),
	(1626, 'tumblr_p91bfzb4nK1rc3pqko1_500.gif', b'0', NULL, NULL, 18, '2023-02-09 19:01:28', 27),
	(1627, 'tumblr_p91bt7drrR1rc3pqko1_500.gif', b'0', NULL, NULL, 18, '2023-02-09 19:01:28', 27),
	(1628, 'tumblr_p91coaVBhJ1rc3pqko1_500.gif', b'0', NULL, NULL, 18, '2023-02-09 19:01:28', 27),
	(1629, 'tumblr_p91gkzgmV81rc3pqko1_500.gif', b'0', NULL, NULL, 18, '2023-02-09 19:01:28', 27),
	(1630, 'tumblr_p91h26jSfu1rc3pqko1_500.gif', b'0', NULL, NULL, 18, '2023-02-09 19:01:28', 27),
	(1631, 'tumblr_p91hbu75ul1rc3pqko1_640.gif', b'0', NULL, NULL, 18, '2023-02-09 19:01:28', 27),
	(1632, 'tumblr_p95a2tTsp81rc3pqko1_1280.gif', b'0', NULL, NULL, 18, '2023-02-09 19:01:28', 27),
	(1633, 'tumblr_p95an4vOs61rc3pqko1_640.gif', b'0', NULL, NULL, 18, '2023-02-09 19:01:28', 27),
	(1634, 'tumblr_p95b1naecT1rc3pqko1_640.gif', b'0', NULL, NULL, 18, '2023-02-09 19:01:28', 27),
	(1635, 'tumblr_p99y0shD191rc3pqko1_1280.gif', b'0', NULL, NULL, 18, '2023-02-09 19:01:28', 27),
	(1636, 'tumblr_p99y8sm7ym1rc3pqko1_540.gif', b'0', NULL, NULL, 18, '2023-02-09 19:01:28', 27),
	(1637, 'tumblr_p967d4cYEI1rc3pqko1_500.gif', b'0', NULL, NULL, 18, '2023-02-09 19:01:28', 27),
	(1638, 'tumblr_p968o3k2v71rc3pqko1_1280.gif', b'0', NULL, NULL, 18, '2023-02-09 19:01:28', 27),
	(1639, 'tumblr_pam0t7LZal1rc3pqko1_1280.gif', b'0', NULL, NULL, 18, '2023-02-09 19:01:28', 27),
	(1640, 'tumblr_pam10oXAr71rc3pqko1_400.gif', b'0', NULL, NULL, 18, '2023-02-09 19:01:28', 27),
	(1641, 'tumblr_pb39a8LtEy1rc3pqko1_500 (1).gif', b'0', NULL, NULL, 18, '2023-02-09 19:01:28', 27),
	(1642, 'tumblr_pb39a8LtEy1rc3pqko1_500.gif', b'0', NULL, NULL, 18, '2023-02-09 19:01:28', 27),
	(1643, 'tumblr_pd1pdud8tM1rb1rgoo1_500.gif', b'0', NULL, NULL, 18, '2023-02-09 19:01:28', 27),
	(1644, 'wave_principle.gif', b'0', NULL, NULL, 18, '2023-02-09 19:01:28', 27),
	(1645, 'wenjun-lin- (1).jpg', b'0', NULL, NULL, 18, '2023-02-09 19:01:28', 27),
	(1646, 'wenjun-lin- (2).jpg', b'0', NULL, NULL, 18, '2023-02-09 19:01:28', 27),
	(1647, 'wenjun-lin- (3).jpg', b'0', NULL, NULL, 18, '2023-02-09 19:01:28', 27),
	(1648, 'wenjun-lin- (4).jpg', b'0', NULL, NULL, 18, '2023-02-09 19:01:28', 27),
	(1649, 'wenjun-lin- (5).jpg', b'0', NULL, NULL, 18, '2023-02-09 19:01:28', 27),
	(1650, 'wenjun-lin- (6).jpg', b'0', NULL, NULL, 18, '2023-02-09 19:01:28', 27),
	(1651, 'wenjun-lin- (7).jpg', b'0', NULL, NULL, 18, '2023-02-09 19:01:28', 27),
	(1652, 'wenjun-lin- (8).jpg', b'0', NULL, NULL, 18, '2023-02-09 19:01:28', 27),
	(1653, 'wenjun-lin- (9).jpg', b'0', NULL, NULL, 18, '2023-02-09 19:01:28', 27),
	(1654, 'wenjun-lin-.jpg', b'0', NULL, NULL, 18, '2023-02-09 19:01:28', 27),
	(1655, 'wenjun-lin-1.jpg', b'0', NULL, NULL, 18, '2023-02-09 19:01:28', 27),
	(1656, 'wenjun-lin-2.jpg', b'0', NULL, NULL, 18, '2023-02-09 19:01:28', 27),
	(1657, 'wenjun-lin-312.jpg', b'0', NULL, NULL, 18, '2023-02-09 19:01:28', 27),
	(1658, 'wenjun-lin-fallin.jpg', b'0', NULL, NULL, 18, '2023-02-09 19:01:28', 27),
	(1659, 'xlarge_1LfV_27d400031f811e7f.jpg', b'0', NULL, NULL, 18, '2023-02-09 19:01:28', 27),
	(1660, 'xlarge_3kbP_93a800003d201e83.jpg', b'0', NULL, NULL, 18, '2023-02-09 19:01:28', 27),
	(1661, 'xlarge_4vfb_97740002ee941e80.jpg', b'0', NULL, NULL, 18, '2023-02-09 19:01:28', 27),
	(1662, 'xlarge_6KYe_27b000031f871e7f.jpg', b'0', NULL, NULL, 18, '2023-02-09 19:01:28', 27),
	(1663, 'xlarge_6YsJ_27c800031fac1e7f.jpg', b'0', NULL, NULL, 18, '2023-02-09 19:01:28', 27),
	(1664, 'xlarge_9FGp_eb2400003c0d1e7f.jpg', b'0', NULL, NULL, 18, '2023-02-09 19:01:28', 27),
	(1665, 'xlarge_9YxA_8518000331131e84.jpg', b'0', NULL, NULL, 18, '2023-02-09 19:01:28', 27),
	(1666, 'xlarge_B2cW_92d700003d321e83.jpg', b'0', NULL, NULL, 18, '2023-02-09 19:01:28', 27),
	(1667, 'xlarge_d12u_eacc00003bf61e7f.jpg', b'0', NULL, NULL, 18, '2023-02-09 19:01:28', 27),
	(1668, 'xlarge_FkH8_425a000331811e83.jpg', b'0', NULL, NULL, 18, '2023-02-09 19:01:28', 27),
	(1669, 'xlarge_GGEg_84c4000330a41e84.jpg', b'0', NULL, NULL, 18, '2023-02-09 19:01:28', 27),
	(1670, 'xlarge_I5LF_b41400003d0e1e84.jpg', b'0', NULL, NULL, 18, '2023-02-09 19:01:28', 27),
	(1671, 'xlarge_jQ5x_6e730000c6f11e83.jpg', b'0', NULL, NULL, 18, '2023-02-09 19:01:28', 27),
	(1672, 'xlarge_lDo3_998d00003d171e80.jpg', b'0', NULL, NULL, 18, '2023-02-09 19:01:28', 27),
	(1673, 'xlarge_Lxc8_74a2000330c71e80.jpg', b'0', NULL, NULL, 18, '2023-02-09 19:01:28', 27),
	(1674, 'xlarge_Psv4_b47700003d231e84.jpg', b'0', NULL, NULL, 18, '2023-02-09 19:01:28', 27),
	(1675, 'xlarge_q3DB_748400026ed91e80.jpg', b'0', NULL, NULL, 18, '2023-02-09 19:01:28', 27),
	(1676, 'xlarge_rPQd_85240003310d1e84.jpg', b'0', NULL, NULL, 18, '2023-02-09 19:01:28', 27),
	(1677, 'xlarge_Rryi_42900002a55b1e83.jpg', b'0', NULL, NULL, 18, '2023-02-09 19:01:28', 27),
	(1678, 'xlarge_SYLa_42780003319c1e83.jpg', b'0', NULL, NULL, 18, '2023-02-09 19:01:28', 27),
	(1679, 'xlarge_uspl_74ba000330731e80.jpg', b'0', NULL, NULL, 18, '2023-02-09 19:01:28', 27),
	(1680, 'xlarge_w5F3_eb9d00003c0c1e7f.jpg', b'0', NULL, NULL, 18, '2023-02-09 19:01:28', 27),
	(1681, 'xlarge_zjqe_9a0600003d1a1e80.jpg', b'0', NULL, NULL, 18, '2023-02-09 19:01:28', 27),
	(1682, 'zenith_by_fablepaint-dc635u6.gif', b'0', NULL, NULL, 18, '2023-02-09 19:01:28', 27),
	(1683, '微信截图_20180808012309.png', b'0', NULL, NULL, 18, '2023-02-09 19:01:28', 27),
	(1684, '微信截图_20180808012322.png', b'0', NULL, NULL, 18, '2023-02-09 19:01:28', 27),
	(1685, '微信截图_20180808012334.png', b'0', NULL, NULL, 18, '2023-02-09 19:01:28', 27),
	(1686, '微信图片_20180808012212.gif', b'0', NULL, NULL, 18, '2023-02-09 19:01:28', 27),
	(1687, '微信图片_20180808012219.gif', b'0', NULL, NULL, 18, '2023-02-09 19:01:28', 27),
	(1688, '微信图片_20180808012222.gif', b'0', NULL, NULL, 18, '2023-02-09 19:01:28', 27),
	(1689, '微信图片_20180808012232.gif', b'0', NULL, NULL, 18, '2023-02-09 19:01:28', 27),
	(1690, '微信图片_20180808012241.gif', b'0', NULL, NULL, 18, '2023-02-09 19:01:28', 27),
	(1691, '微信图片_20180808012246.gif', b'0', NULL, NULL, 18, '2023-02-09 19:01:28', 27),
	(1692, '微信图片_20180808012249.gif', b'0', NULL, NULL, 18, '2023-02-09 19:01:28', 27),
	(1693, '微信图片_20180808012252.gif', b'0', NULL, NULL, 18, '2023-02-09 19:01:28', 27),
	(1694, '微信图片_20180808012255.gif', b'0', NULL, NULL, 18, '2023-02-09 19:01:28', 27),
	(1695, '微信图片_20180808012353.gif', b'0', NULL, NULL, 18, '2023-02-09 19:01:28', 27),
	(1696, '微信图片_20180808012406.gif', b'0', NULL, NULL, 18, '2023-02-09 19:01:28', 27),
	(1697, '微信图片_20180809122151.gif', b'0', NULL, NULL, 18, '2023-02-09 19:01:28', 27),
	(1698, '《人体绘画：设计与创造》课件（请装PDF播放器）.pdf', b'0', NULL, NULL, 7, '2023-02-09 19:02:43', 27),
	(1699, '伯里曼人体结构绘画教学（中文版）.pdf', b'0', NULL, NULL, 7, '2023-02-09 19:02:43', 27),
	(1700, '独家翻译面部表情艺用解剖中文版试读.pdf', b'0', NULL, NULL, 7, '2023-02-09 19:02:43', 27),
	(1701, '俄罗斯素描大师-人体教学.dibujo.anatómico.de.la.figura.humana_hun.pdf', b'0', NULL, NULL, 7, '2023-02-09 19:02:43', 27),
	(1702, '人体与动物结构.pdf', b'0', NULL, NULL, 7, '2023-02-09 19:02:44', 27),
	(1703, '艺用解剖学笔记-中文版.pdf', b'0', NULL, NULL, 7, '2023-02-09 19:02:44', 27),
	(1704, '古代集市场景.blend', b'0', NULL, NULL, 98, '2023-02-22 13:41:00', 22),
	(1705, '古代街道小摊道具.blend', b'0', NULL, NULL, 98, '2023-02-22 13:41:00', 22),
	(1706, '古代街道小摊人物.blend', b'0', NULL, NULL, 98, '2023-02-22 13:41:00', 22),
	(1707, '背柴晾衣服.gif', b'0', NULL, NULL, 18, '2023-02-09 19:08:47', 27),
	(1708, '城外路人1.gif', b'0', NULL, NULL, 18, '2023-02-09 19:08:47', 27),
	(1709, '城外路人2.gif', b'0', NULL, NULL, 18, '2023-02-09 19:08:47', 27),
	(1710, '打铁.gif', b'0', NULL, NULL, 18, '2023-02-09 19:08:47', 27),
	(1711, '打招呼.gif', b'0', NULL, NULL, 18, '2023-02-09 19:08:47', 27),
	(1712, '倒酒喝酒.gif', b'0', NULL, NULL, 18, '2023-02-09 19:08:47', 27),
	(1713, '店小二.gif', b'0', NULL, NULL, 18, '2023-02-09 19:08:47', 27),
	(1714, '店小二2.gif', b'0', NULL, NULL, 18, '2023-02-09 19:08:47', 27),
	(1715, '店小二3.gif', b'0', NULL, NULL, 18, '2023-02-09 19:08:47', 27),
	(1716, '店小二4.gif', b'0', NULL, NULL, 18, '2023-02-09 19:08:47', 27),
	(1717, '踱步.mp4', b'0', NULL, NULL, 18, '2023-02-09 19:08:47', 27),
	(1718, '歌伎.mp4', b'0', NULL, NULL, 18, '2023-02-09 19:08:47', 27),
	(1719, '勾肩搭背打闹.gif', b'0', NULL, NULL, 18, '2023-02-09 19:08:47', 27),
	(1720, '鼓掌.mp4', b'0', NULL, NULL, 18, '2023-02-09 19:08:47', 27),
	(1721, '喝酒1.gif', b'0', NULL, NULL, 18, '2023-02-09 19:08:47', 27),
	(1722, '馄饨.gif', b'0', NULL, NULL, 18, '2023-02-09 19:08:47', 27),
	(1723, '击鼓1.gif', b'0', NULL, NULL, 18, '2023-02-09 19:08:47', 27),
	(1724, '击鼓2.gif', b'0', NULL, NULL, 18, '2023-02-09 19:08:47', 27),
	(1725, '集市饭馆.gif', b'0', NULL, NULL, 18, '2023-02-09 19:08:47', 27),
	(1726, '集市饭馆2.gif', b'0', NULL, NULL, 18, '2023-02-09 19:08:47', 27),
	(1727, '集市妇女儿童.gif', b'0', NULL, NULL, 18, '2023-02-09 19:08:47', 27),
	(1728, '集市马拉货车人群.gif', b'0', NULL, NULL, 18, '2023-02-09 19:08:47', 27),
	(1729, '集市卖扇子.gif', b'0', NULL, NULL, 18, '2023-02-09 19:08:47', 27),
	(1730, '集市人群.gif', b'0', NULL, NULL, 18, '2023-02-09 19:08:47', 27),
	(1731, '集市游戏.gif', b'0', NULL, NULL, 18, '2023-02-09 19:08:47', 27),
	(1732, '街道路人.mp4', b'0', NULL, NULL, 18, '2023-02-09 19:08:47', 27),
	(1733, '酒馆聊天.gif', b'0', NULL, NULL, 18, '2023-02-09 19:08:47', 27),
	(1734, '砍柴归来.mp4', b'0', NULL, NULL, 18, '2023-02-09 19:08:47', 27),
	(1735, '看路边摊.gif', b'0', NULL, NULL, 18, '2023-02-09 19:08:47', 27),
	(1736, '看商品，拥抱，告别.gif', b'0', NULL, NULL, 18, '2023-02-09 19:08:47', 27),
	(1737, '科举考试.gif', b'0', NULL, NULL, 18, '2023-02-09 19:08:48', 27),
	(1738, '路边摊.gif', b'0', NULL, NULL, 18, '2023-02-09 19:08:48', 27),
	(1739, '路边摊2.gif', b'0', NULL, NULL, 18, '2023-02-09 19:08:48', 27),
	(1740, '路边摊3.gif', b'0', NULL, NULL, 18, '2023-02-09 19:08:48', 27),
	(1741, '路过人群.gif', b'0', NULL, NULL, 18, '2023-02-09 19:08:48', 27),
	(1742, '路人聊天.gif', b'0', NULL, NULL, 18, '2023-02-09 19:08:48', 27),
	(1743, '路人人群.gif', b'0', NULL, NULL, 18, '2023-02-09 19:08:48', 27),
	(1744, '路人人群2.gif', b'0', NULL, NULL, 18, '2023-02-09 19:08:48', 27),
	(1745, '马车集市路人.gif', b'0', NULL, NULL, 18, '2023-02-09 19:08:48', 27),
	(1746, '马车路人.gif', b'0', NULL, NULL, 18, '2023-02-09 19:08:48', 27),
	(1747, '美女舞剑.gif', b'0', NULL, NULL, 18, '2023-02-09 19:08:48', 27),
	(1748, '男给女插簪子.gif', b'0', NULL, NULL, 18, '2023-02-09 19:08:48', 27),
	(1749, '男女聊天散步.gif', b'0', NULL, NULL, 18, '2023-02-09 19:08:48', 27),
	(1750, '男女买饰品.gif', b'0', NULL, NULL, 18, '2023-02-09 19:08:48', 27),
	(1751, '闹市.mp4', b'0', NULL, NULL, 18, '2023-02-09 19:08:48', 27),
	(1752, '闹市舞狮.gif', b'0', NULL, NULL, 18, '2023-02-09 19:08:48', 27),
	(1753, '农民插秧.gif', b'0', NULL, NULL, 18, '2023-02-09 19:08:48', 27),
	(1754, '乞丐.gif', b'0', NULL, NULL, 18, '2023-02-09 19:08:48', 27),
	(1755, '清明上河图动态版.mp4', b'0', NULL, NULL, 18, '2023-02-09 19:08:48', 27),
	(1756, '人群聊天.gif', b'0', NULL, NULL, 18, '2023-02-09 19:08:48', 27),
	(1757, '商贩给男女看饰品.gif', b'0', NULL, NULL, 18, '2023-02-09 19:08:48', 27),
	(1758, '商贩路人.gif', b'0', NULL, NULL, 18, '2023-02-09 19:08:48', 27),
	(1759, '耍猴.gif', b'0', NULL, NULL, 18, '2023-02-09 19:08:48', 27),
	(1760, '挑水.mp4', b'0', NULL, NULL, 18, '2023-02-09 19:08:48', 27),
	(1761, '挑着担走.mp4', b'0', NULL, NULL, 18, '2023-02-09 19:08:48', 27),
	(1762, '亭内吃酒.mp4', b'0', NULL, NULL, 18, '2023-02-09 19:08:48', 27),
	(1763, '熙熙攘攘街道.mp4', b'0', NULL, NULL, 18, '2023-02-09 19:08:48', 27),
	(1764, '野外茶店.gif', b'0', NULL, NULL, 18, '2023-02-09 19:08:48', 27),
	(1765, '饮酒聊天.gif', b'0', NULL, NULL, 18, '2023-02-09 19:08:48', 27),
	(1766, '饮酒聊天2.gif', b'0', NULL, NULL, 18, '2023-02-09 19:08:48', 27),
	(1767, '饮酒写字.gif', b'0', NULL, NULL, 18, '2023-02-09 19:08:48', 27),
	(1768, '饮酒作乐.gif', b'0', NULL, NULL, 18, '2023-02-09 19:08:48', 27),
	(1769, '游牧集市.gif', b'0', NULL, NULL, 18, '2023-02-09 19:08:48', 27),
	(1770, '游牧集市2.gif', b'0', NULL, NULL, 18, '2023-02-09 19:08:48', 27),
	(1771, '鱼贩子.gif', b'0', NULL, NULL, 18, '2023-02-09 19:08:48', 27),
	(1772, '鱼摊.gif', b'0', NULL, NULL, 18, '2023-02-09 19:08:48', 27),
	(1773, '雨中和夜晚的街道.mp4', b'0', NULL, NULL, 18, '2023-02-09 19:08:48', 27),
	(1774, '杂耍闹市.gif', b'0', NULL, NULL, 18, '2023-02-09 19:08:48', 27),
	(1775, '整理物资.gif', b'0', NULL, NULL, 18, '2023-02-09 19:08:48', 27),
	(1776, 'Anime_Female_A', b'0', NULL, NULL, 96, '2023-02-13 19:29:06', 27),
	(1777, '1.gif', b'0', NULL, NULL, 18, '2023-02-22 13:33:56', 22),
	(1778, '2.gif', b'0', NULL, NULL, 18, '2023-02-22 13:33:56', 22),
	(1779, '3.gif', b'0', NULL, NULL, 18, '2023-02-22 13:33:56', 22),
	(1780, '8b6f20f27b2c34fde23ead45f0b83efc.jpg', b'0', NULL, NULL, 18, '2023-02-22 13:33:56', 22),
	(1781, '25e2e3ef297886b22a2bcc86b685b549.jpg', b'0', NULL, NULL, 18, '2023-02-22 13:33:56', 22),
	(1782, '2021-07-05 110604(1).gif', b'0', NULL, NULL, 18, '2023-02-22 13:33:56', 22),
	(1783, '2021-07-05 110604(2).gif', b'0', NULL, NULL, 18, '2023-02-22 13:33:56', 22),
	(1784, '2021-07-05 110604(3).gif', b'0', NULL, NULL, 18, '2023-02-22 13:33:56', 22),
	(1785, '2021-07-05 110604(4).gif', b'0', NULL, NULL, 18, '2023-02-22 13:33:56', 22),
	(1786, '2021-07-05 110604(5).gif', b'0', NULL, NULL, 18, '2023-02-22 13:33:56', 22),
	(1787, '2021-07-05 110604(6).gif', b'0', NULL, NULL, 18, '2023-02-22 13:33:56', 22),
	(1788, '2021-07-05 110604(7).gif', b'0', NULL, NULL, 18, '2023-02-22 13:33:56', 22),
	(1789, '2021-07-05 110604.gif', b'0', NULL, NULL, 18, '2023-02-22 13:33:56', 22),
	(1790, 'c5d46911b3648ce3c40f99e3ae1e71de.jpg', b'0', NULL, NULL, 18, '2023-02-22 13:34:37', 22),
	(1791, 'E6_AEuxUUAIisTW.jpg', b'0', NULL, NULL, 18, '2023-02-22 13:34:44', 22),
	(1792, 'E6_AFE3VcAEaL22.jpg', b'0', NULL, NULL, 18, '2023-02-22 13:34:44', 22),
	(1793, 'E6bJIWWUYAcu1EC.jpg', b'0', NULL, NULL, 18, '2023-02-22 13:34:44', 22),
	(1794, 'E6bJIWXVEAUnST1.jpg', b'0', NULL, NULL, 18, '2023-02-22 13:34:44', 22),
	(1795, 'E6bJIWYVIAEvL6c.jpg', b'0', NULL, NULL, 18, '2023-02-22 13:34:44', 22),
	(1796, 'E6bJIWZUYAEFZ3S.jpg', b'0', NULL, NULL, 18, '2023-02-22 13:34:44', 22),
	(1797, 'E6bJJm7VcAIj2i8.jpg', b'0', NULL, NULL, 18, '2023-02-22 13:34:45', 22),
	(1798, 'E6bJJmoUcAASpSN.jpg', b'0', NULL, NULL, 18, '2023-02-22 13:34:45', 22),
	(1799, 'E6bJJnVVgAQd-PG.jpg', b'0', NULL, NULL, 18, '2023-02-22 13:34:45', 22),
	(1800, 'E6bJJnwVkAE2UzS.jpg', b'0', NULL, NULL, 18, '2023-02-22 13:34:45', 22),
	(1801, 'E6bJKRBUcAAi_Kb.jpg', b'0', NULL, NULL, 18, '2023-02-22 13:34:45', 22),
	(1802, 'E6bJKRCUUAA9D_K.jpg', b'0', NULL, NULL, 18, '2023-02-22 13:34:45', 22),
	(1803, 'E6bJKRDVEAkKfjM.jpg', b'0', NULL, NULL, 18, '2023-02-22 13:34:45', 22),
	(1804, 'E6bJKRDVIAMCCMt.jpg', b'0', NULL, NULL, 18, '2023-02-22 13:34:45', 22),
	(1805, 'E6pzQABUYAAaM4L.jpg', b'0', NULL, NULL, 18, '2023-02-22 13:34:45', 22),
	(1806, 'E6yBVFeVgAACeoy.jpg', b'0', NULL, NULL, 18, '2023-02-22 13:34:45', 22),
	(1807, 'E7dqgReUUAAA5YG.jpg', b'0', NULL, NULL, 18, '2023-02-22 13:34:45', 22),
	(1808, 'E7dqhIRVUAAnzIF.jpg', b'0', NULL, NULL, 18, '2023-02-22 13:34:45', 22),
	(1809, 'E7dqhIsVkAE9S4J.jpg', b'0', NULL, NULL, 18, '2023-02-22 13:34:45', 22),
	(1810, 'E7dqhJGVkAkga_d.jpg', b'0', NULL, NULL, 18, '2023-02-22 13:34:45', 22),
	(1811, 'E7HRVgcVkAMLQMo.jpg', b'0', NULL, NULL, 18, '2023-02-22 13:34:45', 22),
	(1812, 'E7HRVgeUYAI7ODs.jpg', b'0', NULL, NULL, 18, '2023-02-22 13:34:45', 22),
	(1813, 'E7i1wu7VkAMVH-E.jpg', b'0', NULL, NULL, 18, '2023-02-22 13:34:45', 22),
	(1814, 'E7oPSEGVEAsQSP5.jpg', b'0', NULL, NULL, 18, '2023-02-22 13:34:45', 22),
	(1815, 'E7sR957VgAMO3tN.jpg', b'0', NULL, NULL, 18, '2023-02-22 13:34:45', 22),
	(1816, 'E7Tya3CWYAk4RDv.jpg', b'0', NULL, NULL, 18, '2023-02-22 13:34:45', 22),
	(1817, 'E7Tya21XMBAt9kr.jpg', b'0', NULL, NULL, 18, '2023-02-22 13:34:45', 22),
	(1818, 'E7TyaPPXoA0RELN.jpg', b'0', NULL, NULL, 18, '2023-02-22 13:34:45', 22),
	(1819, 'E7TyaPrXoAwtH_1.jpg', b'0', NULL, NULL, 18, '2023-02-22 13:34:45', 22),
	(1820, 'E7TyZoDXMAA9xla.jpg', b'0', NULL, NULL, 18, '2023-02-22 13:34:45', 22),
	(1821, 'E7TyZoEX0As24sa.jpg', b'0', NULL, NULL, 18, '2023-02-22 13:34:45', 22),
	(1822, 'E7vl__kVcAIfUmO.jpg', b'0', NULL, NULL, 18, '2023-02-22 13:34:45', 22),
	(1823, 'E7vl__MVcAE3Z4g.jpg', b'0', NULL, NULL, 18, '2023-02-22 13:34:45', 22),
	(1824, 'E7vl_GoVIAIc_Qu.jpg', b'0', NULL, NULL, 18, '2023-02-22 13:34:45', 22),
	(1825, 'E7vl_GpVkAAs9Go.jpg', b'0', NULL, NULL, 18, '2023-02-22 13:34:45', 22),
	(1826, 'E7vl_GpVUAENaqY.jpg', b'0', NULL, NULL, 18, '2023-02-22 13:34:45', 22),
	(1827, 'E7vl_HEUUAc4xXb.jpg', b'0', NULL, NULL, 18, '2023-02-22 13:34:45', 22),
	(1828, 'E7vl-REUUAEu5Wb.jpg', b'0', NULL, NULL, 18, '2023-02-22 13:34:45', 22),
	(1829, 'E7vl-REVgAADY_D.jpg', b'0', NULL, NULL, 18, '2023-02-22 13:34:45', 22),
	(1830, 'E7vl-REVkAEMghr.jpg', b'0', NULL, NULL, 18, '2023-02-22 13:34:45', 22),
	(1831, 'E7vmAAaUcA0BcNO.jpg', b'0', NULL, NULL, 18, '2023-02-22 13:34:45', 22),
	(1832, 'E7vmAAAVcAEInK5.jpg', b'0', NULL, NULL, 18, '2023-02-22 13:34:45', 22),
	(1833, 'E58CK6QVoAYjyK1.jpg', b'0', NULL, NULL, 18, '2023-02-22 13:34:44', 22),
	(1834, 'E60K_p1VUAQ8smW.jpg', b'0', NULL, NULL, 18, '2023-02-22 13:34:44', 22),
	(1835, 'E60K_piUYAQ4IZP.jpg', b'0', NULL, NULL, 18, '2023-02-22 13:34:44', 22),
	(1836, 'E60K_qmVoAAgiUN.jpg', b'0', NULL, NULL, 18, '2023-02-22 13:34:44', 22),
	(1837, 'E60K_qQVcAAlmAM.jpg', b'0', NULL, NULL, 18, '2023-02-22 13:34:44', 22),
	(1838, 'E70N8hGVcBIjgNv.jpg', b'0', NULL, NULL, 18, '2023-02-22 13:34:45', 22),
	(1839, 'E70N8hHVcAMa2LV.jpg', b'0', NULL, NULL, 18, '2023-02-22 13:34:45', 22),
	(1840, 'E70N8hUVEAETHY9.jpg', b'0', NULL, NULL, 18, '2023-02-22 13:34:45', 22),
	(1841, 'E70N8iCVcA8iPBd.jpg', b'0', NULL, NULL, 18, '2023-02-22 13:34:45', 22),
	(1842, 'E70N9oaVcAEZHN0.jpg', b'0', NULL, NULL, 18, '2023-02-22 13:34:45', 22),
	(1843, 'E70N9p3VcAAU0NK.jpg', b'0', NULL, NULL, 18, '2023-02-22 13:34:45', 22),
	(1844, 'E70N9qtVEAAGMXo.jpg', b'0', NULL, NULL, 18, '2023-02-22 13:34:45', 22),
	(1845, 'E70N9sYVcAMd_nV.jpg', b'0', NULL, NULL, 18, '2023-02-22 13:34:45', 22),
	(1846, 'E70N-sbVoAIcuvO.jpg', b'0', NULL, NULL, 18, '2023-02-22 13:34:45', 22),
	(1847, 'E70N-teUYAAOsUH.jpg', b'0', NULL, NULL, 18, '2023-02-22 13:34:45', 22),
	(1848, 'E70N-uMVcAUv3OL.jpg', b'0', NULL, NULL, 18, '2023-02-22 13:34:45', 22),
	(1849, 'E70N-vsUcAAyQIa.jpg', b'0', NULL, NULL, 18, '2023-02-22 13:34:45', 22),
	(1850, 'EquhbZcU0AAO279.jpg', b'0', NULL, NULL, 18, '2023-02-22 13:34:45', 22),
	(1851, 'ErDC7HlUYAAK8tP.jpg', b'0', NULL, NULL, 18, '2023-02-22 13:34:45', 22),
	(1852, 'g0YlWCrOo3W385LVLoLsGknx.jpg', b'0', NULL, NULL, 18, '2023-02-22 13:34:45', 22),
	(1853, 'lv_OVEI5.jpg', b'0', NULL, NULL, 18, '2023-02-22 13:34:45', 22),
	(1854, 'y5EDUb0wakP5LC12KjjumUVe.jpg', b'0', NULL, NULL, 18, '2023-02-22 13:34:45', 22),
	(1855, '胳膊肌肉解析.mp4', b'0', NULL, NULL, 18, '2023-02-22 13:34:09', 22),
	(1856, '后背肌肉运动.mp4', b'0', NULL, NULL, 18, '2023-02-22 13:34:09', 22),
	(1857, '腿部肌肉运动.mp4', b'0', NULL, NULL, 18, '2023-02-22 13:34:26', 22),
	(1858, '小腿肌肉运动.mp4', b'0', NULL, NULL, 18, '2023-02-22 13:34:26', 22),
	(1859, '眼周肌肉动画.mp4', b'0', NULL, NULL, 18, '2023-02-22 13:34:26', 22),
	(1860, '海鸥展翅视频', b'0', NULL, NULL, 26, '2023-02-14 17:37:59', 27),
	(1861, '裙摆作画', b'0', NULL, NULL, 18, '2023-02-14 17:38:55', 27),
	(1862, '人 水下打戏', b'0', NULL, NULL, 18, '2023-02-14 17:39:16', 27),
	(1863, '基本中国拳法.Chinese Gung Fu.the philosophical art of self defense.李小龙著.英文版.pdf', b'0', NULL, NULL, 137, '2023-02-14 17:39:29', 27),
	(1864, '人 放风筝参考视频', b'0', NULL, NULL, 18, '2023-02-14 17:40:52', 27),
	(1865, '人 潜水素材', b'0', NULL, NULL, 18, '2023-02-14 17:41:44', 27),
	(1866, '艺用比较解剖学：犬、猫和福瑞 - 1.202204240943(Av980884103,P1).mp4', b'0', NULL, NULL, 7, '2023-02-14 17:44:23', 27),
	(1867, '火要鎮-SHORT PEACE.mkv', b'0', NULL, NULL, 132, '2023-02-22 11:51:57', 22),
	(1868, '借东西的小人阿莉埃蒂.mp4', b'0', NULL, NULL, 132, '2023-02-22 11:51:57', 22),
	(1869, '蜡笔小新剧场版花之天下春日部学院国语.mp4', b'0', NULL, NULL, 132, '2023-02-22 11:51:57', 22),
	(1870, '狼的孩子雨和雪 - 1.狼的孩子雨和雪_高能片段(Av329490562,P1).mp4', b'0', NULL, NULL, 132, '2023-02-22 11:51:57', 22),
	(1871, '利兹与青鸟.Liz.and.the.Blue.Bird.2018.BD1080P.X264.AAC.Japanese.CHS.mp4', b'0', NULL, NULL, 132, '2023-02-22 11:51:57', 22),
	(1872, '龙和雀斑公主.Ryuu.to.Sobakasu.no.Hime.2021.HD1080P.日语中字.mp4', b'0', NULL, NULL, 132, '2023-02-22 11:51:57', 22),
	(1873, '青蛇.Green.Snake.1993.web-dl.1080P.X264.2Audio.AAC.mkv', b'0', NULL, NULL, 132, '2023-02-22 11:51:57', 22),
	(1874, '日法.2017.Mutafukaz.MFKZ.中英双字.mp4', b'0', NULL, NULL, 132, '2023-02-22 11:51:57', 22),
	(1875, '生人勿进(美版) Let Me In 2010.rmvb', b'0', NULL, NULL, 132, '2023-02-22 11:51:57', 22),
	(1876, '时光倒流七十年.mp4', b'0', NULL, NULL, 132, '2023-02-22 11:51:57', 22),
	(1877, '双子杀手.Gemini.Man.2019.mp4', b'0', NULL, NULL, 132, '2023-02-22 11:51:57', 22),
	(1878, '未来的未来.Mirai.no.Mirai.2018.BD1080P.日语中字.mp4', b'0', NULL, NULL, 132, '2023-02-22 11:51:57', 22),
	(1879, '夏日幽灵.Summer.Ghost.2021.BD1080P.中日双字.mp4', b'0', NULL, NULL, 132, '2023-02-22 11:51:57', 22),
	(1880, '闲山：龙的出现.1080p.HD中字[66影视www.66Ys.Co].mp4', b'0', NULL, NULL, 132, '2023-02-22 11:51:57', 22),
	(1881, '小黄人2.mp4', b'0', NULL, NULL, 132, '2023-02-22 11:51:57', 22),
	(1882, '异邦人：无皇刃谭BD1280高清中字幕.rmvb', b'0', NULL, NULL, 132, '2023-02-22 11:51:57', 22),
	(1883, '英雄(导演剪辑加长版).Hero.2002.DC.BD-1080p.X264.AAC-99Mp4.mp4', b'0', NULL, NULL, 132, '2023-02-22 11:51:57', 22),
	(1884, '长津湖.The.Battle.At.Lake.Changjin.2021.WEB-DL.4K.H265.AAC.mp4', b'0', NULL, NULL, 132, '2023-02-22 11:51:57', 22),
	(1885, '[埃及王子]The Prince of Egypt (1998)', b'0', NULL, NULL, 132, '2023-02-22 11:51:57', 22),
	(1886, '[霸王别姬]Farewell.My.Concubine.1993', b'0', NULL, NULL, 132, '2023-02-22 11:51:57', 22),
	(1887, '[百日红]（2015）', b'0', NULL, NULL, 132, '2023-02-22 11:51:57', 22),
	(1888, '[大闹天宫]The Monkey King 3D（2011）', b'0', NULL, NULL, 132, '2023-02-22 11:51:57', 22),
	(1889, '[荡寇风云]God Of War (2017)', b'0', NULL, NULL, 132, '2023-02-22 11:51:57', 22),
	(1890, '[辉夜姬的物语]The Tale of Princess Kaguya 2013', b'0', NULL, NULL, 132, '2023-02-22 11:51:48', 22),
	(1891, '[克劳斯：圣诞节的秘密]Klaus.2019', b'0', NULL, NULL, 132, '2023-02-22 11:51:57', 22),
	(1892, '[狼的孩子雨和雪]The.Wolf.Children.Ame.and.Yuki.2012', b'0', NULL, NULL, 132, '2023-02-22 11:51:57', 22),
	(1893, '[魔法满屋]Encanto.2021', b'0', NULL, NULL, 132, '2023-02-22 11:51:57', 22),
	(1894, '[魔术师]The Illusionist（2010）', b'0', NULL, NULL, 132, '2023-02-22 11:51:57', 22),
	(1895, '[千年女優]Millennium Actress（2001）', b'0', NULL, NULL, 132, '2023-02-22 11:51:48', 22),
	(1897, '[兽兵卫忍风帖]Ninja Scroll（1993）', b'0', NULL, NULL, 132, '2023-02-22 11:51:48', 22),
	(1898, '[双城之战]Arcane', b'0', NULL, NULL, 132, '2023-02-22 11:51:57', 22),
	(1899, '[天气之子]Weathering With You (2019)', b'0', NULL, NULL, 132, '2023-02-22 11:51:58', 22),
	(1900, '[王国：北方的阿信] 2021', b'0', NULL, NULL, 132, '2023-02-22 11:51:57', 22),
	(1901, '[卧虎藏龙]Crouching Tiger, Hidden Dragon (2000)', b'0', NULL, NULL, 132, '2023-02-22 11:51:57', 22),
	(1902, '[吸血鬼猎人D：妖杀行]Vampire Hunter D：Bloodlust（2000）', b'0', NULL, NULL, 132, '2023-02-22 11:51:57', 22),
	(1903, '[邪不压正]Hidden.Man.2018', b'0', NULL, NULL, 132, '2023-02-22 11:51:57', 22),
	(1904, '[绣春刀]Brotherhood of Blades 2014', b'0', NULL, NULL, 132, '2023-02-22 11:51:57', 22),
	(1905, '[绣春刀II：修罗战场]Brotherhood of Blades II 2017', b'0', NULL, NULL, 132, '2023-02-22 11:51:57', 22),
	(1906, '[雪人奇缘]Abominable (2019)', b'0', NULL, NULL, 132, '2023-02-22 11:51:57', 22),
	(1907, '[妖猫传]Legend.of.The.Demon.Cat.2017', b'0', NULL, NULL, 132, '2023-02-22 11:51:48', 22),
	(1909, '[知否知否应是绿肥红瘦]The.Story.of.Ming.Lan.EP01-73.2018', b'0', NULL, NULL, 140, '2023-02-22 16:00:36', 22),
	(1910, '【更多高清电影访问 www.BBQDDQ.com】海兽之子[国配简繁特效中字].Children.of.the.Sea.2019.BluRay.1080p.DTS-HDMA.5.1.x265.10bit-BBQDDQ 8.54 GB', b'0', NULL, NULL, 132, '2023-02-22 11:51:57', 22),
	(1912, '参考片', b'0', NULL, NULL, 132, '2023-02-22 11:51:57', 22),
	(1913, '鬼灭之刃-无限列车篇&游郭篇', b'0', NULL, NULL, 132, '2023-02-22 11:51:57', 22),
	(1914, '花木兰1-2集', b'0', NULL, NULL, 132, '2023-02-22 11:51:57', 22),
	(1915, '加勒比海盗1：黑珍珠号的诅咒.Pirates.Of.The.Caribbean.The.Curse.Of.The.Black.Pearl.2003.1080p.BluRay.x264.7bt', b'0', NULL, NULL, 132, '2023-02-22 11:51:57', 22),
	(1916, '加勒比海盗2：聚魂棺.Pirates.Of.The.Caribbean.Dead.Mans.Chest.2006.1080p.BluRay.DTS.x264-7bt', b'0', NULL, NULL, 132, '2023-02-22 11:51:57', 22),
	(1917, '加勒比海盗3：世界的尽头.Pirates.Of.The.Caribbean.At.Worlds.End.2007.1080p.BluRay.DTS.x264-7bt', b'0', NULL, NULL, 132, '2023-02-22 11:51:57', 22),
	(1918, '加勒比海盗4：惊涛怪浪.Pirates.Of.The.Caribbean.On.Stranger.Tides.2011.1080p.BluRay.x264-7bt', b'0', NULL, NULL, 132, '2023-02-22 11:51:57', 22),
	(1919, '加勒比海盗5：死无对证.Pirates.of.the.Caribbean.Dead.Men.Tell.No.Tales.2017.1080p.BluRay.X264-7bt', b'0', NULL, NULL, 132, '2023-02-22 11:51:57', 22),
	(1921, '鸣梁海战', b'0', NULL, NULL, 132, '2023-02-22 11:51:57', 22),
	(1922, '夏日重现 2022', b'0', NULL, NULL, 132, '2023-02-22 11:51:57', 22),
	(1923, '[BeanSub&FZSD&LoliHouse] Kimetsu no Yaiba - 01 [WebRip 1080p HEVC-10bit AAC ASSx2].mkv', b'0', NULL, NULL, 132, '2023-02-22 11:51:48', 22),
	(1924, '[MCE][Gyokou no Nikuko-chan][Movie][GB][720P][x264 AAC].mp4', b'0', NULL, NULL, 132, '2023-02-22 11:51:48', 22),
	(1925, '【新海诚】言叶之庭.flv', b'0', NULL, NULL, 132, '2023-02-22 11:51:48', 22),
	(1926, '4K.侍神令国语中字无水印[66影视www.66Ys.Co].mp4', b'0', NULL, NULL, 132, '2023-02-22 11:51:48', 22),
	(1927, 'Avatar.2009.Extended.UHD.Re-Grade.2160p.x265.10bit.HDR.2Audio.mUHD-FRDS.mkv', b'0', NULL, NULL, 132, '2023-02-22 11:51:57', 22),
	(1928, 'Kung Fu Panda 2008 (1080p x265 10bit Tigole).mkv', b'0', NULL, NULL, 132, '2023-02-22 11:51:57', 22),
	(1929, 'Mulan (1998) (2160p BluRay x265 10bit HDR Tigole).mkv', b'0', NULL, NULL, 132, '2023-02-22 11:51:57', 22),
	(1930, '巴比伦.中英双字.Babylon.2022.HD1080P.X265.AAC-YYDS.mp4', b'0', NULL, NULL, 132, '2023-02-22 11:51:57', 22),
	(1931, '搏击俱乐部.mp4', b'0', NULL, NULL, 132, '2023-02-22 11:51:57', 22),
	(1932, '钢铁巨人.铁巨人.The Iron Giant.1999.1080p中字.BTBA.mp4', b'0', NULL, NULL, 132, '2023-02-22 11:51:57', 22),
	(1933, '海兽之子.mkv', b'0', NULL, NULL, 132, '2023-02-22 11:51:57', 22),
	(1934, '河东狮吼.2002.1080P.WEB-DL.X264.AAC.CHS.mp4', b'0', NULL, NULL, 132, '2023-02-22 11:51:57', 22),
	(1935, '回忆三部曲.1080p.BD中字[最新电影www.66e.cc].mp4', b'0', NULL, NULL, 132, '2023-02-22 11:51:57', 22),
	(1936, 'AE表达式：时间和帧数文本.txt', b'0', NULL, NULL, 14, '2023-02-17 16:22:31', 21),
	(1939, '日本动画常用术语.docx', b'0', NULL, NULL, 3, '2023-02-21 18:04:12', 4),
	(1940, '元气动画中.日.英.韩.动画制作常用术语表----禁止外流.doc', b'0', NULL, NULL, 3, '2023-02-21 18:04:12', 4),
	(1941, 'K', b'0', NULL, NULL, 135, '2023-02-22 14:51:00', 22),
	(1942, '宝石宠物 Twinkle☆', b'0', NULL, NULL, 135, '2023-02-22 14:51:00', 22),
	(1943, '刀剑神域', b'0', NULL, NULL, 135, '2023-02-22 14:51:00', 22),
	(1944, '短暂和平', b'0', NULL, NULL, 135, '2023-02-22 14:51:00', 22),
	(1945, '革命机valvrave', b'0', NULL, NULL, 135, '2023-02-22 14:51:00', 22),
	(1946, '鬼灭之刃', b'0', NULL, NULL, 135, '2023-02-22 14:51:00', 22),
	(1947, '狐仙传', b'0', NULL, NULL, 135, '2023-02-22 14:51:00', 22),
	(1948, '火影忍者疾风传', b'0', NULL, NULL, 135, '2023-02-22 14:51:00', 22),
	(1949, '寄生兽', b'0', NULL, NULL, 135, '2023-02-22 14:51:00', 22),
	(1950, '狼的孩子雨和雪', b'0', NULL, NULL, 135, '2023-02-22 14:51:00', 22),
	(1951, '穆内：月亮守護者', b'0', NULL, NULL, 135, '2023-02-22 14:51:00', 22),
	(1952, '平家物语场景设定', b'0', NULL, NULL, 135, '2023-02-22 14:51:00', 22),
	(1953, '神探夏洛克犬', b'0', NULL, NULL, 135, '2023-02-22 14:51:00', 22),
	(1954, '天池武代', b'0', NULL, NULL, 135, '2023-02-22 14:51:00', 22),
	(1955, '无隍刀谭', b'0', NULL, NULL, 135, '2023-02-22 14:51:00', 22),
	(1956, '小林家的龙女仆', b'0', NULL, NULL, 135, '2023-02-22 14:51:00', 22),
	(1957, '小魔女学园', b'0', NULL, NULL, 135, '2023-02-22 14:51:00', 22),
	(1958, '星际牛仔', b'0', NULL, NULL, 135, '2023-02-22 14:51:00', 22),
	(1959, '悠哉日常大王', b'0', NULL, NULL, 135, '2023-02-22 14:51:00', 22),
	(1960, '只有神知道的世界 女神篇', b'0', NULL, NULL, 135, '2023-02-22 14:51:00', 22),
	(1961, '电视剧【汉武大帝】', b'0', NULL, NULL, 140, '2023-02-22 12:00:49', 22),
	(1962, '电视剧【墨攻】', b'0', NULL, NULL, 140, '2023-02-22 12:00:49', 22),
	(1963, '电视剧【贞观之治】', b'0', NULL, NULL, 140, '2023-02-22 12:00:49', 22),
	(1964, '电视剧【知否】', b'0', NULL, NULL, 140, '2023-02-22 12:00:49', 22),
	(1965, '梦华录 更新至26', b'0', NULL, NULL, 140, '2023-02-22 14:58:28', 22),
	(1966, 'DOTA龙之血', b'0', NULL, NULL, 140, '2023-02-22 15:04:44', 22),
	(1967, '[长安十二时辰]The.Longest.Day.In.Chang\'an.EP01-48.2019', b'0', NULL, NULL, 140, '2023-02-22 15:33:34', 22),
	(1968, '[赛博朋克-边缘行者]Cyberpunk Edgerunners（2022）', b'0', NULL, NULL, 140, '2023-02-22 15:38:47', 22),
	(1969, 'illustration_北斗北《长安十二时辰》美术概念图.eaglepack', b'0', NULL, NULL, 135, '2023-02-24 17:33:15', 27),
	(1970, '《汉族·傩》完整版', b'0', NULL, NULL, 18, '2023-02-27 18:18:42', 27),
	(1971, '《人间彩蛋》鄂伦春族最后一个女萨满是如何通神的？', b'0', NULL, NULL, 18, '2023-02-27 18:18:42', 27),
	(1972, '【古琴·乐舞】《神人畅》与神共舞，用想像填补历史的空白｜ 汉代装束复原', b'0', NULL, NULL, 18, '2023-02-27 18:18:42', 27),
	(1973, '2021 B站中秋晚会《花好月圆会》', b'0', NULL, NULL, 18, '2023-02-27 18:18:42', 27),
	(1974, '成都武侯祠博物馆大年初一仿古祭祀典礼 第二部分', b'0', NULL, NULL, 18, '2023-02-27 18:18:42', 27),
	(1975, '成都武侯祠博物馆大年初一仿古祭祀典礼第一部分', b'0', NULL, NULL, 18, '2023-02-27 18:18:42', 27),
	(1976, '夺宝奇兵2 琼斯博士一行人探险撞见巫师祭祀，现场惊悚吓人', b'0', NULL, NULL, 18, '2023-02-27 18:18:42', 27),
	(1977, '古风空镜 祭祀礼 斩杀恶龙', b'0', NULL, NULL, 18, '2023-02-27 18:18:42', 27),
	(1978, '国家级非遗文化湛江雷州傩舞，起源于原始社会图腾崇拜祭祀仪式', b'0', NULL, NULL, 18, '2023-02-27 18:18:42', 27),
	(1979, '哈卡斯巫师在当地圣山祭祀祖先', b'0', NULL, NULL, 18, '2023-02-27 18:18:42', 27),
	(1980, '蒙古传统祭祀活动现场，巫师穿的衣服狰狞恐怖，有些吓人', b'0', NULL, NULL, 18, '2023-02-27 18:18:42', 27),
	(1981, '你有看过道教 庙新建好 钟馗 开庙门的仪式吗', b'0', NULL, NULL, 18, '2023-02-27 18:18:42', 27),
	(1982, '萨满的破关', b'0', NULL, NULL, 18, '2023-02-27 18:18:42', 27),
	(1983, '四年等一回闽南“送王船”（王醮）庆典，网友：场面堪比好莱坞巨幕，十分震撼！', b'0', NULL, NULL, 18, '2023-02-27 18:18:42', 27),
	(1984, '外地人眼中的闽台民俗，这是狂野的生命传承，炫彩诡异热闹喧嚣', b'0', NULL, NULL, 18, '2023-02-27 18:18:42', 27);
/*!40000 ALTER TABLE `asset` ENABLE KEYS */;

-- 导出  表 iceprocess.assetdirectory 结构
DROP TABLE IF EXISTS `assetdirectory`;
CREATE TABLE IF NOT EXISTS `assetdirectory` (
  `id` int unsigned NOT NULL AUTO_INCREMENT COMMENT 'ID',
  `name` varchar(16) DEFAULT NULL COMMENT '名称',
  `Illustration` varchar(64) DEFAULT NULL COMMENT '说明',
  `parentid` int unsigned DEFAULT NULL COMMENT '父目录ID',
  `id_nas` int unsigned DEFAULT NULL COMMENT 'NAS服务器的ID',
  PRIMARY KEY (`id`),
  KEY `FK_parent_assetdirectory` (`parentid`),
  KEY `FK_assetdirectory_nas` (`id_nas`),
  CONSTRAINT `FK_assetdirectory_nas` FOREIGN KEY (`id_nas`) REFERENCES `nas` (`id`),
  CONSTRAINT `FK_parent_assetdirectory` FOREIGN KEY (`parentid`) REFERENCES `assetdirectory` (`id`)
) ENGINE=InnoDB AUTO_INCREMENT=140 DEFAULT CHARSET=utf8mb4 COLLATE=utf8mb4_0900_ai_ci COMMENT='主目录树';

-- 正在导出表  iceprocess.assetdirectory 的数据：~0 rows (大约)
/*!40000 ALTER TABLE `assetdirectory` DISABLE KEYS */;
INSERT INTO `assetdirectory` (`id`, `name`, `Illustration`, `parentid`, `id_nas`) VALUES
	(1, '通用资产库', NULL, NULL, 1),
	(2, '资产库测试', NULL, 1, NULL),
	(3, '教程和文档', NULL, 1, NULL),
	(4, '关于剧情', NULL, 3, NULL),
	(5, '关于概念', NULL, 3, NULL),
	(6, '关于场景', NULL, 3, NULL),
	(7, '关于角色', NULL, 3, NULL),
	(8, '关于线条', NULL, 3, NULL),
	(9, '关于色彩', NULL, 3, NULL),
	(10, '关于道具', NULL, 3, NULL),
	(11, '关于手绘动画', NULL, 3, NULL),
	(12, '关于手绘特效', NULL, 3, NULL),
	(13, '关于后期特效', NULL, 3, NULL),
	(14, '关于合成', NULL, 3, NULL),
	(15, '关于剪辑', NULL, 3, NULL),
	(16, '参考', NULL, 1, NULL),
	(17, '人文', NULL, 16, NULL),
	(18, '角色', NULL, 17, NULL),
	(19, '建筑', NULL, 17, NULL),
	(20, '服饰', NULL, 17, NULL),
	(21, '饮食', NULL, 17, NULL),
	(22, '习俗', NULL, 17, NULL),
	(23, '道具', NULL, 17, NULL),
	(24, '自然', NULL, 16, NULL),
	(25, '景观', NULL, 24, NULL),
	(26, '动物', NULL, 24, NULL),
	(27, '植物', NULL, 24, NULL),
	(28, '现象', NULL, 24, NULL),
	(29, '软件', NULL, 1, NULL),
	(30, '通用办公', NULL, 29, NULL),
	(31, 'Office系列', NULL, 30, NULL),
	(32, '流程管理', NULL, 30, NULL),
	(33, '动画制作', NULL, 29, NULL),
	(34, 'Adobe', NULL, 33, NULL),
	(35, 'AE插件', NULL, 34, NULL),
	(36, 'PS插件', NULL, 34, NULL),
	(37, 'Pr插件', NULL, 34, NULL),
	(38, '动画绘画', NULL, 33, NULL),
	(39, '合成', NULL, 33, NULL),
	(40, '三维', NULL, 33, NULL),
	(41, 'Blender插件', NULL, 40, NULL),
	(42, 'Maya插件', NULL, 40, NULL),
	(43, '3DMax插件', NULL, 40, NULL),
	(44, 'UnrealEngine插件', NULL, 40, NULL),
	(45, '其它工具', NULL, 29, NULL),
	(46, '云端存储', NULL, 45, NULL),
	(47, '图片管理', NULL, 45, NULL),
	(48, '播放器', NULL, 45, NULL),
	(49, '文件管理', NULL, 45, NULL),
	(50, '操作系统', NULL, 29, NULL),
	(51, '素材', NULL, 1, NULL),
	(52, '内部产出', NULL, 51, NULL),
	(53, '手绘', NULL, 52, NULL),
	(54, '美术', NULL, 53, NULL),
	(55, '建筑', NULL, 54, NULL),
	(56, '人物', NULL, 54, NULL),
	(57, '动物', NULL, 54, NULL),
	(58, '道具', NULL, 54, NULL),
	(59, '植物', NULL, 54, NULL),
	(60, '图案', NULL, 54, NULL),
	(61, '动画', NULL, 53, NULL),
	(62, '建筑', NULL, 61, NULL),
	(63, '人物', NULL, 61, NULL),
	(64, '动物', NULL, 61, NULL),
	(65, '道具', NULL, 61, NULL),
	(66, '植物', NULL, 61, NULL),
	(67, '特效', NULL, 53, NULL),
	(68, '三维', NULL, 52, NULL),
	(69, '建筑', NULL, 68, NULL),
	(70, '人物', NULL, 68, NULL),
	(71, '动物', NULL, 68, NULL),
	(72, '道具', NULL, 68, NULL),
	(73, '植物', NULL, 68, NULL),
	(74, '模板预设', NULL, 52, NULL),
	(75, 'AE模板', NULL, 74, NULL),
	(76, 'AE效果预设', NULL, 74, NULL),
	(77, 'Pr模板', NULL, 74, NULL),
	(78, 'PS模板', NULL, 74, NULL),
	(79, '外部资源', NULL, 51, NULL),
	(80, '贴图', NULL, 79, NULL),
	(81, 'HDR环境', NULL, 80, NULL),
	(82, '自然', NULL, 80, NULL),
	(83, '人文', NULL, 80, NULL),
	(84, '材质', NULL, 79, NULL),
	(85, 'Maya', NULL, 84, NULL),
	(86, 'Mental Ray', NULL, 85, NULL),
	(87, '30MAX', NULL, 84, NULL),
	(88, 'V-Ray', NULL, 87, NULL),
	(89, 'Houdini', NULL, 84, NULL),
	(90, 'Mantra', NULL, 89, NULL),
	(91, 'Arnold', NULL, 89, NULL),
	(92, 'Blender', NULL, 84, NULL),
	(93, 'UnrealEngine', NULL, 84, NULL),
	(94, '模型', NULL, 79, NULL),
	(95, '建筑', NULL, 94, NULL),
	(96, '人物', NULL, 94, NULL),
	(97, '动物', NULL, 94, NULL),
	(98, '道具', NULL, 94, NULL),
	(99, '植物', NULL, 94, NULL),
	(100, '音效', NULL, 79, NULL),
	(101, '动物', NULL, 100, NULL),
	(102, '陆地', NULL, 101, NULL),
	(103, '虫类', NULL, 102, NULL),
	(104, '禽类', NULL, 102, NULL),
	(105, '哺乳类', NULL, 102, NULL),
	(106, '水生', NULL, 101, NULL),
	(107, '环境', NULL, 100, NULL),
	(108, '风', NULL, 107, NULL),
	(109, '火', NULL, 107, NULL),
	(110, '雷', NULL, 107, NULL),
	(111, '水', NULL, 107, NULL),
	(112, '雨', NULL, 107, NULL),
	(113, '氛围', NULL, 107, NULL),
	(114, '恐怖', NULL, 113, NULL),
	(115, '夜晚', NULL, 113, NULL),
	(116, '人类', NULL, 100, NULL),
	(117, '动作', NULL, 116, NULL),
	(118, '战斗', NULL, 117, NULL),
	(119, '脚步', NULL, 117, NULL),
	(120, '情绪', NULL, 116, NULL),
	(121, '物体', NULL, 100, NULL),
	(122, '战争', NULL, 121, NULL),
	(123, '布料', NULL, 121, NULL),
	(124, '下坠', NULL, 121, NULL),
	(125, '器具', NULL, 121, NULL),
	(126, '音乐', NULL, 79, NULL),
	(127, '歌曲', NULL, 126, NULL),
	(128, '器乐', NULL, 126, NULL),
	(129, '合集', NULL, 1, NULL),
	(130, '特定风格', NULL, 129, NULL),
	(131, '艺术家画集', NULL, 129, NULL),
	(132, '电影', NULL, 129, NULL),
	(133, '剧集', NULL, 129, NULL),
	(134, '书刊', NULL, 129, NULL),
	(135, '设定集', NULL, 134, NULL),
	(136, '期刊', NULL, 134, NULL),
	(137, '书籍,漫画', NULL, 134, NULL),
	(138, '团建', NULL, 129, NULL),
	(139, '采风', NULL, 129, NULL),
	(140, '电视剧', NULL, 133, NULL),
	(141, '短片', NULL, 133, NULL),
	(142, '纪录片', NULL, 133, NULL),
	(143, '短视频', NULL, 133, NULL),
	(144, '音乐音频', NULL, 33, NULL),
	(145, '格式转换', NULL, 45, NULL),
	(146, '关于三维', NULL, 3, NULL),
	(147, '关于模型', NULL, 146, NULL),
	(148, '关于贴图', NULL, 146, NULL),
	(149, '关于材质', NULL, 146, NULL),
	(150, '关于灯光', NULL, 146, NULL),
	(151, '关于绑定', NULL, 146, NULL),
	(152, '关于三维动画', NULL, 146, NULL),
	(153, '关于渲染', NULL, 146, NULL),
	(154, '图案', NULL, 17, NULL),
	(155, '效果音', NULL, 100, NULL);
/*!40000 ALTER TABLE `assetdirectory` ENABLE KEYS */;

-- 导出  表 iceprocess.assetlabel 结构
DROP TABLE IF EXISTS `assetlabel`;
CREATE TABLE IF NOT EXISTS `assetlabel` (
  `id` int unsigned NOT NULL AUTO_INCREMENT COMMENT 'ID',
  `name` varchar(16) DEFAULT NULL COMMENT '名称',
  `Illustration` varchar(64) DEFAULT NULL COMMENT '说明',
  PRIMARY KEY (`id`)
) ENGINE=InnoDB AUTO_INCREMENT=480 DEFAULT CHARSET=utf8mb4 COLLATE=utf8mb4_0900_ai_ci COMMENT='资产标签';

-- 正在导出表  iceprocess.assetlabel 的数据：~0 rows (大约)
/*!40000 ALTER TABLE `assetlabel` DISABLE KEYS */;
INSERT INTO `assetlabel` (`id`, `name`, `Illustration`) VALUES
	(1, '环境', NULL),
	(2, '人物', NULL),
	(3, '动物', NULL),
	(4, '植物', NULL),
	(5, '道具', NULL),
	(6, '情节', NULL),
	(7, '服饰', NULL),
	(8, '建筑', NULL),
	(9, '现象(特效)', NULL),
	(10, '图案', NULL),
	(11, '仅供参考', NULL),
	(12, '可作素材', NULL),
	(13, '内部产出', NULL),
	(14, '外部资源', NULL),
	(15, '故事组', NULL),
	(16, '导演组', NULL),
	(17, '制片组', NULL),
	(18, '美术组', NULL),
	(19, '动画组', NULL),
	(20, '三维组', NULL),
	(21, '后期组', NULL),
	(22, '剧情', NULL),
	(23, '概念', NULL),
	(24, '场景', NULL),
	(25, '角色', NULL),
	(26, '线条', NULL),
	(27, '色彩', NULL),
	(28, '道具', NULL),
	(29, '手绘动画', NULL),
	(30, '手绘特效', NULL),
	(31, '后期特效', NULL),
	(32, '合成', NULL),
	(33, '剪辑', NULL),
	(34, '宫崎俊', NULL),
	(35, '鸟山明', NULL),
	(36, 'B站', NULL),
	(37, '我图网', NULL),
	(38, '百度贴吧', NULL),
	(39, '中国动漫周刊', NULL),
	(40, '日本动漫年报', NULL),
	(41, '连续剧', NULL),
	(42, '纪录片', NULL),
	(43, '短片', NULL),
	(44, '短视频', NULL),
	(45, '2019周年庆', NULL),
	(46, '2020年会', NULL),
	(47, '2022泉州采风', NULL),
	(48, '2021敦煌采风', NULL),
	(49, '北京', NULL),
	(50, '泉州', NULL),
	(51, '敦煌', NULL),
	(52, '动作片', NULL),
	(53, '历史片', NULL),
	(54, '情感片', NULL),
	(55, '科幻片', NULL),
	(56, '春季', NULL),
	(57, '夏季', NULL),
	(58, '秋季', NULL),
	(59, '冬季', NULL),
	(60, '凌晨', NULL),
	(61, '清晨', NULL),
	(62, '上午', NULL),
	(63, '中午', NULL),
	(64, '下午', NULL),
	(65, '傍晚', NULL),
	(66, '夜晚', NULL),
	(67, '落叶', NULL),
	(68, '彩虹', NULL),
	(69, '蓝眼泪', NULL),
	(70, '海市蜃楼', NULL),
	(71, '云彩', NULL),
	(72, '丁达尔光', NULL),
	(73, '火焰', NULL),
	(74, '风', NULL),
	(75, '水', NULL),
	(76, '雷,闪电', NULL),
	(77, '雨', NULL),
	(78, '雪', NULL),
	(79, '雾气', NULL),
	(80, '枪火', NULL),
	(81, '破碎', NULL),
	(82, '血液', NULL),
	(83, '水墨', NULL),
	(84, '灯光', NULL),
	(85, '斗气', NULL),
	(86, '法阵', NULL),
	(87, '歌曲', NULL),
	(88, '器乐', NULL),
	(89, '钢琴', NULL),
	(90, '吉他', NULL),
	(91, '笛/萧', NULL),
	(92, '提琴', NULL),
	(93, '高昂', NULL),
	(94, '悲情', NULL),
	(95, '热烈', NULL),
	(96, '欢快', NULL),
	(97, '幽默', NULL),
	(98, '深沉', NULL),
	(99, '男性', NULL),
	(100, '女性', NULL),
	(101, '雌性', NULL),
	(102, '雄性', NULL),
	(103, '婴儿', NULL),
	(104, '幼年', NULL),
	(105, '少年', NULL),
	(106, '青年', NULL),
	(107, '中年', NULL),
	(108, '老年', NULL),
	(109, '学生', NULL),
	(110, '老师', NULL),
	(111, '皇帝', NULL),
	(112, '军师', NULL),
	(113, '水手', NULL),
	(114, '倭寇', NULL),
	(115, '倭寇头目', NULL),
	(116, '官兵', NULL),
	(117, '狱卒', NULL),
	(118, '画师', NULL),
	(119, '白人', NULL),
	(120, '黄种人', NULL),
	(121, '黑人', NULL),
	(122, '狗头人', NULL),
	(123, '狐妖', NULL),
	(124, '桃花妖', NULL),
	(125, '开朗', NULL),
	(126, '忧郁', NULL),
	(127, '稳重', NULL),
	(128, '豪放', NULL),
	(129, '狡诈', NULL),
	(130, '野蛮', NULL),
	(131, '开心', NULL),
	(132, '大笑', NULL),
	(133, '伤心', NULL),
	(134, '大哭', NULL),
	(135, '思考', NULL),
	(136, '无奈', NULL),
	(137, '妩媚', NULL),
	(138, '愤怒', NULL),
	(139, '哺乳类', NULL),
	(140, '鸟类', NULL),
	(141, '鱼类', NULL),
	(142, '爬行类', NULL),
	(143, '昆虫类', NULL),
	(144, '节肢类', NULL),
	(145, '其它动物类', NULL),
	(146, '猫', NULL),
	(147, '狗', NULL),
	(148, '鹦鹉', NULL),
	(149, '牛', NULL),
	(150, '马', NULL),
	(151, '羊', NULL),
	(152, '鸡', NULL),
	(153, '鹅', NULL),
	(154, '蛇', NULL),
	(155, '蜘蛛', NULL),
	(156, '大雁', NULL),
	(157, '海鸥', NULL),
	(158, '海萤', NULL),
	(159, '树木', NULL),
	(160, '花', NULL),
	(161, '草', NULL),
	(162, '藤蔓', NULL),
	(163, '藻类', NULL),
	(164, '其它植物类', NULL),
	(165, '牡丹', NULL),
	(166, '月季', NULL),
	(167, '百合', NULL),
	(168, '君子兰', NULL),
	(169, '荷花', NULL),
	(170, '水稻', NULL),
	(171, '小麦', NULL),
	(172, '玉米', NULL),
	(173, '西瓜', NULL),
	(174, '桃树', NULL),
	(175, '苹果树', NULL),
	(176, '松树', NULL),
	(177, '白桦树', NULL),
	(178, '柳树', NULL),
	(179, '眼睛', NULL),
	(180, '头发', NULL),
	(181, '耳朵', NULL),
	(182, '鼻子', NULL),
	(183, '嘴', NULL),
	(184, '手', NULL),
	(185, '脚', NULL),
	(186, '爪子', NULL),
	(187, '翅膀', NULL),
	(188, '绒毛', NULL),
	(189, '羽毛', NULL),
	(190, '尾巴', NULL),
	(191, '牙齿', NULL),
	(192, '眼睛', NULL),
	(193, '耳朵', NULL),
	(194, '鼻子', NULL),
	(195, '嘴', NULL),
	(196, '卵', NULL),
	(197, '根', NULL),
	(198, '茎', NULL),
	(199, '枝条', NULL),
	(200, '叶', NULL),
	(201, '花瓣', NULL),
	(202, '花蕊', NULL),
	(203, '表皮', NULL),
	(204, '种子', NULL),
	(205, '山林', NULL),
	(206, '雨林', NULL),
	(207, '草原', NULL),
	(208, '峭壁', NULL),
	(209, '洞穴', NULL),
	(210, '河流', NULL),
	(211, '湖泊', NULL),
	(212, '海洋', NULL),
	(213, '城市', NULL),
	(214, '村庄', NULL),
	(215, '热带', NULL),
	(216, '亚热带', NULL),
	(217, '温带', NULL),
	(218, '寒带', NULL),
	(219, '中国北方', NULL),
	(220, '中国沿海', NULL),
	(221, '中国南方', NULL),
	(222, '北美洲', NULL),
	(223, '澳洲', NULL),
	(224, '东南亚', NULL),
	(225, '非洲', NULL),
	(226, '北欧', NULL),
	(227, '欧洲', NULL),
	(228, '交通工具', NULL),
	(229, '生产工具', NULL),
	(230, '生活用品', NULL),
	(231, '战争器械', NULL),
	(232, '活动器具', NULL),
	(233, '食物', NULL),
	(234, '车', NULL),
	(235, '船', NULL),
	(236, '飞行器', NULL),
	(237, '潜水器', NULL),
	(238, '人力车', NULL),
	(239, '畜力车', NULL),
	(240, '汽车', NULL),
	(241, '火车', NULL),
	(242, '战车', NULL),
	(243, '渔船', NULL),
	(244, '客船', NULL),
	(245, '商船', NULL),
	(246, '战船', NULL),
	(247, '私人飞机', NULL),
	(248, '小型客机', NULL),
	(249, '民航客机', NULL),
	(250, '战斗机', NULL),
	(251, '无人机', NULL),
	(252, '水下探测器', NULL),
	(253, '潜艇', NULL),
	(254, '土木建设', NULL),
	(255, '农耕', NULL),
	(256, '锤子', NULL),
	(257, '扳手', NULL),
	(258, '钳子', NULL),
	(259, '螺丝', NULL),
	(260, '弹簧', NULL),
	(261, '推土机', NULL),
	(262, '挖掘机', NULL),
	(263, '镰刀', NULL),
	(264, '钉耙', NULL),
	(265, '收割机', NULL),
	(266, '冷兵器', NULL),
	(267, '火器', NULL),
	(268, '长矛', NULL),
	(269, '刀', NULL),
	(270, '剑', NULL),
	(271, '匕首', NULL),
	(272, '刺刀', NULL),
	(273, '弓', NULL),
	(274, '弩', NULL),
	(275, '火铳', NULL),
	(276, '火炮', NULL),
	(277, '火箭', NULL),
	(278, '枪械', NULL),
	(279, '手雷', NULL),
	(280, '地雷', NULL),
	(281, '导弹', NULL),
	(282, '餐具', NULL),
	(283, '家具', NULL),
	(284, '灯具', NULL),
	(285, '主食', NULL),
	(286, '肉类', NULL),
	(287, '蔬菜', NULL),
	(288, '水果', NULL),
	(289, '烹饪菜肴', NULL),
	(290, '春节', NULL),
	(291, '元宵节', NULL),
	(292, '端午节', NULL),
	(293, '中元节', NULL),
	(294, '中秋节', NULL),
	(295, '婚礼', NULL),
	(296, '祭奠', NULL),
	(297, '祭典', NULL),
	(298, '舞狮', NULL),
	(299, '舞龙', NULL),
	(300, '立春', NULL),
	(301, '雨水', NULL),
	(302, '惊蛰', NULL),
	(303, '春分', NULL),
	(304, '清明', NULL),
	(305, '谷雨', NULL),
	(306, '立夏', NULL),
	(307, '小满', NULL),
	(308, '芒种', NULL),
	(309, '夏至', NULL),
	(310, '小暑', NULL),
	(311, '大暑', NULL),
	(312, '立秋', NULL),
	(313, '处暑', NULL),
	(314, '白露', NULL),
	(315, '秋分', NULL),
	(316, '寒露', NULL),
	(317, '霜降', NULL),
	(318, '立冬', NULL),
	(319, '小雪', NULL),
	(320, '大雪', NULL),
	(321, '冬至', NULL),
	(322, '小寒', NULL),
	(323, '大寒', NULL),
	(324, '太古', NULL),
	(325, '远古', NULL),
	(326, '上古', NULL),
	(327, '中古', NULL),
	(328, '近古', NULL),
	(329, '近代', NULL),
	(330, '现代', NULL),
	(331, '当代', NULL),
	(332, '夏', NULL),
	(333, '商', NULL),
	(334, '周', NULL),
	(335, '秦', NULL),
	(336, '汉', NULL),
	(337, '唐', NULL),
	(338, '宋', NULL),
	(339, '元', NULL),
	(340, '明', NULL),
	(341, '清', NULL),
	(342, '武王伐纣', NULL),
	(343, '商央变法', NULL),
	(344, '王莽篡汉', NULL),
	(345, '楚汉战争', NULL),
	(346, '安史之乱', NULL),
	(347, '统治阶层', NULL),
	(348, '达官显贵', NULL),
	(349, '商界富豪', NULL),
	(350, '中产阶级', NULL),
	(351, '无产百姓', NULL),
	(352, '穷困潦倒', NULL),
	(353, '街头乞丐', NULL),
	(354, '佛教', NULL),
	(355, '道教', NULL),
	(356, '伊斯兰教', NULL),
	(357, '基督教', NULL),
	(358, '现代中式风格', NULL),
	(359, '中式风格', NULL),
	(360, '中式古典风格', NULL),
	(361, '日式风格', NULL),
	(362, '东南亚风格', NULL),
	(363, '北欧风格', NULL),
	(364, '简欧风格', NULL),
	(365, '传统欧式风格', NULL),
	(366, '欧式古典风格', NULL),
	(367, '欧式田园风格', NULL),
	(368, '地中海风格', NULL),
	(369, '美式风格', NULL),
	(370, '美式田园风格', NULL),
	(371, '美式古典风格', NULL),
	(372, '瑞丽', NULL),
	(373, '甜美', NULL),
	(374, '淑女', NULL),
	(375, '名媛', NULL),
	(376, '清新', NULL),
	(377, '田园', NULL),
	(378, '休闲', NULL),
	(379, '运动', NULL),
	(380, '中性', NULL),
	(381, '商务', NULL),
	(382, '简约', NULL),
	(383, '森系', NULL),
	(384, '日风', NULL),
	(385, '欧美', NULL),
	(386, '复古', NULL),
	(387, '中国风', NULL),
	(388, '波西米亚', NULL),
	(389, '洛丽塔', NULL),
	(390, '哥特', NULL),
	(391, '巴洛克', NULL),
	(392, '中国风', NULL),
	(393, '流行', NULL),
	(394, '古典', NULL),
	(395, '电子乐', NULL),
	(396, '交响乐', NULL),
	(397, '摇滚乐', NULL),
	(398, '民族风', NULL),
	(399, '说唱', NULL),
	(400, '戏曲', NULL),
	(401, '批处理', NULL),
	(402, '生成', NULL),
	(403, '变换', NULL),
	(404, '风格化', NULL),
	(405, '调色', NULL),
	(406, '眼踪', NULL),
	(407, '动态处理', NULL),
	(408, '编解码', NULL),
	(409, '绘图', NULL),
	(410, '动画', NULL),
	(411, '合成', NULL),
	(412, '特效', NULL),
	(413, '剪辑', NULL),
	(414, '音乐制作', NULL),
	(415, '音频处理', NULL),
	(416, '播放器', NULL),
	(417, '格式转换', NULL),
	(418, '办公通用', NULL),
	(419, '图片管理', NULL),
	(420, '文件管理', NULL),
	(421, '流程管理', NULL),
	(422, '云端存储', NULL),
	(423, '人工智能', NULL),
	(424, 'Adobe', NULL),
	(425, 'AutoDesk', NULL),
	(426, '宠物', NULL),
	(427, '家畜', NULL),
	(428, '野生动物', NULL),
	(429, '观赏', NULL),
	(430, '种植', NULL),
	(431, '野生植物', NULL),
	(432, '自然', NULL),
	(433, '人文', NULL),
	(434, '魔幻', NULL),
	(435, 'PhotoShop', NULL),
	(436, 'AfterEffects', NULL),
	(437, 'Premiere', NULL),
	(438, 'Blender', NULL),
	(439, 'MAYA', NULL),
	(440, '3DMax', NULL),
	(441, 'UnrealEngine', NULL),
	(442, 'Unity', NULL),
	(443, 'PAINT', NULL),
	(444, 'TVPAnimation ', NULL),
	(445, 'Moho', NULL),
	(446, 'PaintMan', NULL),
	(447, 'ToonBoom', NULL),
	(450, '海浪', NULL),
	(451, '溪流', NULL),
	(452, '水波纹', NULL),
	(453, '水底', NULL),
	(454, '走', NULL),
	(455, '跑', NULL),
	(456, '跳', NULL),
	(457, '坐', NULL),
	(458, '站立', NULL),
	(459, '卧', NULL),
	(460, '打斗', NULL),
	(461, '脚步', NULL),
	(462, '战争', NULL),
	(464, '衣物摩擦', NULL),
	(465, '器具', NULL),
	(466, '下坠', NULL),
	(467, '搞笑', NULL),
	(468, '写实', NULL),
	(469, '卡通', NULL),
	(470, '恐怖', NULL),
	(471, '粗模', NULL),
	(472, '精模', NULL),
	(473, '有贴图', NULL),
	(474, '有材质', NULL),
	(475, '已绑定', NULL),
	(476, '有动画', NULL),
	(477, '已打光', NULL),
	(478, '有摄像机', NULL),
	(479, '镜头运动', NULL),
	(480, '电影', NULL),
	(481, '三维', NULL),
	(482, '系统工具', NULL),
	(483, '老鼠', NULL),
	(484, '情绪,表情', NULL),
	(485, '光', NULL),
	(486, '变身', NULL),
	(487, '烟花', NULL),
	(488, '中村丰', NULL),
	(489, '龙', NULL),
	(490, '骆驼', NULL),
	(491, '沙漠', NULL),
	(492, '新海诚', NULL),
	(493, '会飞', NULL),
	(494, '会游水', NULL),
	(495, '会打洞', NULL),
	(496, '动画片', NULL),
	(497, '二维动画', NULL),
	(498, '三维动画', NULL),
	(499, '三渲二动画', NULL),
	(500, '定格动画', NULL),
	(501, '模型', NULL),
	(502, '贴图', NULL),
	(503, '材质', NULL),
	(504, '灯光', NULL),
	(505, '绑定', NULL),
	(506, '三维动画', NULL),
	(507, '渲染', NULL),
	(508, '三维', NULL),
	(509, 'Retas', NULL),
	(510, '粉尘', NULL),
	(511, '效果音', NULL),
	(512, '2022嘉兴采风', NULL);
/*!40000 ALTER TABLE `assetlabel` ENABLE KEYS */;

-- 导出  表 iceprocess.assetlabelgroup 结构
DROP TABLE IF EXISTS `assetlabelgroup`;
CREATE TABLE IF NOT EXISTS `assetlabelgroup` (
  `id` int unsigned NOT NULL AUTO_INCREMENT COMMENT 'ID',
  `name` char(16) DEFAULT NULL COMMENT '名称',
  `Illustration` varchar(64) DEFAULT NULL COMMENT '说明',
  `allassettype` bit(1) DEFAULT b'0' COMMENT '资产类型通用',
  `allproject` bit(1) DEFAULT b'1' COMMENT '项目通用',
  PRIMARY KEY (`id`)
) ENGINE=InnoDB AUTO_INCREMENT=81 DEFAULT CHARSET=utf8mb4 COLLATE=utf8mb4_0900_ai_ci COMMENT='资产标签组';

-- 正在导出表  iceprocess.assetlabelgroup 的数据：~0 rows (大约)
/*!40000 ALTER TABLE `assetlabelgroup` DISABLE KEYS */;
INSERT INTO `assetlabelgroup` (`id`, `name`, `Illustration`, `allassettype`, `allproject`) VALUES
	(1, '画面主体', NULL, b'0', b'1'),
	(2, '应用方式', NULL, b'0', b'1'),
	(3, '资产来源', NULL, b'0', b'1'),
	(4, '内部制作组', NULL, b'0', b'1'),
	(5, '制作工序', NULL, b'0', b'1'),
	(6, '知名艺术家', NULL, b'0', b'1'),
	(7, '声音来源', NULL, b'0', b'1'),
	(8, '订阅书刊', NULL, b'0', b'1'),
	(9, '影视分类', NULL, b'0', b'1'),
	(10, '团建合集', NULL, b'0', b'1'),
	(11, '采风合集', NULL, b'0', b'1'),
	(12, '常用地点', NULL, b'0', b'1'),
	(13, '影视剧分类', NULL, b'0', b'1'),
	(14, '季节', NULL, b'0', b'1'),
	(15, '时刻', NULL, b'0', b'1'),
	(16, '自然现象', NULL, b'0', b'1'),
	(17, '人文现象', NULL, b'0', b'1'),
	(18, '魔幻现象', NULL, b'0', b'1'),
	(19, '音乐类型', NULL, b'0', b'1'),
	(20, '演奏乐器', NULL, b'0', b'1'),
	(21, '音乐情绪', NULL, b'0', b'1'),
	(22, '性别', NULL, b'0', b'1'),
	(23, '年龄段', NULL, b'0', b'1'),
	(24, '职业', NULL, b'0', b'1'),
	(25, '种族', NULL, b'0', b'1'),
	(26, '性格', NULL, b'0', b'1'),
	(27, '情绪,表情', NULL, b'0', b'1'),
	(28, '动物分类', NULL, b'0', b'1'),
	(29, '宠物', NULL, b'0', b'1'),
	(30, '家畜', NULL, b'0', b'1'),
	(31, '野生动物', NULL, b'0', b'1'),
	(32, '植物分类', NULL, b'0', b'1'),
	(33, '观赏', NULL, b'0', b'1'),
	(34, '种植', NULL, b'0', b'1'),
	(35, '野生植物', NULL, b'0', b'1'),
	(36, '人体细节', NULL, b'0', b'1'),
	(37, '动物细节', NULL, b'0', b'1'),
	(38, '植物细节', NULL, b'0', b'1'),
	(39, '栖息地', NULL, b'0', b'1'),
	(40, '气候', NULL, b'0', b'1'),
	(41, '地域', NULL, b'0', b'1'),
	(42, '道具分类', NULL, b'0', b'1'),
	(43, '交通工具', NULL, b'0', b'1'),
	(44, '车分类', NULL, b'0', b'1'),
	(45, '船分类', NULL, b'0', b'1'),
	(46, '飞行器分类', NULL, b'0', b'1'),
	(47, '潜水器分类', NULL, b'0', b'1'),
	(48, '生产工具', NULL, b'0', b'1'),
	(49, '建设工具类', NULL, b'0', b'1'),
	(50, '农耕工具类', NULL, b'0', b'1'),
	(51, '战争器械', NULL, b'0', b'1'),
	(52, '冷兵器', NULL, b'0', b'1'),
	(53, '火器', NULL, b'0', b'1'),
	(54, '生活用品', NULL, b'0', b'1'),
	(55, '食物分类', NULL, b'0', b'1'),
	(56, '中国传统节日', NULL, b'0', b'0'),
	(57, '中国民间习俗', NULL, b'0', b'0'),
	(58, '二十四节气', NULL, b'0', b'0'),
	(59, '时代', NULL, b'0', b'0'),
	(60, '上古朝代', NULL, b'0', b'0'),
	(61, '中古朝代', NULL, b'0', b'0'),
	(62, '近古朝代', NULL, b'0', b'0'),
	(63, '历史事件', NULL, b'0', b'0'),
	(64, '社会阶层', NULL, b'0', b'0'),
	(65, '宗教', NULL, b'0', b'0'),
	(66, '建筑风格', NULL, b'0', b'1'),
	(67, '服装风格', NULL, b'0', b'1'),
	(68, '音乐风格', NULL, b'0', b'1'),
	(69, 'AE插件功能', NULL, b'0', b'1'),
	(70, '软件用途', NULL, b'0', b'1'),
	(71, '软件公司', NULL, b'0', b'1'),
	(72, '动物用途', NULL, b'0', b'1'),
	(73, '植物用途', NULL, b'0', b'1'),
	(74, '产生因素', NULL, b'0', b'1'),
	(75, '适用软件', NULL, b'0', b'1'),
	(76, '水分类', NULL, b'0', b'1'),
	(77, '动作', NULL, b'0', b'1'),
	(78, '发声因素', NULL, b'0', b'1'),
	(79, '音效风格', NULL, b'0', b'1'),
	(80, '三维元素', NULL, b'0', b'1'),
	(81, '哺乳类', NULL, b'0', b'1'),
	(82, '常用网站', NULL, b'0', b'1'),
	(83, '鸟类', NULL, b'0', b'1'),
	(84, '鱼类', NULL, b'0', b'1'),
	(85, '爬行类', NULL, b'0', b'1'),
	(86, '昆虫类', NULL, b'0', b'1'),
	(87, '节肢类', NULL, b'0', b'1'),
	(88, '其它动物类', NULL, b'0', b'1'),
	(89, '动物特征', NULL, b'0', b'1'),
	(90, '动画片分类', NULL, b'0', b'1'),
	(91, '三维工序', NULL, b'0', b'1');
/*!40000 ALTER TABLE `assetlabelgroup` ENABLE KEYS */;

-- 导出  表 iceprocess.assettype 结构
DROP TABLE IF EXISTS `assettype`;
CREATE TABLE IF NOT EXISTS `assettype` (
  `id` int unsigned NOT NULL AUTO_INCREMENT COMMENT 'ID',
  `name` char(16) DEFAULT NULL COMMENT '名称',
  `Illustration` varchar(64) DEFAULT NULL COMMENT '说明',
  `code` char(8) DEFAULT NULL COMMENT '资产类型代号',
  `parentid` int unsigned DEFAULT NULL COMMENT '父项ID',
  `enabled` bit(1) NOT NULL DEFAULT b'1' COMMENT '启用',
  PRIMARY KEY (`id`),
  KEY `FK_parent_assettype` (`parentid`),
  CONSTRAINT `FK_parent_assettype` FOREIGN KEY (`parentid`) REFERENCES `assettype` (`id`)
) ENGINE=InnoDB AUTO_INCREMENT=1901 DEFAULT CHARSET=utf8mb4 COLLATE=utf8mb4_0900_ai_ci COMMENT='资产类型';

-- 正在导出表  iceprocess.assettype 的数据：~71 rows (大约)
/*!40000 ALTER TABLE `assettype` DISABLE KEYS */;
INSERT INTO `assettype` (`id`, `name`, `Illustration`, `code`, `parentid`, `enabled`) VALUES
	(1, '策划案', 'Planning', 'PL', NULL, b'0'),
	(100, '剧本', 'Script', 'SP', NULL, b'0'),
	(101, '大纲', 'Role Biography', 'RB', 100, b'0'),
	(102, '分场大纲', 'Role Biography', 'RB', 100, b'0'),
	(103, '角色小传', 'Role Biography', 'RB', 100, b'0'),
	(200, '概念设计', 'Concept', 'CPT', NULL, b'1'),
	(300, '故事板', 'Story Board', 'ST', NULL, b'0'),
	(400, '分镜', 'Shotlist', 'SL', NULL, b'0'),
	(401, '动态分镜', 'Animatic', 'AC', 400, b'0'),
	(402, '分镜表', 'Animatic', 'AC', 400, b'0'),
	(403, '分场分镜', 'Scene-Shotlist', 'SSL', 400, b'0'),
	(404, '分场动态分镜', 'Scene-Animatic', 'SAC', 400, b'0'),
	(500, '样稿', 'Sample', 'S', NULL, b'0'),
	(600, '色彩关键帧', 'ColorKey', 'CK', NULL, b'0'),
	(700, '设定', 'Design', 'D', NULL, b'1'),
	(701, '场景设定(A)', 'Area', 'A', 700, b'0'),
	(702, '场景设定(Board)', 'Board', 'Board', 700, b'1'),
	(703, '角色设定', 'Characters', 'CH', 700, b'1'),
	(704, '道具设定', 'Props', 'P', 700, b'1'),
	(750, '色指定', 'ColorSetting', 'CS', 700, b'0'),
	(800, '影片', 'Movie', 'M', NULL, b'0'),
	(801, '预告片', 'Trailers', 'TR', 800, b'0'),
	(802, '片头', 'Opening', 'OP', 800, b'0'),
	(803, '片尾', 'Ending', 'ED', 800, b'0'),
	(804, '片花', 'Teaser', 'TS', 800, b'0'),
	(820, '场', 'Scene', 'SC', 800, b'0'),
	(840, '镜头', 'Cut', 'C', 800, b'0'),
	(841, '原画', 'Key', 'K', 840, b'0'),
	(842, '动画', 'Animation', 'AN', 840, b'0'),
	(843, '手绘动画', 'Drawn Animation', 'DAN', 840, b'0'),
	(844, '关键帧动画', 'Key Animation', 'KAN', 840, b'0'),
	(845, '特效', 'Effects', 'E', 840, b'0'),
	(846, '合成', 'Composition', 'CP', 840, b'0'),
	(847, '配音', 'Dubbing', 'DU', 800, b'0'),
	(848, '音乐', 'Music', 'MU', 800, b'0'),
	(849, '音效', 'Sound', 'SD', 800, b'0'),
	(900, '附件', 'WorkProcess', 'WP', NULL, b'0'),
	(901, '进度表', 'WorkProcess', 'WP', 900, b'0'),
	(902, '反馈意见', 'FeedBack', 'FB', 900, b'0'),
	(903, '会议记录', 'MeetingMinutes', 'MM', 900, b'0'),
	(904, '演示', 'Demo', 'DEMO', 900, b'0'),
	(905, '示范', 'Show-how', 'SH', 900, b'0'),
	(1000, '测试', 'Test', 'TT', NULL, b'0'),
	(1100, '三维', 'Three-Dimensional', 'T', NULL, b'0'),
	(1101, '三维模型', 'Model', 'MD', 1100, b'0'),
	(1102, '三维特效', 'Three-Dimensional Effects', 'TE', 1100, b'0'),
	(1200, '参考资料', 'Reference', 'MTL', NULL, b'1'),
	(1210, '合集', NULL, NULL, 1200, b'1'),
	(1221, '艺术家画集', NULL, NULL, 1210, b'1'),
	(1222, '影视作品', NULL, NULL, 1210, b'1'),
	(1225, '团建', NULL, NULL, 1210, b'1'),
	(1226, '采风', NULL, NULL, 1210, b'1'),
	(1227, '设定集', NULL, NULL, 1210, b'1'),
	(1228, '期刊', NULL, NULL, 1210, b'1'),
	(1229, '书籍', NULL, NULL, 1210, b'1'),
	(1230, '特定风格', NULL, NULL, 1210, b'1'),
	(1240, '画面参考', NULL, NULL, 1200, b'1'),
	(1250, '音乐参考', NULL, NULL, 1200, b'1'),
	(1270, '文档参考', NULL, NULL, 1200, b'1'),
	(1300, '素材', NULL, NULL, NULL, b'1'),
	(1301, '图像素材', NULL, NULL, 1300, b'1'),
	(1302, '音效素材', NULL, NULL, 1300, b'1'),
	(1303, '模板', 'BoilerPlate', NULL, 1300, b'1'),
	(1304, '预设', 'Preset', NULL, 1300, b'1'),
	(1305, '模型素材', NULL, NULL, 1300, b'1'),
	(1306, '材质素材', NULL, NULL, 1300, b'1'),
	(1307, '贴图素材', NULL, NULL, 1300, b'1'),
	(1400, '软件', 'Software', NULL, NULL, b'1'),
	(1500, '插件', NULL, NULL, NULL, b'1'),
	(1804, '动画素材', NULL, NULL, 1300, b'1'),
	(1900, '教程', NULL, NULL, NULL, b'1');
/*!40000 ALTER TABLE `assettype` ENABLE KEYS */;

-- 导出  表 iceprocess.assetusagelog 结构
DROP TABLE IF EXISTS `assetusagelog`;
CREATE TABLE IF NOT EXISTS `assetusagelog` (
  `id_asset` int unsigned NOT NULL,
  `usedata` datetime NOT NULL,
  `id_person` int unsigned NOT NULL,
  `usage` tinyint NOT NULL DEFAULT '1',
  KEY `FK_assetusagelog_asset` (`id_asset`),
  KEY `FK_assetusagelog_person` (`id_person`),
  CONSTRAINT `FK_assetusagelog_asset` FOREIGN KEY (`id_asset`) REFERENCES `asset` (`id`),
  CONSTRAINT `FK_assetusagelog_person` FOREIGN KEY (`id_person`) REFERENCES `person` (`id`)
) ENGINE=InnoDB DEFAULT CHARSET=utf8mb3 COMMENT='资产使用记录表';

-- 正在导出表  iceprocess.assetusagelog 的数据：~0 rows (大约)
/*!40000 ALTER TABLE `assetusagelog` DISABLE KEYS */;
/*!40000 ALTER TABLE `assetusagelog` ENABLE KEYS */;

-- 导出  表 iceprocess.asslib_extension 结构
DROP TABLE IF EXISTS `asslib_extension`;
CREATE TABLE IF NOT EXISTS `asslib_extension` (
  `name` varchar(16) DEFAULT NULL,
  `illustration` varchar(1024) DEFAULT NULL,
  `path` varchar(512) DEFAULT NULL,
  `args` varchar(1024) DEFAULT NULL,
  `allobligations` bit(1) DEFAULT NULL
) ENGINE=InnoDB DEFAULT CHARSET=utf8mb3;

-- 正在导出表  iceprocess.asslib_extension 的数据：~0 rows (大约)
/*!40000 ALTER TABLE `asslib_extension` DISABLE KEYS */;
INSERT INTO `asslib_extension` (`name`, `illustration`, `path`, `args`, `allobligations`) VALUES
	('AE插件批量安装工具', NULL, '\\\\192.168.1.253\\研发测试\\插件批量安装\\插件批处理工具\\PluginsSync.exe', '\\\\192.168.1.253\\研发测试\\插件批量安装\\插件包\\AEPluginsPackage.xml', b'1');
/*!40000 ALTER TABLE `asslib_extension` ENABLE KEYS */;

-- 导出  表 iceprocess.ass_assetlabelgroup_assetlabel 结构
DROP TABLE IF EXISTS `ass_assetlabelgroup_assetlabel`;
CREATE TABLE IF NOT EXISTS `ass_assetlabelgroup_assetlabel` (
  `id_assetlabelgroup` int unsigned NOT NULL COMMENT '资产标签组的ID',
  `id_assetlabel` int unsigned NOT NULL COMMENT '资产标签的ID',
  KEY `FK_ass_assetlabel_assetlabelgroup` (`id_assetlabelgroup`),
  KEY `FK_ass_assetlabelgroup_assetlabel` (`id_assetlabel`),
  CONSTRAINT `FK_ass_assetlabel_assetlabelgroup` FOREIGN KEY (`id_assetlabelgroup`) REFERENCES `assetlabelgroup` (`id`),
  CONSTRAINT `FK_ass_assetlabelgroup_assetlabel` FOREIGN KEY (`id_assetlabel`) REFERENCES `assetlabel` (`id`)
) ENGINE=InnoDB DEFAULT CHARSET=utf8mb4 COLLATE=utf8mb4_0900_ai_ci COMMENT='关联表：资产标签组-资产标签（标签与标签组的下级分类对应关系）';

-- 正在导出表  iceprocess.ass_assetlabelgroup_assetlabel 的数据：~0 rows (大约)
/*!40000 ALTER TABLE `ass_assetlabelgroup_assetlabel` DISABLE KEYS */;
INSERT INTO `ass_assetlabelgroup_assetlabel` (`id_assetlabelgroup`, `id_assetlabel`) VALUES
	(12, 1),
	(14, 1),
	(15, 1),
	(59, 1),
	(65, 1),
	(66, 1),
	(41, 1),
	(22, 2),
	(23, 2),
	(24, 2),
	(25, 2),
	(26, 2),
	(27, 2),
	(36, 2),
	(59, 2),
	(65, 2),
	(28, 3),
	(72, 3),
	(37, 3),
	(39, 3),
	(41, 3),
	(32, 4),
	(73, 4),
	(38, 4),
	(39, 4),
	(40, 4),
	(41, 4),
	(42, 5),
	(22, 7),
	(23, 7),
	(24, 7),
	(59, 7),
	(57, 7),
	(56, 5),
	(57, 5),
	(59, 5),
	(65, 5),
	(41, 7),
	(65, 8),
	(66, 8),
	(67, 7),
	(59, 8),
	(41, 8),
	(16, 9),
	(17, 9),
	(18, 9),
	(65, 10),
	(59, 10),
	(41, 10),
	(4, 13),
	(29, 426),
	(30, 427),
	(31, 428),
	(33, 429),
	(34, 430),
	(35, 431),
	(43, 228),
	(48, 229),
	(51, 231),
	(56, 232),
	(57, 232),
	(59, 228),
	(59, 229),
	(59, 230),
	(59, 231),
	(59, 232),
	(59, 233),
	(55, 233),
	(44, 234),
	(45, 235),
	(46, 236),
	(47, 237),
	(49, 254),
	(50, 255),
	(52, 266),
	(53, 267),
	(60, 326),
	(61, 327),
	(62, 328),
	(69, 436),
	(59, 6),
	(63, 6),
	(12, 6),
	(14, 6),
	(15, 6),
	(76, 75),
	(77, 2),
	(77, 3),
	(16, 432),
	(17, 433),
	(18, 434),
	(81, 139),
	(81, 139),
	(83, 140),
	(84, 141),
	(85, 142),
	(86, 143),
	(87, 144),
	(88, 145),
	(13, 480),
	(13, 41),
	(27, 484),
	(89, 3),
	(90, 496),
	(13, 43),
	(13, 44),
	(91, 508),
	(75, 508),
	(75, 33),
	(75, 32),
	(75, 31),
	(75, 30),
	(75, 29),
	(75, 27),
	(75, 26),
	(75, 25),
	(75, 24),
	(27, 511);
/*!40000 ALTER TABLE `ass_assetlabelgroup_assetlabel` ENABLE KEYS */;

-- 导出  表 iceprocess.ass_assetlabel_assetlabelgroup 结构
DROP TABLE IF EXISTS `ass_assetlabel_assetlabelgroup`;
CREATE TABLE IF NOT EXISTS `ass_assetlabel_assetlabelgroup` (
  `id_assetlabel` int unsigned NOT NULL,
  `id_assetlabelgroup` int unsigned NOT NULL,
  KEY `ass_assetlabel_assetlabelgroup_assetlabel` (`id_assetlabel`),
  KEY `ass_assetlabel_assetlabelgroup_assetlabelgroup` (`id_assetlabelgroup`),
  CONSTRAINT `ass_assetlabel_assetlabelgroup_assetlabel` FOREIGN KEY (`id_assetlabel`) REFERENCES `assetlabel` (`id`),
  CONSTRAINT `ass_assetlabel_assetlabelgroup_assetlabelgroup` FOREIGN KEY (`id_assetlabelgroup`) REFERENCES `assetlabelgroup` (`id`)
) ENGINE=InnoDB DEFAULT CHARSET=utf8mb3 COMMENT='关联表：资产标签-资产标签组（标签与标签组的上级对应关系，既基本父子关系）';

-- 正在导出表  iceprocess.ass_assetlabel_assetlabelgroup 的数据：~0 rows (大约)
/*!40000 ALTER TABLE `ass_assetlabel_assetlabelgroup` DISABLE KEYS */;
INSERT INTO `ass_assetlabel_assetlabelgroup` (`id_assetlabel`, `id_assetlabelgroup`) VALUES
	(1, 1),
	(2, 1),
	(3, 1),
	(4, 1),
	(5, 1),
	(6, 1),
	(7, 1),
	(8, 1),
	(9, 1),
	(10, 1),
	(11, 2),
	(12, 2),
	(13, 3),
	(14, 3),
	(15, 4),
	(16, 4),
	(17, 4),
	(18, 4),
	(19, 4),
	(20, 4),
	(21, 4),
	(22, 5),
	(23, 5),
	(24, 5),
	(25, 5),
	(26, 5),
	(27, 5),
	(28, 5),
	(29, 5),
	(30, 5),
	(31, 5),
	(32, 5),
	(33, 5),
	(34, 6),
	(35, 6),
	(36, 82),
	(37, 82),
	(38, 82),
	(39, 8),
	(40, 8),
	(41, 9),
	(42, 9),
	(43, 9),
	(44, 9),
	(45, 10),
	(46, 10),
	(47, 11),
	(48, 11),
	(49, 12),
	(50, 12),
	(51, 12),
	(52, 13),
	(53, 13),
	(54, 13),
	(55, 13),
	(56, 14),
	(57, 14),
	(58, 14),
	(59, 14),
	(60, 15),
	(61, 15),
	(62, 15),
	(63, 15),
	(64, 15),
	(65, 15),
	(66, 15),
	(67, 16),
	(68, 16),
	(69, 16),
	(70, 16),
	(71, 16),
	(72, 16),
	(73, 16),
	(74, 16),
	(75, 16),
	(76, 16),
	(77, 16),
	(78, 16),
	(79, 16),
	(80, 17),
	(81, 17),
	(82, 17),
	(83, 17),
	(84, 17),
	(85, 18),
	(86, 18),
	(87, 19),
	(88, 19),
	(89, 20),
	(90, 20),
	(91, 20),
	(92, 20),
	(93, 21),
	(94, 21),
	(95, 21),
	(96, 21),
	(97, 21),
	(98, 21),
	(99, 22),
	(100, 22),
	(101, 22),
	(102, 22),
	(103, 23),
	(104, 23),
	(105, 23),
	(106, 23),
	(107, 23),
	(108, 23),
	(109, 24),
	(110, 24),
	(111, 24),
	(112, 24),
	(113, 24),
	(114, 24),
	(115, 24),
	(116, 24),
	(117, 24),
	(118, 24),
	(119, 25),
	(120, 25),
	(121, 25),
	(122, 25),
	(123, 25),
	(124, 25),
	(125, 26),
	(126, 26),
	(127, 26),
	(128, 26),
	(129, 26),
	(130, 26),
	(131, 27),
	(132, 27),
	(133, 27),
	(134, 27),
	(135, 27),
	(136, 27),
	(137, 27),
	(138, 27),
	(139, 28),
	(140, 28),
	(141, 28),
	(142, 28),
	(143, 28),
	(144, 28),
	(145, 28),
	(146, 29),
	(147, 29),
	(148, 29),
	(149, 30),
	(150, 30),
	(151, 30),
	(152, 30),
	(153, 30),
	(154, 31),
	(155, 31),
	(156, 31),
	(157, 31),
	(158, 31),
	(159, 32),
	(160, 32),
	(161, 32),
	(162, 32),
	(163, 32),
	(164, 32),
	(165, 33),
	(166, 33),
	(167, 33),
	(168, 33),
	(169, 33),
	(170, 34),
	(171, 34),
	(172, 34),
	(173, 34),
	(174, 34),
	(175, 34),
	(176, 35),
	(177, 35),
	(178, 35),
	(179, 36),
	(180, 36),
	(181, 36),
	(182, 36),
	(183, 36),
	(184, 36),
	(185, 36),
	(186, 37),
	(187, 37),
	(188, 37),
	(189, 37),
	(190, 37),
	(191, 37),
	(192, 37),
	(193, 37),
	(194, 37),
	(195, 37),
	(196, 37),
	(197, 38),
	(198, 38),
	(199, 38),
	(200, 38),
	(201, 38),
	(202, 38),
	(203, 38),
	(204, 38),
	(205, 39),
	(206, 39),
	(207, 39),
	(208, 39),
	(209, 39),
	(210, 39),
	(211, 39),
	(212, 39),
	(213, 39),
	(214, 39),
	(215, 40),
	(216, 40),
	(217, 40),
	(218, 40),
	(219, 41),
	(220, 41),
	(221, 41),
	(222, 41),
	(223, 41),
	(224, 41),
	(225, 41),
	(226, 41),
	(227, 41),
	(228, 42),
	(229, 42),
	(230, 42),
	(231, 42),
	(232, 42),
	(233, 42),
	(234, 43),
	(235, 43),
	(236, 43),
	(237, 43),
	(238, 44),
	(239, 44),
	(240, 44),
	(241, 44),
	(242, 44),
	(243, 45),
	(244, 45),
	(245, 45),
	(246, 45),
	(247, 46),
	(248, 46),
	(249, 46),
	(250, 46),
	(251, 46),
	(252, 47),
	(253, 47),
	(254, 48),
	(255, 48),
	(256, 49),
	(257, 49),
	(258, 49),
	(259, 49),
	(260, 49),
	(261, 49),
	(262, 49),
	(263, 50),
	(264, 50),
	(265, 50),
	(266, 51),
	(267, 51),
	(268, 52),
	(269, 52),
	(270, 52),
	(271, 52),
	(272, 52),
	(273, 52),
	(274, 52),
	(275, 53),
	(276, 53),
	(277, 53),
	(278, 53),
	(279, 53),
	(280, 53),
	(281, 53),
	(282, 54),
	(283, 54),
	(284, 54),
	(285, 55),
	(286, 55),
	(287, 55),
	(288, 55),
	(289, 55),
	(290, 56),
	(291, 56),
	(292, 56),
	(293, 56),
	(294, 56),
	(295, 57),
	(296, 57),
	(297, 57),
	(298, 57),
	(299, 57),
	(300, 58),
	(301, 58),
	(302, 58),
	(303, 58),
	(304, 58),
	(305, 58),
	(306, 58),
	(307, 58),
	(308, 58),
	(309, 58),
	(310, 58),
	(311, 58),
	(312, 58),
	(313, 58),
	(314, 58),
	(315, 58),
	(316, 58),
	(317, 58),
	(318, 58),
	(319, 58),
	(320, 58),
	(321, 58),
	(322, 58),
	(323, 58),
	(324, 59),
	(325, 59),
	(326, 59),
	(327, 59),
	(328, 59),
	(329, 59),
	(330, 59),
	(331, 59),
	(332, 60),
	(333, 60),
	(334, 60),
	(335, 61),
	(336, 61),
	(337, 61),
	(338, 62),
	(339, 62),
	(340, 62),
	(341, 62),
	(342, 63),
	(343, 63),
	(344, 63),
	(345, 63),
	(346, 63),
	(347, 64),
	(348, 64),
	(349, 64),
	(350, 64),
	(351, 64),
	(352, 64),
	(353, 64),
	(354, 65),
	(355, 65),
	(356, 65),
	(357, 65),
	(358, 66),
	(359, 66),
	(360, 66),
	(361, 66),
	(362, 66),
	(363, 66),
	(364, 66),
	(365, 66),
	(366, 66),
	(367, 66),
	(368, 66),
	(369, 66),
	(370, 66),
	(371, 66),
	(372, 67),
	(373, 67),
	(374, 67),
	(375, 67),
	(376, 67),
	(377, 67),
	(378, 67),
	(379, 67),
	(380, 67),
	(381, 67),
	(382, 67),
	(383, 67),
	(384, 67),
	(385, 67),
	(386, 67),
	(387, 67),
	(388, 67),
	(389, 67),
	(390, 67),
	(391, 67),
	(392, 68),
	(393, 68),
	(394, 68),
	(395, 68),
	(396, 68),
	(397, 68),
	(398, 68),
	(399, 68),
	(400, 68),
	(401, 69),
	(402, 69),
	(403, 69),
	(404, 69),
	(405, 69),
	(406, 69),
	(407, 69),
	(408, 69),
	(409, 70),
	(410, 70),
	(411, 70),
	(412, 70),
	(413, 70),
	(414, 70),
	(415, 70),
	(416, 70),
	(417, 70),
	(418, 70),
	(419, 70),
	(420, 70),
	(421, 70),
	(422, 70),
	(423, 70),
	(424, 71),
	(425, 71),
	(426, 72),
	(427, 72),
	(428, 72),
	(429, 73),
	(430, 73),
	(431, 73),
	(432, 74),
	(433, 74),
	(434, 74),
	(435, 75),
	(436, 75),
	(437, 75),
	(438, 75),
	(439, 75),
	(440, 75),
	(441, 75),
	(442, 75),
	(443, 75),
	(444, 75),
	(445, 75),
	(446, 75),
	(447, 75),
	(450, 76),
	(451, 76),
	(452, 76),
	(453, 76),
	(454, 77),
	(455, 77),
	(456, 77),
	(457, 77),
	(458, 77),
	(459, 77),
	(460, 77),
	(461, 78),
	(462, 78),
	(464, 78),
	(465, 78),
	(466, 78),
	(467, 79),
	(468, 79),
	(469, 79),
	(470, 79),
	(471, 80),
	(472, 80),
	(473, 80),
	(474, 80),
	(475, 80),
	(476, 80),
	(477, 80),
	(478, 80),
	(479, 80),
	(150, 81),
	(1, 7),
	(2, 7),
	(3, 7),
	(4, 7),
	(5, 7),
	(7, 7),
	(9, 7),
	(146, 81),
	(147, 81),
	(149, 81),
	(150, 81),
	(151, 81),
	(148, 83),
	(152, 83),
	(153, 83),
	(154, 85),
	(155, 87),
	(156, 83),
	(157, 83),
	(158, 88),
	(480, 9),
	(481, 70),
	(482, 70),
	(483, 81),
	(483, 31),
	(484, 78),
	(485, 16),
	(485, 17),
	(485, 18),
	(486, 18),
	(487, 17),
	(488, 6),
	(489, 88),
	(490, 30),
	(491, 39),
	(492, 6),
	(495, 89),
	(493, 89),
	(494, 89),
	(496, 13),
	(497, 90),
	(498, 90),
	(499, 90),
	(500, 90),
	(501, 91),
	(502, 91),
	(503, 91),
	(504, 91),
	(505, 91),
	(506, 91),
	(507, 91),
	(508, 5),
	(509, 75),
	(510, 16),
	(511, 7),
	(512, 11);
/*!40000 ALTER TABLE `ass_assetlabel_assetlabelgroup` ENABLE KEYS */;

-- 导出  表 iceprocess.ass_assettype_asset 结构
DROP TABLE IF EXISTS `ass_assettype_asset`;
CREATE TABLE IF NOT EXISTS `ass_assettype_asset` (
  `id_assettype` int unsigned NOT NULL COMMENT '资产类型的ID',
  `id_asset` int unsigned NOT NULL COMMENT '资产的ID',
  KEY `FK_asset_assettype` (`id_asset`),
  KEY `FK_assettype_asset` (`id_assettype`),
  CONSTRAINT `FK_asset_assettype` FOREIGN KEY (`id_asset`) REFERENCES `asset` (`id`),
  CONSTRAINT `FK_assettype_asset` FOREIGN KEY (`id_assettype`) REFERENCES `assettype` (`id`)
) ENGINE=InnoDB DEFAULT CHARSET=utf8mb4 COLLATE=utf8mb4_0900_ai_ci COMMENT='关联表：资产类型-资产';

-- 正在导出表  iceprocess.ass_assettype_asset 的数据：~0 rows (大约)
/*!40000 ALTER TABLE `ass_assettype_asset` DISABLE KEYS */;
INSERT INTO `ass_assettype_asset` (`id_assettype`, `id_asset`) VALUES
	(1400, 1),
	(1400, 2),
	(1400, 3),
	(1400, 4),
	(1400, 5),
	(1400, 6),
	(1400, 7),
	(1400, 8),
	(1400, 11),
	(1400, 12),
	(1400, 13),
	(1400, 14),
	(1400, 15),
	(1400, 16),
	(1400, 17),
	(1400, 18),
	(1400, 20),
	(1400, 21),
	(1400, 25),
	(1400, 27),
	(1400, 28),
	(1400, 29),
	(1400, 30),
	(1400, 31),
	(1400, 32),
	(1400, 33),
	(1400, 34),
	(1400, 35),
	(1400, 36),
	(1400, 37),
	(1400, 38),
	(1400, 39),
	(1400, 40),
	(1400, 41),
	(1400, 42),
	(1400, 43),
	(1400, 44),
	(1400, 45),
	(1400, 46),
	(1400, 47),
	(1400, 48),
	(1400, 50),
	(1400, 51),
	(1500, 52),
	(1500, 53),
	(1500, 54),
	(1500, 55),
	(1500, 56),
	(1500, 57),
	(1400, 58),
	(1400, 59),
	(1400, 60),
	(1400, 61),
	(1400, 62),
	(1400, 63),
	(1400, 64),
	(1400, 65),
	(1400, 66),
	(1400, 67),
	(1400, 68),
	(1400, 71),
	(1400, 72),
	(1400, 73),
	(1400, 74),
	(1400, 75),
	(1400, 78),
	(1400, 79),
	(1400, 80),
	(1400, 81),
	(1400, 84),
	(1400, 85),
	(1400, 87),
	(1400, 89),
	(1400, 92),
	(1400, 93),
	(1400, 94),
	(1400, 95),
	(1400, 96),
	(1400, 97),
	(1400, 98),
	(1400, 99),
	(1400, 100),
	(1400, 101),
	(1400, 102),
	(1400, 103),
	(1400, 104),
	(1400, 105),
	(1400, 106),
	(1400, 107),
	(1400, 108),
	(1400, 109),
	(1400, 110),
	(1400, 111),
	(1400, 112),
	(1400, 113),
	(1500, 114),
	(1500, 115),
	(1500, 116),
	(1500, 117),
	(1500, 118),
	(1500, 119),
	(1500, 120),
	(1500, 121),
	(1500, 122),
	(1500, 123),
	(1500, 124),
	(1500, 125),
	(1500, 126),
	(1400, 127),
	(1500, 128),
	(1500, 129),
	(1500, 131),
	(1500, 132),
	(1500, 133),
	(1500, 134),
	(1500, 135),
	(1500, 136),
	(1500, 137),
	(1500, 138),
	(1500, 139),
	(1400, 140),
	(1400, 141),
	(1400, 142),
	(1400, 143),
	(1400, 144),
	(1400, 145),
	(1400, 146),
	(1400, 147),
	(1400, 148),
	(1400, 149),
	(1400, 150),
	(1400, 151),
	(1400, 154),
	(1400, 155),
	(1400, 156),
	(1400, 157),
	(1400, 158),
	(1400, 49),
	(1400, 159),
	(1400, 190),
	(1400, 191),
	(1400, 192),
	(1400, 223),
	(1400, 224),
	(1400, 225),
	(1200, 82),
	(1210, 82),
	(1228, 82),
	(1200, 226),
	(1210, 226),
	(1228, 226),
	(1900, 227),
	(1900, 228),
	(1900, 229),
	(1900, 230),
	(1900, 231),
	(1900, 232),
	(1900, 233),
	(1900, 234),
	(1900, 235),
	(1200, 236),
	(1210, 236),
	(1222, 236),
	(1200, 237),
	(1210, 237),
	(1222, 237),
	(1200, 238),
	(1210, 238),
	(1222, 238),
	(1200, 239),
	(1210, 239),
	(1222, 239),
	(1200, 240),
	(1210, 240),
	(1222, 240),
	(1200, 241),
	(1210, 241),
	(1222, 241),
	(1200, 242),
	(1210, 242),
	(1222, 242),
	(1200, 243),
	(1210, 243),
	(1222, 243),
	(1200, 244),
	(1210, 244),
	(1222, 244),
	(1200, 245),
	(1210, 245),
	(1222, 245),
	(1200, 246),
	(1210, 246),
	(1222, 246),
	(1200, 247),
	(1210, 247),
	(1222, 247),
	(1200, 248),
	(1210, 248),
	(1222, 248),
	(1200, 251),
	(1240, 251),
	(1200, 252),
	(1240, 252),
	(1200, 254),
	(1240, 254),
	(1200, 255),
	(1240, 255),
	(1200, 249),
	(1240, 249),
	(1900, 257),
	(1200, 258),
	(1240, 258),
	(1900, 259),
	(1200, 260),
	(1240, 260),
	(1300, 261),
	(1302, 261),
	(1300, 262),
	(1302, 262),
	(1300, 263),
	(1302, 263),
	(1300, 264),
	(1302, 264),
	(1300, 265),
	(1302, 265),
	(1300, 266),
	(1302, 266),
	(1300, 267),
	(1302, 267),
	(1200, 268),
	(1210, 268),
	(1228, 268),
	(1200, 269),
	(1210, 269),
	(1228, 269),
	(1300, 270),
	(1302, 270),
	(1200, 271),
	(1240, 271),
	(1300, 272),
	(1302, 272),
	(1200, 273),
	(1240, 273),
	(1200, 274),
	(1240, 274),
	(1300, 276),
	(1302, 276),
	(1300, 279),
	(1302, 279),
	(1200, 280),
	(1250, 280),
	(1300, 281),
	(1302, 281),
	(1300, 282),
	(1302, 282),
	(1200, 283),
	(1250, 283),
	(1300, 284),
	(1302, 284),
	(1200, 285),
	(1250, 285),
	(1300, 286),
	(1302, 286),
	(1300, 287),
	(1302, 287),
	(1300, 288),
	(1302, 288),
	(1300, 289),
	(1302, 289),
	(1200, 290),
	(1210, 290),
	(1228, 290),
	(1900, 291),
	(1300, 292),
	(1302, 292),
	(1200, 293),
	(1250, 293),
	(1300, 294),
	(1302, 294),
	(1900, 277),
	(1300, 296),
	(1302, 296),
	(1300, 297),
	(1302, 297),
	(1200, 298),
	(1240, 298),
	(1300, 299),
	(1302, 299),
	(1200, 300),
	(1240, 300),
	(1200, 301),
	(1240, 301),
	(1300, 303),
	(1302, 303),
	(1300, 304),
	(1302, 304),
	(1900, 305),
	(1900, 306),
	(1200, 307),
	(1240, 307),
	(1200, 308),
	(1240, 308),
	(1200, 309),
	(1240, 309),
	(1200, 310),
	(1240, 310),
	(1200, 311),
	(1210, 311),
	(1229, 311),
	(1200, 312),
	(1210, 312),
	(1229, 312),
	(1200, 313),
	(1240, 313),
	(1300, 314),
	(1302, 314),
	(1300, 315),
	(1302, 315),
	(1300, 316),
	(1302, 316),
	(1300, 317),
	(1302, 317),
	(1300, 318),
	(1302, 318),
	(1300, 319),
	(1302, 319),
	(1300, 320),
	(1302, 320),
	(1300, 321),
	(1302, 321),
	(1200, 322),
	(1250, 322),
	(1200, 330),
	(1240, 330),
	(1200, 331),
	(1240, 331),
	(1900, 331),
	(1900, 332),
	(1900, 333),
	(1900, 334),
	(1900, 335),
	(1900, 336),
	(1900, 337),
	(1900, 338),
	(1200, 339),
	(1250, 339),
	(1200, 340),
	(1250, 340),
	(1200, 341),
	(1240, 341),
	(1200, 342),
	(1240, 342),
	(1200, 343),
	(1240, 343),
	(1200, 344),
	(1240, 344),
	(1200, 345),
	(1240, 345),
	(1300, 346),
	(1302, 346),
	(1300, 347),
	(1302, 347),
	(1300, 348),
	(1302, 348),
	(1300, 349),
	(1302, 349),
	(1300, 350),
	(1302, 350),
	(1300, 351),
	(1302, 351),
	(1300, 352),
	(1302, 352),
	(1200, 354),
	(1240, 354),
	(1200, 355),
	(1210, 355),
	(1228, 355),
	(1200, 356),
	(1240, 356),
	(1300, 357),
	(1301, 357),
	(1300, 358),
	(1301, 358),
	(1200, 278),
	(1240, 278),
	(1200, 359),
	(1210, 359),
	(1229, 359),
	(1240, 359),
	(1270, 359),
	(1200, 360),
	(1210, 360),
	(1229, 360),
	(1240, 360),
	(1270, 360),
	(1500, 361),
	(1500, 362),
	(1500, 363),
	(1200, 364),
	(1210, 364),
	(1229, 364),
	(1270, 364),
	(1900, 364),
	(1200, 365),
	(1210, 365),
	(1229, 365),
	(1270, 365),
	(1900, 365),
	(1200, 366),
	(1240, 366),
	(1200, 367),
	(1240, 367),
	(1200, 368),
	(1240, 368),
	(1200, 369),
	(1240, 369),
	(1300, 369),
	(1301, 369),
	(1200, 370),
	(1240, 370),
	(1300, 371),
	(1302, 371),
	(1300, 372),
	(1302, 372),
	(1300, 373),
	(1302, 373),
	(1300, 374),
	(1302, 374),
	(1300, 375),
	(1302, 375),
	(1300, 376),
	(1302, 376),
	(1300, 377),
	(1302, 377),
	(1300, 378),
	(1302, 378),
	(1300, 379),
	(1302, 379),
	(1300, 380),
	(1302, 380),
	(1300, 381),
	(1302, 381),
	(1300, 382),
	(1302, 382),
	(1300, 383),
	(1302, 383),
	(1900, 414),
	(1200, 463),
	(1240, 463),
	(1200, 444),
	(1240, 444),
	(1200, 464),
	(1240, 464),
	(1200, 465),
	(1240, 465),
	(1200, 466),
	(1240, 466),
	(1200, 445),
	(1240, 445),
	(1200, 446),
	(1240, 446),
	(1200, 468),
	(1210, 468),
	(1226, 468),
	(1200, 469),
	(1210, 469),
	(1226, 469),
	(1200, 470),
	(1210, 470),
	(1226, 470),
	(1200, 472),
	(1210, 472),
	(1226, 472),
	(1200, 467),
	(1210, 467),
	(1226, 467),
	(1200, 473),
	(1210, 473),
	(1226, 473),
	(1200, 474),
	(1210, 474),
	(1226, 474),
	(1200, 480),
	(1240, 480),
	(1200, 481),
	(1270, 481),
	(1200, 482),
	(1240, 482),
	(1200, 483),
	(1240, 483),
	(1200, 484),
	(1240, 484),
	(1200, 485),
	(1240, 485),
	(1200, 486),
	(1240, 486),
	(1200, 487),
	(1240, 487),
	(1200, 488),
	(1240, 488),
	(1200, 489),
	(1240, 489),
	(1200, 490),
	(1240, 490),
	(1200, 491),
	(1240, 491),
	(1200, 492),
	(1240, 492),
	(1200, 493),
	(1240, 493),
	(1200, 494),
	(1240, 494),
	(1200, 495),
	(1240, 495),
	(1200, 496),
	(1240, 496),
	(1200, 497),
	(1240, 497),
	(1200, 498),
	(1240, 498),
	(1200, 501),
	(1240, 501),
	(1200, 502),
	(1240, 502),
	(1200, 503),
	(1240, 503),
	(1200, 504),
	(1240, 504),
	(1200, 505),
	(1240, 505),
	(1200, 506),
	(1240, 506),
	(1200, 507),
	(1240, 507),
	(1200, 508),
	(1240, 508),
	(1200, 509),
	(1240, 509),
	(1200, 510),
	(1240, 510),
	(1200, 511),
	(1240, 511),
	(1200, 512),
	(1240, 512),
	(1200, 513),
	(1240, 513),
	(1200, 514),
	(1240, 514),
	(1200, 515),
	(1240, 515),
	(1200, 516),
	(1240, 516),
	(1200, 517),
	(1240, 517),
	(1200, 518),
	(1240, 518),
	(1200, 519),
	(1240, 519),
	(1200, 520),
	(1240, 520),
	(1200, 521),
	(1240, 521),
	(1200, 522),
	(1240, 522),
	(1200, 523),
	(1240, 523),
	(1200, 524),
	(1240, 524),
	(1200, 525),
	(1240, 525),
	(1200, 526),
	(1240, 526),
	(1200, 527),
	(1240, 527),
	(1200, 499),
	(1240, 499),
	(1200, 500),
	(1240, 500),
	(1200, 528),
	(1240, 528),
	(1200, 529),
	(1240, 529),
	(1200, 530),
	(1240, 530),
	(1200, 531),
	(1240, 531),
	(1200, 532),
	(1240, 532),
	(1200, 533),
	(1240, 533),
	(1200, 534),
	(1240, 534),
	(1200, 535),
	(1240, 535),
	(1200, 536),
	(1240, 536),
	(1200, 537),
	(1240, 537),
	(1200, 538),
	(1240, 538),
	(1200, 539),
	(1240, 539),
	(1200, 540),
	(1240, 540),
	(1200, 541),
	(1240, 541),
	(1200, 542),
	(1240, 542),
	(1200, 543),
	(1240, 543),
	(1200, 544),
	(1240, 544),
	(1200, 552),
	(1240, 552),
	(1200, 553),
	(1240, 553),
	(1200, 554),
	(1240, 554),
	(1200, 555),
	(1240, 555),
	(1200, 556),
	(1240, 556),
	(1200, 557),
	(1240, 557),
	(1200, 558),
	(1240, 558),
	(1200, 559),
	(1240, 559),
	(1200, 560),
	(1240, 560),
	(1200, 561),
	(1240, 561),
	(1200, 562),
	(1240, 562),
	(1200, 563),
	(1240, 563),
	(1200, 564),
	(1240, 564),
	(1200, 565),
	(1240, 565),
	(1200, 566),
	(1240, 566),
	(1300, 626),
	(1305, 626),
	(1300, 627),
	(1305, 627),
	(1300, 628),
	(1305, 628),
	(1300, 639),
	(1305, 639),
	(1300, 652),
	(1305, 652),
	(1300, 653),
	(1305, 653),
	(1300, 654),
	(1305, 654),
	(1300, 655),
	(1305, 655),
	(1300, 656),
	(1305, 656),
	(1200, 669),
	(1240, 669),
	(1200, 670),
	(1240, 670),
	(1200, 671),
	(1240, 671),
	(1200, 672),
	(1240, 672),
	(1200, 673),
	(1240, 673),
	(1300, 673),
	(1804, 673),
	(1200, 674),
	(1240, 674),
	(1200, 675),
	(1240, 675),
	(1200, 676),
	(1240, 676),
	(1200, 677),
	(1240, 677),
	(1200, 678),
	(1240, 678),
	(1200, 679),
	(1240, 679),
	(1200, 680),
	(1240, 680),
	(1200, 681),
	(1240, 681),
	(1200, 682),
	(1240, 682),
	(1200, 683),
	(1240, 683),
	(1200, 684),
	(1240, 684),
	(1200, 685),
	(1240, 685),
	(1200, 686),
	(1240, 686),
	(1200, 687),
	(1240, 687),
	(1200, 688),
	(1240, 688),
	(1200, 689),
	(1240, 689),
	(1200, 690),
	(1240, 690),
	(1200, 691),
	(1240, 691),
	(1200, 692),
	(1240, 692),
	(1200, 693),
	(1240, 693),
	(1200, 694),
	(1240, 694),
	(1200, 695),
	(1240, 695),
	(1200, 696),
	(1240, 696),
	(1200, 697),
	(1240, 697),
	(1200, 698),
	(1240, 698),
	(1200, 699),
	(1240, 699),
	(1200, 700),
	(1240, 700),
	(1200, 702),
	(1240, 702),
	(1200, 703),
	(1240, 703),
	(1200, 704),
	(1240, 704),
	(1200, 701),
	(1240, 701),
	(1200, 705),
	(1240, 705),
	(1200, 706),
	(1240, 706),
	(1200, 707),
	(1240, 707),
	(1200, 708),
	(1240, 708),
	(1200, 709),
	(1240, 709),
	(1200, 710),
	(1240, 710),
	(1200, 711),
	(1240, 711),
	(1200, 712),
	(1240, 712),
	(1200, 713),
	(1240, 713),
	(1200, 714),
	(1240, 714),
	(1200, 715),
	(1240, 715),
	(1200, 716),
	(1240, 716),
	(1200, 717),
	(1240, 717),
	(1200, 718),
	(1240, 718),
	(1200, 719),
	(1240, 719),
	(1200, 720),
	(1240, 720),
	(1200, 721),
	(1240, 721),
	(1200, 722),
	(1240, 722),
	(1200, 723),
	(1240, 723),
	(1200, 724),
	(1240, 724),
	(1200, 725),
	(1240, 725),
	(1200, 726),
	(1240, 726),
	(1200, 727),
	(1240, 727),
	(1200, 728),
	(1240, 728),
	(1200, 729),
	(1240, 729),
	(1200, 730),
	(1240, 730),
	(1200, 731),
	(1240, 731),
	(1200, 732),
	(1240, 732),
	(1200, 733),
	(1240, 733),
	(1200, 734),
	(1240, 734),
	(1200, 735),
	(1240, 735),
	(1200, 736),
	(1240, 736),
	(1200, 737),
	(1240, 737),
	(1200, 738),
	(1240, 738),
	(1200, 739),
	(1240, 739),
	(1200, 741),
	(1240, 741),
	(1200, 742),
	(1240, 742),
	(1200, 743),
	(1240, 743),
	(1200, 744),
	(1240, 744),
	(1200, 745),
	(1240, 745),
	(1200, 746),
	(1240, 746),
	(1200, 747),
	(1240, 747),
	(1200, 748),
	(1240, 748),
	(1200, 749),
	(1240, 749),
	(1200, 750),
	(1240, 750),
	(1200, 751),
	(1240, 751),
	(1200, 752),
	(1240, 752),
	(1200, 740),
	(1240, 740),
	(1200, 753),
	(1240, 753),
	(1200, 754),
	(1240, 754),
	(1200, 755),
	(1240, 755),
	(1200, 756),
	(1240, 756),
	(1200, 757),
	(1240, 757),
	(1200, 758),
	(1240, 758),
	(1200, 759),
	(1240, 759),
	(1200, 760),
	(1240, 760),
	(1200, 761),
	(1240, 761),
	(1200, 762),
	(1240, 762),
	(1200, 763),
	(1240, 763),
	(1200, 764),
	(1240, 764),
	(1200, 765),
	(1240, 765),
	(1200, 766),
	(1240, 766),
	(1200, 767),
	(1240, 767),
	(1200, 768),
	(1240, 768),
	(1200, 769),
	(1240, 769),
	(1200, 770),
	(1240, 770),
	(1200, 771),
	(1240, 771),
	(1200, 772),
	(1240, 772),
	(1200, 773),
	(1240, 773),
	(1200, 774),
	(1240, 774),
	(1200, 775),
	(1240, 775),
	(1200, 776),
	(1240, 776),
	(1200, 789),
	(1240, 789),
	(1200, 790),
	(1240, 790),
	(1200, 791),
	(1240, 791),
	(1200, 792),
	(1240, 792),
	(1200, 793),
	(1240, 793),
	(1200, 794),
	(1240, 794),
	(1200, 795),
	(1240, 795),
	(1200, 796),
	(1240, 796),
	(1200, 797),
	(1240, 797),
	(1200, 798),
	(1240, 798),
	(1200, 799),
	(1240, 799),
	(1200, 800),
	(1240, 800),
	(1200, 801),
	(1240, 801),
	(1200, 802),
	(1240, 802),
	(1200, 803),
	(1240, 803),
	(1200, 804),
	(1240, 804),
	(1200, 805),
	(1240, 805),
	(1200, 806),
	(1240, 806),
	(1200, 807),
	(1240, 807),
	(1200, 808),
	(1240, 808),
	(1200, 809),
	(1240, 809),
	(1200, 810),
	(1240, 810),
	(1200, 811),
	(1240, 811),
	(1200, 812),
	(1240, 812),
	(1200, 813),
	(1240, 813),
	(1200, 814),
	(1240, 814),
	(1200, 815),
	(1240, 815),
	(1200, 816),
	(1240, 816),
	(1200, 817),
	(1240, 817),
	(1200, 818),
	(1240, 818),
	(1200, 819),
	(1240, 819),
	(1200, 820),
	(1240, 820),
	(1200, 821),
	(1240, 821),
	(1200, 822),
	(1240, 822),
	(1200, 823),
	(1240, 823),
	(1200, 824),
	(1240, 824),
	(1200, 825),
	(1240, 825),
	(1200, 826),
	(1240, 826),
	(1200, 827),
	(1240, 827),
	(1200, 828),
	(1240, 828),
	(1200, 829),
	(1240, 829),
	(1200, 830),
	(1240, 830),
	(1200, 831),
	(1240, 831),
	(1200, 832),
	(1240, 832),
	(1200, 833),
	(1240, 833),
	(1200, 834),
	(1240, 834),
	(1200, 835),
	(1240, 835),
	(1200, 836),
	(1240, 836),
	(1200, 837),
	(1240, 837),
	(1200, 838),
	(1240, 838),
	(1200, 839),
	(1240, 839),
	(1200, 840),
	(1240, 840),
	(1200, 841),
	(1240, 841),
	(1200, 842),
	(1240, 842),
	(1200, 843),
	(1240, 843),
	(1200, 844),
	(1240, 844),
	(1200, 845),
	(1240, 845),
	(1200, 846),
	(1240, 846),
	(1200, 847),
	(1240, 847),
	(1200, 848),
	(1240, 848),
	(1200, 849),
	(1240, 849),
	(1200, 850),
	(1240, 850),
	(1200, 851),
	(1240, 851),
	(1200, 852),
	(1240, 852),
	(1200, 853),
	(1240, 853),
	(1200, 854),
	(1240, 854),
	(1200, 855),
	(1240, 855),
	(1200, 856),
	(1240, 856),
	(1200, 857),
	(1240, 857),
	(1200, 858),
	(1240, 858),
	(1200, 859),
	(1240, 859),
	(1200, 860),
	(1240, 860),
	(1200, 861),
	(1240, 861),
	(1200, 862),
	(1240, 862),
	(1200, 863),
	(1240, 863),
	(1200, 864),
	(1240, 864),
	(1200, 865),
	(1240, 865),
	(1200, 866),
	(1240, 866),
	(1200, 867),
	(1240, 867),
	(1200, 868),
	(1240, 868),
	(1200, 869),
	(1240, 869),
	(1200, 870),
	(1240, 870),
	(1200, 871),
	(1240, 871),
	(1200, 872),
	(1240, 872),
	(1200, 873),
	(1240, 873),
	(1200, 874),
	(1240, 874),
	(1200, 875),
	(1240, 875),
	(1200, 876),
	(1240, 876),
	(1200, 877),
	(1240, 877),
	(1200, 878),
	(1240, 878),
	(1200, 879),
	(1240, 879),
	(1200, 880),
	(1240, 880),
	(1200, 881),
	(1240, 881),
	(1200, 882),
	(1240, 882),
	(1200, 883),
	(1240, 883),
	(1200, 884),
	(1240, 884),
	(1200, 885),
	(1240, 885),
	(1200, 886),
	(1240, 886),
	(1200, 887),
	(1240, 887),
	(1200, 888),
	(1240, 888),
	(1200, 889),
	(1240, 889),
	(1200, 890),
	(1240, 890),
	(1200, 891),
	(1240, 891),
	(1200, 892),
	(1240, 892),
	(1200, 893),
	(1240, 893),
	(1200, 894),
	(1240, 894),
	(1200, 895),
	(1240, 895),
	(1200, 896),
	(1240, 896),
	(1200, 897),
	(1240, 897),
	(1200, 898),
	(1240, 898),
	(1200, 899),
	(1240, 899),
	(1200, 900),
	(1240, 900),
	(1200, 901),
	(1240, 901),
	(1200, 902),
	(1240, 902),
	(1200, 903),
	(1240, 903),
	(1200, 904),
	(1240, 904),
	(1200, 905),
	(1240, 905),
	(1200, 906),
	(1240, 906),
	(1200, 907),
	(1240, 907),
	(1200, 908),
	(1240, 908),
	(1200, 909),
	(1240, 909),
	(1200, 910),
	(1240, 910),
	(1200, 911),
	(1240, 911),
	(1200, 912),
	(1240, 912),
	(1200, 913),
	(1240, 913),
	(1200, 914),
	(1240, 914),
	(1200, 915),
	(1240, 915),
	(1200, 916),
	(1240, 916),
	(1200, 917),
	(1240, 917),
	(1200, 918),
	(1240, 918),
	(1200, 919),
	(1240, 919),
	(1200, 920),
	(1240, 920),
	(1200, 921),
	(1240, 921),
	(1200, 922),
	(1240, 922),
	(1200, 923),
	(1240, 923),
	(1200, 924),
	(1240, 924),
	(1200, 925),
	(1240, 925),
	(1200, 926),
	(1240, 926),
	(1200, 927),
	(1240, 927),
	(1200, 928),
	(1240, 928),
	(1200, 929),
	(1240, 929),
	(1200, 930),
	(1240, 930),
	(1200, 931),
	(1240, 931),
	(1200, 932),
	(1240, 932),
	(1200, 933),
	(1240, 933),
	(1200, 934),
	(1240, 934),
	(1200, 935),
	(1240, 935),
	(1200, 936),
	(1240, 936),
	(1200, 937),
	(1240, 937),
	(1200, 938),
	(1240, 938),
	(1200, 939),
	(1240, 939),
	(1200, 940),
	(1240, 940),
	(1200, 941),
	(1240, 941),
	(1200, 942),
	(1240, 942),
	(1200, 943),
	(1240, 943),
	(1200, 944),
	(1240, 944),
	(1200, 945),
	(1240, 945),
	(1200, 946),
	(1240, 946),
	(1200, 947),
	(1240, 947),
	(1200, 948),
	(1240, 948),
	(1200, 949),
	(1240, 949),
	(1200, 950),
	(1240, 950),
	(1200, 951),
	(1240, 951),
	(1200, 952),
	(1240, 952),
	(1200, 953),
	(1240, 953),
	(1200, 954),
	(1240, 954),
	(1200, 955),
	(1240, 955),
	(1200, 956),
	(1240, 956),
	(1200, 957),
	(1240, 957),
	(1200, 958),
	(1240, 958),
	(1200, 959),
	(1240, 959),
	(1200, 960),
	(1240, 960),
	(1200, 961),
	(1240, 961),
	(1200, 962),
	(1240, 962),
	(1200, 963),
	(1240, 963),
	(1200, 964),
	(1240, 964),
	(1200, 965),
	(1240, 965),
	(1200, 966),
	(1240, 966),
	(1200, 967),
	(1240, 967),
	(1200, 968),
	(1240, 968),
	(1200, 969),
	(1240, 969),
	(1200, 970),
	(1240, 970),
	(1200, 971),
	(1240, 971),
	(1200, 972),
	(1240, 972),
	(1200, 973),
	(1240, 973),
	(1200, 974),
	(1240, 974),
	(1200, 975),
	(1240, 975),
	(1200, 976),
	(1240, 976),
	(1200, 977),
	(1240, 977),
	(1200, 978),
	(1240, 978),
	(1200, 979),
	(1240, 979),
	(1200, 980),
	(1240, 980),
	(1200, 981),
	(1240, 981),
	(1200, 982),
	(1240, 982),
	(1200, 983),
	(1240, 983),
	(1200, 984),
	(1240, 984),
	(1200, 985),
	(1240, 985),
	(1200, 986),
	(1240, 986),
	(1200, 987),
	(1240, 987),
	(1200, 988),
	(1240, 988),
	(1200, 989),
	(1240, 989),
	(1200, 990),
	(1240, 990),
	(1200, 991),
	(1240, 991),
	(1200, 992),
	(1240, 992),
	(1200, 993),
	(1240, 993),
	(1200, 994),
	(1240, 994),
	(1200, 995),
	(1240, 995),
	(1200, 996),
	(1240, 996),
	(1200, 997),
	(1240, 997),
	(1200, 998),
	(1240, 998),
	(1200, 999),
	(1240, 999),
	(1200, 1000),
	(1240, 1000),
	(1200, 1001),
	(1240, 1001),
	(1200, 1002),
	(1240, 1002),
	(1200, 1003),
	(1240, 1003),
	(1200, 1004),
	(1240, 1004),
	(1200, 1005),
	(1240, 1005),
	(1200, 1006),
	(1240, 1006),
	(1200, 1007),
	(1240, 1007),
	(1200, 1008),
	(1240, 1008),
	(1200, 1009),
	(1240, 1009),
	(1200, 1010),
	(1240, 1010),
	(1200, 1011),
	(1240, 1011),
	(1200, 1012),
	(1240, 1012),
	(1200, 1013),
	(1240, 1013),
	(1200, 1014),
	(1240, 1014),
	(1200, 1015),
	(1240, 1015),
	(1200, 1016),
	(1240, 1016),
	(1200, 1017),
	(1240, 1017),
	(1200, 1018),
	(1240, 1018),
	(1200, 1019),
	(1240, 1019),
	(1200, 1020),
	(1240, 1020),
	(1200, 1021),
	(1240, 1021),
	(1200, 1022),
	(1240, 1022),
	(1200, 1023),
	(1240, 1023),
	(1200, 1024),
	(1240, 1024),
	(1200, 1025),
	(1240, 1025),
	(1200, 1026),
	(1240, 1026),
	(1200, 1027),
	(1240, 1027),
	(1200, 1028),
	(1240, 1028),
	(1200, 1029),
	(1240, 1029),
	(1200, 1030),
	(1240, 1030),
	(1200, 1031),
	(1240, 1031),
	(1200, 1032),
	(1240, 1032),
	(1200, 1033),
	(1240, 1033),
	(1200, 1034),
	(1240, 1034),
	(1200, 1035),
	(1240, 1035),
	(1200, 1036),
	(1240, 1036),
	(1200, 1037),
	(1240, 1037),
	(1200, 1038),
	(1240, 1038),
	(1200, 1039),
	(1240, 1039),
	(1200, 1040),
	(1240, 1040),
	(1200, 1041),
	(1240, 1041),
	(1200, 1042),
	(1240, 1042),
	(1200, 1043),
	(1240, 1043),
	(1200, 1044),
	(1240, 1044),
	(1200, 1045),
	(1240, 1045),
	(1200, 1046),
	(1240, 1046),
	(1200, 1047),
	(1240, 1047),
	(1200, 1048),
	(1240, 1048),
	(1200, 1049),
	(1240, 1049),
	(1200, 1050),
	(1240, 1050),
	(1200, 1051),
	(1240, 1051),
	(1200, 1052),
	(1240, 1052),
	(1200, 1053),
	(1240, 1053),
	(1200, 1054),
	(1240, 1054),
	(1200, 1055),
	(1240, 1055),
	(1200, 1056),
	(1240, 1056),
	(1200, 1057),
	(1240, 1057),
	(1200, 1058),
	(1240, 1058),
	(1200, 1059),
	(1240, 1059),
	(1200, 1060),
	(1240, 1060),
	(1200, 1061),
	(1240, 1061),
	(1200, 1062),
	(1240, 1062),
	(1200, 1063),
	(1240, 1063),
	(1200, 1064),
	(1240, 1064),
	(1200, 1065),
	(1240, 1065),
	(1200, 1066),
	(1240, 1066),
	(1200, 1067),
	(1240, 1067),
	(1200, 1068),
	(1240, 1068),
	(1200, 1069),
	(1240, 1069),
	(1200, 1070),
	(1240, 1070),
	(1200, 1071),
	(1240, 1071),
	(1200, 1072),
	(1240, 1072),
	(1200, 1073),
	(1240, 1073),
	(1200, 1074),
	(1240, 1074),
	(1200, 1075),
	(1240, 1075),
	(1200, 1076),
	(1240, 1076),
	(1200, 1077),
	(1240, 1077),
	(1200, 1078),
	(1240, 1078),
	(1200, 1079),
	(1240, 1079),
	(1200, 1080),
	(1240, 1080),
	(1200, 1081),
	(1240, 1081),
	(1200, 1082),
	(1240, 1082),
	(1200, 1083),
	(1240, 1083),
	(1200, 1084),
	(1240, 1084),
	(1200, 1085),
	(1240, 1085),
	(1200, 1086),
	(1240, 1086),
	(1200, 1087),
	(1240, 1087),
	(1200, 1088),
	(1240, 1088),
	(1200, 1089),
	(1240, 1089),
	(1200, 1090),
	(1240, 1090),
	(1200, 1091),
	(1240, 1091),
	(1200, 1092),
	(1240, 1092),
	(1200, 1093),
	(1240, 1093),
	(1200, 1094),
	(1240, 1094),
	(1200, 1095),
	(1240, 1095),
	(1200, 1096),
	(1240, 1096),
	(1200, 1097),
	(1240, 1097),
	(1200, 1098),
	(1240, 1098),
	(1200, 1099),
	(1240, 1099),
	(1200, 1100),
	(1240, 1100),
	(1200, 1101),
	(1240, 1101),
	(1200, 1102),
	(1240, 1102),
	(1200, 1103),
	(1240, 1103),
	(1200, 1104),
	(1240, 1104),
	(1200, 1105),
	(1240, 1105),
	(1200, 1106),
	(1240, 1106),
	(1200, 1107),
	(1240, 1107),
	(1200, 1108),
	(1240, 1108),
	(1200, 1109),
	(1240, 1109),
	(1200, 1110),
	(1240, 1110),
	(1200, 1111),
	(1240, 1111),
	(1200, 1112),
	(1240, 1112),
	(1200, 1113),
	(1240, 1113),
	(1200, 1114),
	(1240, 1114),
	(1200, 1115),
	(1240, 1115),
	(1200, 1116),
	(1240, 1116),
	(1200, 1117),
	(1240, 1117),
	(1200, 1118),
	(1240, 1118),
	(1200, 1119),
	(1240, 1119),
	(1200, 1120),
	(1240, 1120),
	(1200, 1121),
	(1240, 1121),
	(1200, 1122),
	(1240, 1122),
	(1200, 1123),
	(1240, 1123),
	(1200, 1124),
	(1240, 1124),
	(1200, 1125),
	(1240, 1125),
	(1200, 1126),
	(1240, 1126),
	(1200, 1127),
	(1240, 1127),
	(1200, 1128),
	(1240, 1128),
	(1200, 1129),
	(1240, 1129),
	(1200, 1130),
	(1240, 1130),
	(1200, 1131),
	(1240, 1131),
	(1200, 1132),
	(1240, 1132),
	(1200, 1133),
	(1240, 1133),
	(1200, 1134),
	(1240, 1134),
	(1200, 1135),
	(1240, 1135),
	(1200, 1136),
	(1240, 1136),
	(1200, 1137),
	(1240, 1137),
	(1200, 1138),
	(1240, 1138),
	(1200, 1139),
	(1240, 1139),
	(1200, 1140),
	(1240, 1140),
	(1200, 1141),
	(1240, 1141),
	(1200, 1142),
	(1240, 1142),
	(1200, 1143),
	(1240, 1143),
	(1200, 1144),
	(1240, 1144),
	(1200, 1145),
	(1240, 1145),
	(1200, 1146),
	(1240, 1146),
	(1200, 1147),
	(1240, 1147),
	(1200, 1148),
	(1240, 1148),
	(1200, 1149),
	(1240, 1149),
	(1200, 1150),
	(1240, 1150),
	(1200, 1151),
	(1240, 1151),
	(1200, 1152),
	(1240, 1152),
	(1200, 1153),
	(1240, 1153),
	(1200, 1154),
	(1240, 1154),
	(1200, 1155),
	(1240, 1155),
	(1200, 1156),
	(1240, 1156),
	(1200, 1157),
	(1240, 1157),
	(1200, 1158),
	(1240, 1158),
	(1200, 1159),
	(1240, 1159),
	(1200, 1160),
	(1240, 1160),
	(1200, 1161),
	(1240, 1161),
	(1200, 1162),
	(1240, 1162),
	(1200, 1163),
	(1240, 1163),
	(1200, 1164),
	(1240, 1164),
	(1200, 1165),
	(1240, 1165),
	(1200, 1166),
	(1240, 1166),
	(1200, 1167),
	(1240, 1167),
	(1200, 1168),
	(1240, 1168),
	(1200, 1169),
	(1240, 1169),
	(1200, 1170),
	(1240, 1170),
	(1200, 1171),
	(1240, 1171),
	(1200, 1172),
	(1240, 1172),
	(1200, 1173),
	(1240, 1173),
	(1200, 1174),
	(1240, 1174),
	(1200, 1175),
	(1240, 1175),
	(1200, 1176),
	(1240, 1176),
	(1200, 1177),
	(1240, 1177),
	(1200, 1178),
	(1240, 1178),
	(1200, 1179),
	(1240, 1179),
	(1200, 1180),
	(1240, 1180),
	(1200, 1181),
	(1240, 1181),
	(1200, 1182),
	(1240, 1182),
	(1200, 1183),
	(1240, 1183),
	(1200, 1184),
	(1240, 1184),
	(1200, 1185),
	(1240, 1185),
	(1200, 1186),
	(1240, 1186),
	(1200, 1187),
	(1240, 1187),
	(1200, 1188),
	(1240, 1188),
	(1200, 1189),
	(1240, 1189),
	(1200, 1190),
	(1240, 1190),
	(1200, 1191),
	(1240, 1191),
	(1200, 1192),
	(1240, 1192),
	(1200, 1193),
	(1240, 1193),
	(1200, 1194),
	(1240, 1194),
	(1200, 1195),
	(1240, 1195),
	(1200, 1196),
	(1240, 1196),
	(1200, 1197),
	(1240, 1197),
	(1200, 1198),
	(1240, 1198),
	(1200, 1199),
	(1240, 1199),
	(1200, 1200),
	(1240, 1200),
	(1200, 1201),
	(1240, 1201),
	(1200, 1202),
	(1240, 1202),
	(1200, 1203),
	(1240, 1203),
	(1200, 1204),
	(1240, 1204),
	(1200, 1205),
	(1240, 1205),
	(1200, 1206),
	(1240, 1206),
	(1200, 1207),
	(1240, 1207),
	(1200, 1208),
	(1240, 1208),
	(1200, 1209),
	(1240, 1209),
	(1200, 1210),
	(1240, 1210),
	(1200, 1211),
	(1240, 1211),
	(1200, 1212),
	(1240, 1212),
	(1200, 1213),
	(1240, 1213),
	(1200, 1214),
	(1240, 1214),
	(1200, 1215),
	(1240, 1215),
	(1200, 1216),
	(1240, 1216),
	(1200, 1217),
	(1240, 1217),
	(1200, 1218),
	(1240, 1218),
	(1200, 1219),
	(1240, 1219),
	(1200, 1220),
	(1240, 1220),
	(1200, 1221),
	(1240, 1221),
	(1200, 1222),
	(1240, 1222),
	(1200, 1223),
	(1240, 1223),
	(1200, 1224),
	(1240, 1224),
	(1200, 1225),
	(1240, 1225),
	(1200, 1226),
	(1240, 1226),
	(1200, 1227),
	(1240, 1227),
	(1200, 1228),
	(1240, 1228),
	(1200, 1229),
	(1240, 1229),
	(1200, 1230),
	(1240, 1230),
	(1200, 1231),
	(1240, 1231),
	(1200, 1232),
	(1240, 1232),
	(1200, 1233),
	(1240, 1233),
	(1200, 1234),
	(1240, 1234),
	(1200, 1235),
	(1240, 1235),
	(1200, 1236),
	(1240, 1236),
	(1200, 1237),
	(1240, 1237),
	(1200, 1238),
	(1240, 1238),
	(1200, 1239),
	(1240, 1239),
	(1200, 1240),
	(1240, 1240),
	(1200, 1241),
	(1240, 1241),
	(1200, 1242),
	(1240, 1242),
	(1200, 1243),
	(1240, 1243),
	(1200, 1244),
	(1240, 1244),
	(1200, 1245),
	(1240, 1245),
	(1200, 1246),
	(1240, 1246),
	(1200, 1247),
	(1240, 1247),
	(1200, 1248),
	(1240, 1248),
	(1200, 1249),
	(1240, 1249),
	(1200, 1250),
	(1240, 1250),
	(1200, 1251),
	(1240, 1251),
	(1200, 1252),
	(1240, 1252),
	(1200, 1253),
	(1240, 1253),
	(1200, 1254),
	(1240, 1254),
	(1200, 1255),
	(1240, 1255),
	(1200, 1256),
	(1240, 1256),
	(1200, 1257),
	(1240, 1257),
	(1200, 1258),
	(1240, 1258),
	(1200, 1259),
	(1240, 1259),
	(1200, 1260),
	(1240, 1260),
	(1200, 1261),
	(1240, 1261),
	(1200, 1262),
	(1240, 1262),
	(1200, 1263),
	(1240, 1263),
	(1200, 1264),
	(1240, 1264),
	(1200, 1265),
	(1240, 1265),
	(1200, 1266),
	(1240, 1266),
	(1200, 1267),
	(1240, 1267),
	(1200, 1268),
	(1240, 1268),
	(1200, 1269),
	(1240, 1269),
	(1200, 1270),
	(1240, 1270),
	(1200, 1271),
	(1240, 1271),
	(1200, 1272),
	(1240, 1272),
	(1200, 1273),
	(1240, 1273),
	(1200, 1274),
	(1240, 1274),
	(1200, 1275),
	(1240, 1275),
	(1200, 1276),
	(1240, 1276),
	(1200, 1277),
	(1240, 1277),
	(1200, 1278),
	(1240, 1278),
	(1200, 1279),
	(1240, 1279),
	(1200, 1280),
	(1240, 1280),
	(1200, 1281),
	(1240, 1281),
	(1200, 1282),
	(1240, 1282),
	(1200, 1283),
	(1240, 1283),
	(1200, 1284),
	(1240, 1284),
	(1200, 1285),
	(1240, 1285),
	(1200, 1286),
	(1240, 1286),
	(1200, 1287),
	(1240, 1287),
	(1200, 1288),
	(1240, 1288),
	(1200, 1289),
	(1240, 1289),
	(1200, 1290),
	(1240, 1290),
	(1200, 1291),
	(1240, 1291),
	(1200, 1292),
	(1240, 1292),
	(1200, 1293),
	(1240, 1293),
	(1200, 1294),
	(1240, 1294),
	(1200, 1295),
	(1240, 1295),
	(1200, 1296),
	(1240, 1296),
	(1200, 1297),
	(1240, 1297),
	(1200, 1298),
	(1240, 1298),
	(1200, 1299),
	(1240, 1299),
	(1200, 1300),
	(1240, 1300),
	(1200, 1301),
	(1240, 1301),
	(1200, 1302),
	(1240, 1302),
	(1200, 1303),
	(1240, 1303),
	(1200, 1304),
	(1240, 1304),
	(1200, 1305),
	(1240, 1305),
	(1200, 1306),
	(1240, 1306),
	(1200, 1307),
	(1240, 1307),
	(1200, 1308),
	(1240, 1308),
	(1200, 1309),
	(1240, 1309),
	(1200, 1310),
	(1240, 1310),
	(1200, 1311),
	(1240, 1311),
	(1200, 1312),
	(1240, 1312),
	(1200, 1313),
	(1240, 1313),
	(1200, 1314),
	(1240, 1314),
	(1200, 1315),
	(1240, 1315),
	(1200, 1316),
	(1240, 1316),
	(1200, 1317),
	(1240, 1317),
	(1200, 1318),
	(1240, 1318),
	(1200, 1319),
	(1240, 1319),
	(1200, 1320),
	(1240, 1320),
	(1200, 1321),
	(1240, 1321),
	(1200, 1322),
	(1240, 1322),
	(1200, 1323),
	(1240, 1323),
	(1200, 1324),
	(1240, 1324),
	(1200, 1325),
	(1240, 1325),
	(1200, 1326),
	(1240, 1326),
	(1200, 1327),
	(1240, 1327),
	(1200, 1328),
	(1240, 1328),
	(1200, 1329),
	(1240, 1329),
	(1200, 1330),
	(1240, 1330),
	(1200, 1331),
	(1240, 1331),
	(1200, 1332),
	(1240, 1332),
	(1200, 1333),
	(1240, 1333),
	(1200, 1334),
	(1240, 1334),
	(1200, 1335),
	(1240, 1335),
	(1200, 1336),
	(1240, 1336),
	(1200, 1337),
	(1240, 1337),
	(1200, 1338),
	(1240, 1338),
	(1200, 1339),
	(1240, 1339),
	(1200, 1340),
	(1240, 1340),
	(1200, 1341),
	(1240, 1341),
	(1200, 1342),
	(1240, 1342),
	(1200, 1343),
	(1240, 1343),
	(1200, 1344),
	(1240, 1344),
	(1200, 1345),
	(1240, 1345),
	(1200, 1346),
	(1240, 1346),
	(1200, 1347),
	(1240, 1347),
	(1200, 1348),
	(1240, 1348),
	(1200, 1349),
	(1240, 1349),
	(1200, 1350),
	(1240, 1350),
	(1200, 1351),
	(1240, 1351),
	(1200, 1352),
	(1240, 1352),
	(1200, 1353),
	(1240, 1353),
	(1200, 1354),
	(1240, 1354),
	(1200, 1355),
	(1240, 1355),
	(1200, 1356),
	(1240, 1356),
	(1200, 1357),
	(1240, 1357),
	(1200, 1358),
	(1240, 1358),
	(1200, 1359),
	(1240, 1359),
	(1200, 1360),
	(1240, 1360),
	(1200, 1361),
	(1240, 1361),
	(1200, 1362),
	(1240, 1362),
	(1200, 1363),
	(1240, 1363),
	(1200, 1364),
	(1240, 1364),
	(1200, 1365),
	(1240, 1365),
	(1200, 1366),
	(1240, 1366),
	(1200, 1367),
	(1240, 1367),
	(1200, 1368),
	(1240, 1368),
	(1200, 1369),
	(1240, 1369),
	(1200, 1370),
	(1240, 1370),
	(1200, 1371),
	(1240, 1371),
	(1200, 1372),
	(1240, 1372),
	(1200, 1373),
	(1240, 1373),
	(1200, 1374),
	(1240, 1374),
	(1200, 1375),
	(1240, 1375),
	(1200, 1376),
	(1240, 1376),
	(1200, 1377),
	(1240, 1377),
	(1200, 1378),
	(1240, 1378),
	(1200, 1379),
	(1240, 1379),
	(1200, 1380),
	(1240, 1380),
	(1200, 1381),
	(1240, 1381),
	(1200, 1382),
	(1240, 1382),
	(1200, 1383),
	(1240, 1383),
	(1200, 1384),
	(1240, 1384),
	(1200, 1385),
	(1240, 1385),
	(1200, 1386),
	(1240, 1386),
	(1200, 1387),
	(1240, 1387),
	(1200, 1388),
	(1240, 1388),
	(1200, 1389),
	(1240, 1389),
	(1200, 1390),
	(1240, 1390),
	(1200, 1391),
	(1240, 1391),
	(1200, 1392),
	(1240, 1392),
	(1200, 1393),
	(1240, 1393),
	(1200, 1394),
	(1240, 1394),
	(1200, 1395),
	(1240, 1395),
	(1200, 1396),
	(1240, 1396),
	(1200, 1397),
	(1240, 1397),
	(1200, 1398),
	(1240, 1398),
	(1200, 1399),
	(1240, 1399),
	(1200, 1400),
	(1240, 1400),
	(1200, 1401),
	(1240, 1401),
	(1200, 1402),
	(1240, 1402),
	(1200, 1403),
	(1240, 1403),
	(1200, 1404),
	(1240, 1404),
	(1200, 1405),
	(1240, 1405),
	(1200, 1406),
	(1240, 1406),
	(1200, 1407),
	(1240, 1407),
	(1200, 1408),
	(1240, 1408),
	(1200, 1409),
	(1240, 1409),
	(1200, 1410),
	(1240, 1410),
	(1200, 1411),
	(1240, 1411),
	(1200, 1412),
	(1240, 1412),
	(1200, 1413),
	(1240, 1413),
	(1200, 1414),
	(1240, 1414),
	(1200, 1415),
	(1240, 1415),
	(1200, 1416),
	(1240, 1416),
	(1200, 1417),
	(1240, 1417),
	(1200, 1418),
	(1240, 1418),
	(1200, 1419),
	(1240, 1419),
	(1200, 1420),
	(1240, 1420),
	(1200, 1421),
	(1240, 1421),
	(1200, 1422),
	(1240, 1422),
	(1200, 1423),
	(1240, 1423),
	(1200, 1424),
	(1240, 1424),
	(1200, 1425),
	(1240, 1425),
	(1200, 1426),
	(1240, 1426),
	(1200, 1427),
	(1240, 1427),
	(1200, 1428),
	(1240, 1428),
	(1200, 1429),
	(1240, 1429),
	(1200, 1430),
	(1240, 1430),
	(1200, 1431),
	(1240, 1431),
	(1200, 1432),
	(1240, 1432),
	(1200, 1433),
	(1240, 1433),
	(1200, 1434),
	(1240, 1434),
	(1200, 1435),
	(1240, 1435),
	(1200, 1436),
	(1240, 1436),
	(1200, 1437),
	(1240, 1437),
	(1200, 1438),
	(1240, 1438),
	(1200, 1439),
	(1240, 1439),
	(1200, 1440),
	(1240, 1440),
	(1200, 1441),
	(1240, 1441),
	(1200, 1442),
	(1240, 1442),
	(1200, 1443),
	(1240, 1443),
	(1200, 1444),
	(1240, 1444),
	(1200, 1445),
	(1240, 1445),
	(1200, 1446),
	(1240, 1446),
	(1200, 1447),
	(1240, 1447),
	(1200, 1448),
	(1240, 1448),
	(1200, 1449),
	(1240, 1449),
	(1200, 1450),
	(1240, 1450),
	(1200, 1451),
	(1240, 1451),
	(1200, 1452),
	(1240, 1452),
	(1200, 1453),
	(1240, 1453),
	(1200, 1454),
	(1240, 1454),
	(1200, 1455),
	(1240, 1455),
	(1200, 1456),
	(1240, 1456),
	(1200, 1457),
	(1240, 1457),
	(1200, 1458),
	(1240, 1458),
	(1200, 1459),
	(1240, 1459),
	(1200, 1460),
	(1240, 1460),
	(1200, 1461),
	(1240, 1461),
	(1200, 1462),
	(1240, 1462),
	(1200, 1463),
	(1240, 1463),
	(1200, 1464),
	(1240, 1464),
	(1200, 1465),
	(1240, 1465),
	(1200, 1466),
	(1240, 1466),
	(1200, 1467),
	(1240, 1467),
	(1200, 1468),
	(1240, 1468),
	(1200, 1469),
	(1240, 1469),
	(1200, 1470),
	(1240, 1470),
	(1200, 1471),
	(1240, 1471),
	(1200, 1472),
	(1240, 1472),
	(1200, 1473),
	(1240, 1473),
	(1200, 1474),
	(1240, 1474),
	(1200, 1475),
	(1240, 1475),
	(1200, 1476),
	(1240, 1476),
	(1200, 1477),
	(1240, 1477),
	(1200, 1478),
	(1240, 1478),
	(1200, 1479),
	(1240, 1479),
	(1200, 1480),
	(1240, 1480),
	(1200, 1481),
	(1240, 1481),
	(1200, 1482),
	(1240, 1482),
	(1200, 1483),
	(1240, 1483),
	(1200, 1484),
	(1240, 1484),
	(1200, 1485),
	(1240, 1485),
	(1200, 1486),
	(1240, 1486),
	(1200, 1487),
	(1240, 1487),
	(1200, 1488),
	(1240, 1488),
	(1200, 1489),
	(1240, 1489),
	(1200, 1490),
	(1240, 1490),
	(1200, 1491),
	(1240, 1491),
	(1200, 1492),
	(1240, 1492),
	(1200, 1493),
	(1240, 1493),
	(1200, 1494),
	(1240, 1494),
	(1200, 1495),
	(1240, 1495),
	(1200, 1496),
	(1240, 1496),
	(1200, 1497),
	(1240, 1497),
	(1200, 1498),
	(1240, 1498),
	(1200, 1499),
	(1240, 1499),
	(1200, 1500),
	(1240, 1500),
	(1200, 1501),
	(1240, 1501),
	(1200, 1502),
	(1240, 1502),
	(1200, 1503),
	(1240, 1503),
	(1200, 1504),
	(1240, 1504),
	(1200, 1505),
	(1240, 1505),
	(1200, 1506),
	(1240, 1506),
	(1200, 1507),
	(1240, 1507),
	(1200, 1508),
	(1240, 1508),
	(1200, 1509),
	(1240, 1509),
	(1200, 1510),
	(1240, 1510),
	(1200, 1511),
	(1240, 1511),
	(1200, 1512),
	(1240, 1512),
	(1200, 1513),
	(1240, 1513),
	(1200, 1514),
	(1240, 1514),
	(1200, 1515),
	(1240, 1515),
	(1200, 1516),
	(1240, 1516),
	(1200, 1517),
	(1240, 1517),
	(1200, 1518),
	(1240, 1518),
	(1200, 1519),
	(1240, 1519),
	(1200, 1520),
	(1240, 1520),
	(1200, 1521),
	(1240, 1521),
	(1200, 1522),
	(1240, 1522),
	(1200, 1523),
	(1240, 1523),
	(1200, 1524),
	(1240, 1524),
	(1200, 1525),
	(1240, 1525),
	(1200, 1526),
	(1240, 1526),
	(1200, 1527),
	(1240, 1527),
	(1200, 1528),
	(1240, 1528),
	(1200, 1529),
	(1240, 1529),
	(1200, 1530),
	(1240, 1530),
	(1200, 1531),
	(1240, 1531),
	(1200, 1532),
	(1240, 1532),
	(1200, 1533),
	(1240, 1533),
	(1200, 1534),
	(1240, 1534),
	(1200, 1535),
	(1240, 1535),
	(1200, 1536),
	(1240, 1536),
	(1200, 1537),
	(1240, 1537),
	(1200, 1538),
	(1240, 1538),
	(1200, 1539),
	(1240, 1539),
	(1200, 1540),
	(1240, 1540),
	(1200, 1541),
	(1240, 1541),
	(1200, 1542),
	(1240, 1542),
	(1200, 1543),
	(1240, 1543),
	(1200, 1544),
	(1240, 1544),
	(1200, 1545),
	(1240, 1545),
	(1200, 1546),
	(1240, 1546),
	(1200, 1547),
	(1240, 1547),
	(1200, 1548),
	(1240, 1548),
	(1200, 1549),
	(1240, 1549),
	(1200, 1550),
	(1240, 1550),
	(1200, 1551),
	(1240, 1551),
	(1200, 1552),
	(1240, 1552),
	(1200, 1553),
	(1240, 1553),
	(1200, 1554),
	(1240, 1554),
	(1200, 1555),
	(1240, 1555),
	(1200, 1556),
	(1240, 1556),
	(1200, 1557),
	(1240, 1557),
	(1200, 1558),
	(1240, 1558),
	(1200, 1559),
	(1240, 1559),
	(1200, 1560),
	(1240, 1560),
	(1200, 1561),
	(1240, 1561),
	(1200, 1562),
	(1240, 1562),
	(1200, 1563),
	(1240, 1563),
	(1200, 1564),
	(1240, 1564),
	(1200, 1565),
	(1240, 1565),
	(1200, 1566),
	(1240, 1566),
	(1200, 1567),
	(1240, 1567),
	(1200, 1568),
	(1240, 1568),
	(1200, 1569),
	(1240, 1569),
	(1200, 1570),
	(1240, 1570),
	(1200, 1571),
	(1240, 1571),
	(1200, 1572),
	(1240, 1572),
	(1200, 1573),
	(1240, 1573),
	(1200, 1574),
	(1240, 1574),
	(1200, 1575),
	(1240, 1575),
	(1200, 1576),
	(1240, 1576),
	(1200, 1577),
	(1240, 1577),
	(1200, 1578),
	(1240, 1578),
	(1200, 1579),
	(1240, 1579),
	(1200, 1580),
	(1240, 1580),
	(1200, 1581),
	(1240, 1581),
	(1200, 1582),
	(1240, 1582),
	(1200, 1583),
	(1240, 1583),
	(1200, 1584),
	(1240, 1584),
	(1200, 1585),
	(1240, 1585),
	(1200, 1586),
	(1240, 1586),
	(1200, 1587),
	(1240, 1587),
	(1200, 1588),
	(1240, 1588),
	(1200, 1589),
	(1240, 1589),
	(1200, 1590),
	(1240, 1590),
	(1200, 1591),
	(1240, 1591),
	(1200, 1592),
	(1240, 1592),
	(1200, 1593),
	(1240, 1593),
	(1200, 1594),
	(1240, 1594),
	(1200, 1595),
	(1240, 1595),
	(1200, 1596),
	(1240, 1596),
	(1200, 1597),
	(1240, 1597),
	(1200, 1598),
	(1240, 1598),
	(1200, 1599),
	(1240, 1599),
	(1200, 1600),
	(1240, 1600),
	(1200, 1601),
	(1240, 1601),
	(1200, 1602),
	(1240, 1602),
	(1200, 1603),
	(1240, 1603),
	(1200, 1604),
	(1240, 1604),
	(1200, 1605),
	(1240, 1605),
	(1200, 1606),
	(1240, 1606),
	(1200, 1607),
	(1240, 1607),
	(1200, 1608),
	(1240, 1608),
	(1200, 1609),
	(1240, 1609),
	(1200, 1610),
	(1240, 1610),
	(1200, 1611),
	(1240, 1611),
	(1200, 1612),
	(1240, 1612),
	(1200, 1613),
	(1240, 1613),
	(1200, 1614),
	(1240, 1614),
	(1200, 1615),
	(1240, 1615),
	(1200, 1616),
	(1240, 1616),
	(1200, 1617),
	(1240, 1617),
	(1200, 1618),
	(1240, 1618),
	(1200, 1619),
	(1240, 1619),
	(1200, 1620),
	(1240, 1620),
	(1200, 1621),
	(1240, 1621),
	(1200, 1622),
	(1240, 1622),
	(1200, 1623),
	(1240, 1623),
	(1200, 1624),
	(1240, 1624),
	(1200, 1625),
	(1240, 1625),
	(1200, 1626),
	(1240, 1626),
	(1200, 1627),
	(1240, 1627),
	(1200, 1628),
	(1240, 1628),
	(1200, 1629),
	(1240, 1629),
	(1200, 1630),
	(1240, 1630),
	(1200, 1631),
	(1240, 1631),
	(1200, 1632),
	(1240, 1632),
	(1200, 1633),
	(1240, 1633),
	(1200, 1634),
	(1240, 1634),
	(1200, 1635),
	(1240, 1635),
	(1200, 1636),
	(1240, 1636),
	(1200, 1637),
	(1240, 1637),
	(1200, 1638),
	(1240, 1638),
	(1200, 1639),
	(1240, 1639),
	(1200, 1640),
	(1240, 1640),
	(1200, 1641),
	(1240, 1641),
	(1200, 1642),
	(1240, 1642),
	(1200, 1643),
	(1240, 1643),
	(1200, 1644),
	(1240, 1644),
	(1200, 1645),
	(1240, 1645),
	(1200, 1646),
	(1240, 1646),
	(1200, 1647),
	(1240, 1647),
	(1200, 1648),
	(1240, 1648),
	(1200, 1649),
	(1240, 1649),
	(1200, 1650),
	(1240, 1650),
	(1200, 1651),
	(1240, 1651),
	(1200, 1652),
	(1240, 1652),
	(1200, 1653),
	(1240, 1653),
	(1200, 1654),
	(1240, 1654),
	(1200, 1655),
	(1240, 1655),
	(1200, 1656),
	(1240, 1656),
	(1200, 1657),
	(1240, 1657),
	(1200, 1658),
	(1240, 1658),
	(1200, 1659),
	(1240, 1659),
	(1200, 1660),
	(1240, 1660),
	(1200, 1661),
	(1240, 1661),
	(1200, 1662),
	(1240, 1662),
	(1200, 1663),
	(1240, 1663),
	(1200, 1664),
	(1240, 1664),
	(1200, 1665),
	(1240, 1665),
	(1200, 1666),
	(1240, 1666),
	(1200, 1667),
	(1240, 1667),
	(1200, 1668),
	(1240, 1668),
	(1200, 1669),
	(1240, 1669),
	(1200, 1670),
	(1240, 1670),
	(1200, 1671),
	(1240, 1671),
	(1200, 1672),
	(1240, 1672),
	(1200, 1673),
	(1240, 1673),
	(1200, 1674),
	(1240, 1674),
	(1200, 1675),
	(1240, 1675),
	(1200, 1676),
	(1240, 1676),
	(1200, 1677),
	(1240, 1677),
	(1200, 1678),
	(1240, 1678),
	(1200, 1679),
	(1240, 1679),
	(1200, 1680),
	(1240, 1680),
	(1200, 1681),
	(1240, 1681),
	(1200, 1682),
	(1240, 1682),
	(1200, 1683),
	(1240, 1683),
	(1200, 1684),
	(1240, 1684),
	(1200, 1685),
	(1240, 1685),
	(1200, 1686),
	(1240, 1686),
	(1200, 1687),
	(1240, 1687),
	(1200, 1688),
	(1240, 1688),
	(1200, 1689),
	(1240, 1689),
	(1200, 1690),
	(1240, 1690),
	(1200, 1691),
	(1240, 1691),
	(1200, 1692),
	(1240, 1692),
	(1200, 1693),
	(1240, 1693),
	(1200, 1694),
	(1240, 1694),
	(1200, 1695),
	(1240, 1695),
	(1200, 1696),
	(1240, 1696),
	(1200, 1697),
	(1240, 1697),
	(1900, 1698),
	(1900, 1699),
	(1900, 1700),
	(1900, 1701),
	(1900, 1702),
	(1900, 1703),
	(1200, 1707),
	(1240, 1707),
	(1200, 1708),
	(1240, 1708),
	(1200, 1709),
	(1240, 1709),
	(1200, 1710),
	(1240, 1710),
	(1200, 1711),
	(1240, 1711),
	(1200, 1712),
	(1240, 1712),
	(1200, 1713),
	(1240, 1713),
	(1200, 1714),
	(1240, 1714),
	(1200, 1715),
	(1240, 1715),
	(1200, 1716),
	(1240, 1716),
	(1200, 1717),
	(1240, 1717),
	(1200, 1718),
	(1240, 1718),
	(1200, 1719),
	(1240, 1719),
	(1200, 1720),
	(1240, 1720),
	(1200, 1721),
	(1240, 1721),
	(1200, 1722),
	(1240, 1722),
	(1200, 1723),
	(1240, 1723),
	(1200, 1724),
	(1240, 1724),
	(1200, 1725),
	(1240, 1725),
	(1200, 1726),
	(1240, 1726),
	(1200, 1727),
	(1240, 1727),
	(1200, 1728),
	(1240, 1728),
	(1200, 1729),
	(1240, 1729),
	(1200, 1730),
	(1240, 1730),
	(1200, 1731),
	(1240, 1731),
	(1200, 1732),
	(1240, 1732),
	(1200, 1733),
	(1240, 1733),
	(1200, 1734),
	(1240, 1734),
	(1200, 1735),
	(1240, 1735),
	(1200, 1736),
	(1240, 1736),
	(1200, 1737),
	(1240, 1737),
	(1200, 1738),
	(1240, 1738),
	(1200, 1739),
	(1240, 1739),
	(1200, 1740),
	(1240, 1740),
	(1200, 1741),
	(1240, 1741),
	(1200, 1742),
	(1240, 1742),
	(1200, 1743),
	(1240, 1743),
	(1200, 1744),
	(1240, 1744),
	(1200, 1745),
	(1240, 1745),
	(1200, 1746),
	(1240, 1746),
	(1200, 1747),
	(1240, 1747),
	(1200, 1748),
	(1240, 1748),
	(1200, 1749),
	(1240, 1749),
	(1200, 1750),
	(1240, 1750),
	(1200, 1751),
	(1240, 1751),
	(1200, 1752),
	(1240, 1752),
	(1200, 1753),
	(1240, 1753),
	(1200, 1754),
	(1240, 1754),
	(1200, 1755),
	(1240, 1755),
	(1200, 1756),
	(1240, 1756),
	(1200, 1757),
	(1240, 1757),
	(1200, 1758),
	(1240, 1758),
	(1200, 1759),
	(1240, 1759),
	(1200, 1760),
	(1240, 1760),
	(1200, 1761),
	(1240, 1761),
	(1200, 1762),
	(1240, 1762),
	(1200, 1763),
	(1240, 1763),
	(1200, 1764),
	(1240, 1764),
	(1200, 1765),
	(1240, 1765),
	(1200, 1766),
	(1240, 1766),
	(1200, 1767),
	(1240, 1767),
	(1200, 1768),
	(1240, 1768),
	(1200, 1769),
	(1240, 1769),
	(1200, 1770),
	(1240, 1770),
	(1200, 1771),
	(1240, 1771),
	(1200, 1772),
	(1240, 1772),
	(1200, 1773),
	(1240, 1773),
	(1200, 1774),
	(1240, 1774),
	(1200, 1775),
	(1240, 1775),
	(1300, 1776),
	(1305, 1776),
	(1200, 1860),
	(1240, 1860),
	(1200, 1861),
	(1240, 1861),
	(1200, 1862),
	(1240, 1862),
	(1200, 1863),
	(1210, 1863),
	(1229, 1863),
	(1200, 1864),
	(1240, 1864),
	(1200, 1865),
	(1240, 1865),
	(1900, 1866),
	(1900, 1936),
	(1200, 591),
	(1240, 591),
	(1200, 471),
	(1240, 471),
	(1200, 570),
	(1240, 570),
	(1200, 1939),
	(1270, 1939),
	(1200, 1940),
	(1270, 1940),
	(1200, 389),
	(1210, 389),
	(1222, 389),
	(1200, 384),
	(1210, 384),
	(1222, 384),
	(1200, 390),
	(1210, 390),
	(1222, 390),
	(1200, 573),
	(1240, 573),
	(1200, 579),
	(1240, 579),
	(1200, 546),
	(1240, 546),
	(1200, 571),
	(1240, 571),
	(1200, 588),
	(1240, 588),
	(1200, 575),
	(1240, 575),
	(1200, 574),
	(1240, 574),
	(1200, 567),
	(1240, 567),
	(1200, 587),
	(1240, 587),
	(1200, 582),
	(1240, 582),
	(1200, 583),
	(1240, 583),
	(1200, 584),
	(1240, 584),
	(1200, 589),
	(1240, 589),
	(1200, 577),
	(1240, 577),
	(1200, 593),
	(1240, 593),
	(1200, 572),
	(1240, 572),
	(1200, 598),
	(1240, 598),
	(1200, 599),
	(1240, 599),
	(1200, 545),
	(1240, 545),
	(1200, 594),
	(1240, 594),
	(1200, 595),
	(1240, 595),
	(1200, 596),
	(1240, 596),
	(1200, 592),
	(1240, 592),
	(1200, 590),
	(1240, 590),
	(1200, 605),
	(1240, 605),
	(1200, 477),
	(1210, 477),
	(1221, 477),
	(1200, 433),
	(1210, 433),
	(1221, 433),
	(1200, 475),
	(1210, 475),
	(1221, 475),
	(1200, 476),
	(1210, 476),
	(1221, 476),
	(1200, 437),
	(1210, 437),
	(1221, 437),
	(1200, 438),
	(1210, 438),
	(1221, 438),
	(1200, 439),
	(1210, 439),
	(1221, 439),
	(1200, 440),
	(1210, 440),
	(1221, 440),
	(1200, 478),
	(1210, 478),
	(1221, 478),
	(1200, 426),
	(1210, 426),
	(1221, 426),
	(1200, 479),
	(1210, 479),
	(1221, 479),
	(1200, 427),
	(1210, 427),
	(1221, 427),
	(1200, 442),
	(1210, 442),
	(1221, 442),
	(1200, 428),
	(1210, 428),
	(1221, 428),
	(1200, 429),
	(1210, 429),
	(1221, 429),
	(1200, 430),
	(1210, 430),
	(1221, 430),
	(1200, 431),
	(1210, 431),
	(1221, 431),
	(1200, 432),
	(1210, 432),
	(1221, 432),
	(1200, 443),
	(1210, 443),
	(1221, 443),
	(1200, 434),
	(1210, 434),
	(1221, 434),
	(1200, 435),
	(1210, 435),
	(1221, 435),
	(1200, 423),
	(1210, 423),
	(1221, 423),
	(1200, 424),
	(1210, 424),
	(1221, 424),
	(1200, 425),
	(1210, 425),
	(1221, 425),
	(1200, 441),
	(1210, 441),
	(1221, 441),
	(1200, 603),
	(1240, 603),
	(1200, 578),
	(1240, 578),
	(1200, 602),
	(1240, 602),
	(1200, 585),
	(1240, 585),
	(1200, 601),
	(1240, 601),
	(1200, 600),
	(1240, 600),
	(1200, 597),
	(1240, 597),
	(1200, 581),
	(1240, 581),
	(1200, 580),
	(1240, 580),
	(1200, 1890),
	(1210, 1890),
	(1222, 1890),
	(1200, 436),
	(1210, 436),
	(1222, 436),
	(1200, 1895),
	(1210, 1895),
	(1222, 1895),
	(1200, 1897),
	(1210, 1897),
	(1222, 1897),
	(1200, 1907),
	(1210, 1907),
	(1222, 1907),
	(1200, 1923),
	(1210, 1923),
	(1222, 1923),
	(1200, 1924),
	(1210, 1924),
	(1222, 1924),
	(1200, 1925),
	(1210, 1925),
	(1222, 1925),
	(1200, 1926),
	(1210, 1926),
	(1222, 1926),
	(1200, 1917),
	(1210, 1917),
	(1222, 1917),
	(1200, 1916),
	(1210, 1916),
	(1222, 1916),
	(1200, 1915),
	(1210, 1915),
	(1222, 1915),
	(1200, 1918),
	(1210, 1918),
	(1222, 1918),
	(1200, 1919),
	(1210, 1919),
	(1222, 1919),
	(1200, 411),
	(1210, 411),
	(1222, 411),
	(1200, 1930),
	(1210, 1930),
	(1222, 1930),
	(1200, 1931),
	(1210, 1931),
	(1222, 1931),
	(1200, 1912),
	(1210, 1912),
	(1222, 1912),
	(1200, 400),
	(1210, 400),
	(1222, 400),
	(1200, 403),
	(1210, 403),
	(1222, 403),
	(1200, 406),
	(1210, 406),
	(1222, 406),
	(1200, 408),
	(1210, 408),
	(1222, 408),
	(1200, 391),
	(1210, 391),
	(1222, 391),
	(1200, 392),
	(1210, 392),
	(1222, 392),
	(1200, 393),
	(1210, 393),
	(1222, 393),
	(1200, 394),
	(1210, 394),
	(1222, 394),
	(1200, 397),
	(1210, 397),
	(1222, 397),
	(1200, 398),
	(1210, 398),
	(1222, 398),
	(1200, 399),
	(1210, 399),
	(1222, 399),
	(1200, 412),
	(1210, 412),
	(1222, 412),
	(1200, 1932),
	(1210, 1932),
	(1222, 1932),
	(1200, 1913),
	(1210, 1913),
	(1222, 1913),
	(1200, 1933),
	(1210, 1933),
	(1222, 1933),
	(1200, 419),
	(1210, 419),
	(1222, 419),
	(1200, 1934),
	(1210, 1934),
	(1222, 1934),
	(1200, 1914),
	(1210, 1914),
	(1222, 1914),
	(1200, 1935),
	(1210, 1935),
	(1222, 1935),
	(1200, 1867),
	(1210, 1867),
	(1222, 1867),
	(1200, 1868),
	(1210, 1868),
	(1222, 1868),
	(1200, 415),
	(1210, 415),
	(1222, 415),
	(1200, 1869),
	(1210, 1869),
	(1222, 1869),
	(1200, 1870),
	(1210, 1870),
	(1222, 1870),
	(1200, 1871),
	(1210, 1871),
	(1222, 1871),
	(1200, 1872),
	(1210, 1872),
	(1222, 1872),
	(1200, 420),
	(1210, 420),
	(1222, 420),
	(1200, 1921),
	(1210, 1921),
	(1222, 1921),
	(1200, 416),
	(1210, 416),
	(1222, 416),
	(1200, 421),
	(1210, 421),
	(1222, 421),
	(1200, 422),
	(1210, 422),
	(1222, 422),
	(1200, 1873),
	(1210, 1873),
	(1222, 1873),
	(1200, 1874),
	(1210, 1874),
	(1222, 1874),
	(1200, 417),
	(1210, 417),
	(1222, 417),
	(1200, 1875),
	(1210, 1875),
	(1222, 1875),
	(1200, 1876),
	(1210, 1876),
	(1222, 1876),
	(1200, 1877),
	(1210, 1877),
	(1222, 1877),
	(1200, 1878),
	(1210, 1878),
	(1222, 1878),
	(1200, 1879),
	(1210, 1879),
	(1222, 1879),
	(1200, 1922),
	(1210, 1922),
	(1222, 1922),
	(1200, 1880),
	(1210, 1880),
	(1222, 1880),
	(1200, 1881),
	(1210, 1881),
	(1222, 1881),
	(1200, 1882),
	(1210, 1882),
	(1222, 1882),
	(1200, 1883),
	(1210, 1883),
	(1222, 1883),
	(1200, 1884),
	(1210, 1884),
	(1222, 1884),
	(1200, 418),
	(1210, 418),
	(1222, 418),
	(1200, 1906),
	(1210, 1906),
	(1222, 1906),
	(1200, 1898),
	(1210, 1898),
	(1222, 1898),
	(1200, 1927),
	(1210, 1927),
	(1222, 1927),
	(1200, 1910),
	(1210, 1910),
	(1222, 1910),
	(1200, 1904),
	(1210, 1904),
	(1222, 1904),
	(1200, 1905),
	(1210, 1905),
	(1222, 1905),
	(1200, 1901),
	(1210, 1901),
	(1222, 1901),
	(1200, 1893),
	(1210, 1893),
	(1222, 1893),
	(1200, 1886),
	(1210, 1886),
	(1222, 1886),
	(1200, 1885),
	(1210, 1885),
	(1222, 1885),
	(1200, 1889),
	(1210, 1889),
	(1222, 1889),
	(1200, 1903),
	(1210, 1903),
	(1222, 1903),
	(1200, 409),
	(1210, 409),
	(1222, 409),
	(1200, 1900),
	(1210, 1900),
	(1222, 1900),
	(1200, 1891),
	(1210, 1891),
	(1222, 1891),
	(1200, 1928),
	(1210, 1928),
	(1222, 1928),
	(1200, 1887),
	(1210, 1887),
	(1222, 1887),
	(1200, 1929),
	(1210, 1929),
	(1222, 1929),
	(1200, 1894),
	(1210, 1894),
	(1222, 1894),
	(1200, 1888),
	(1210, 1888),
	(1222, 1888),
	(1200, 1892),
	(1210, 1892),
	(1222, 1892),
	(1200, 1902),
	(1210, 1902),
	(1222, 1902),
	(1200, 1899),
	(1210, 1899),
	(1222, 1899),
	(1200, 1961),
	(1210, 1961),
	(1222, 1961),
	(1200, 1962),
	(1210, 1962),
	(1222, 1962),
	(1200, 1963),
	(1210, 1963),
	(1222, 1963),
	(1200, 1964),
	(1210, 1964),
	(1222, 1964),
	(1200, 405),
	(1210, 405),
	(1222, 405),
	(1200, 401),
	(1210, 401),
	(1222, 401),
	(1200, 402),
	(1210, 402),
	(1222, 402),
	(1200, 404),
	(1210, 404),
	(1222, 404),
	(1200, 396),
	(1210, 396),
	(1222, 396),
	(1200, 407),
	(1210, 407),
	(1222, 407),
	(1200, 395),
	(1210, 395),
	(1222, 395),
	(1200, 1777),
	(1240, 1777),
	(1200, 1778),
	(1240, 1778),
	(1200, 1789),
	(1240, 1789),
	(1200, 1782),
	(1240, 1782),
	(1200, 1783),
	(1240, 1783),
	(1200, 1784),
	(1240, 1784),
	(1200, 1785),
	(1240, 1785),
	(1200, 1786),
	(1240, 1786),
	(1200, 1787),
	(1240, 1787),
	(1200, 1788),
	(1240, 1788),
	(1200, 1781),
	(1240, 1781),
	(1200, 1779),
	(1240, 1779),
	(1200, 1780),
	(1240, 1780),
	(1200, 1855),
	(1240, 1855),
	(1200, 1856),
	(1240, 1856),
	(1200, 1857),
	(1240, 1857),
	(1200, 1858),
	(1240, 1858),
	(1200, 1859),
	(1240, 1859),
	(1200, 1790),
	(1240, 1790),
	(1200, 1833),
	(1240, 1833),
	(1200, 1791),
	(1240, 1791),
	(1200, 1792),
	(1240, 1792),
	(1200, 1834),
	(1240, 1834),
	(1200, 1835),
	(1240, 1835),
	(1200, 1836),
	(1240, 1836),
	(1200, 1837),
	(1240, 1837),
	(1200, 1793),
	(1240, 1793),
	(1200, 1794),
	(1240, 1794),
	(1200, 1795),
	(1240, 1795),
	(1200, 1796),
	(1240, 1796),
	(1200, 1797),
	(1240, 1797),
	(1200, 1798),
	(1240, 1798),
	(1200, 1799),
	(1240, 1799),
	(1200, 1800),
	(1240, 1800),
	(1200, 1801),
	(1240, 1801),
	(1200, 1802),
	(1240, 1802),
	(1200, 1803),
	(1240, 1803),
	(1200, 1804),
	(1240, 1804),
	(1200, 1805),
	(1240, 1805),
	(1200, 1806),
	(1240, 1806),
	(1200, 1846),
	(1240, 1846),
	(1200, 1847),
	(1240, 1847),
	(1200, 1848),
	(1240, 1848),
	(1200, 1849),
	(1240, 1849),
	(1200, 1838),
	(1240, 1838),
	(1200, 1839),
	(1240, 1839),
	(1200, 1840),
	(1240, 1840),
	(1200, 1841),
	(1240, 1841),
	(1200, 1842),
	(1240, 1842),
	(1200, 1843),
	(1240, 1843),
	(1200, 1844),
	(1240, 1844),
	(1200, 1845),
	(1240, 1845),
	(1200, 1807),
	(1240, 1807),
	(1200, 1808),
	(1240, 1808),
	(1200, 1809),
	(1240, 1809),
	(1200, 1810),
	(1240, 1810),
	(1200, 1811),
	(1240, 1811),
	(1200, 1812),
	(1240, 1812),
	(1200, 1813),
	(1240, 1813),
	(1200, 1814),
	(1240, 1814),
	(1200, 1815),
	(1240, 1815),
	(1200, 1817),
	(1240, 1817),
	(1200, 1816),
	(1240, 1816),
	(1200, 1818),
	(1240, 1818),
	(1200, 1819),
	(1240, 1819),
	(1200, 1820),
	(1240, 1820),
	(1200, 1821),
	(1240, 1821),
	(1200, 1822),
	(1240, 1822),
	(1200, 1823),
	(1240, 1823),
	(1200, 1824),
	(1240, 1824),
	(1200, 1825),
	(1240, 1825),
	(1200, 1826),
	(1240, 1826),
	(1200, 1827),
	(1240, 1827),
	(1200, 1828),
	(1240, 1828),
	(1200, 1829),
	(1240, 1829),
	(1200, 1830),
	(1240, 1830),
	(1200, 1831),
	(1240, 1831),
	(1200, 1832),
	(1240, 1832),
	(1200, 1850),
	(1240, 1850),
	(1200, 1851),
	(1240, 1851),
	(1200, 1852),
	(1240, 1852),
	(1200, 1853),
	(1240, 1853),
	(1200, 1854),
	(1240, 1854),
	(1300, 569),
	(1307, 569),
	(1300, 547),
	(1302, 547),
	(1300, 548),
	(1302, 548),
	(1300, 550),
	(1302, 550),
	(1300, 551),
	(1302, 551),
	(1300, 586),
	(1302, 586),
	(1300, 576),
	(1302, 576),
	(1300, 568),
	(1302, 568),
	(1300, 549),
	(1302, 549),
	(1300, 642),
	(1307, 642),
	(1300, 629),
	(1305, 629),
	(1300, 619),
	(1305, 619),
	(1300, 617),
	(1305, 617),
	(1300, 253),
	(1305, 253),
	(1300, 662),
	(1305, 662),
	(1300, 621),
	(1305, 621),
	(1300, 604),
	(1305, 604),
	(1300, 647),
	(1305, 647),
	(1300, 630),
	(1305, 630),
	(1300, 620),
	(1305, 620),
	(1300, 636),
	(1305, 636),
	(1300, 610),
	(1305, 610),
	(1300, 645),
	(1305, 645),
	(1300, 641),
	(1305, 641),
	(1300, 609),
	(1305, 609),
	(1300, 631),
	(1305, 631),
	(1300, 632),
	(1305, 632),
	(1300, 616),
	(1305, 616),
	(1300, 643),
	(1305, 643),
	(1300, 657),
	(1305, 657),
	(1300, 1704),
	(1305, 1704),
	(1300, 1705),
	(1305, 1705),
	(1300, 1706),
	(1305, 1706),
	(1300, 667),
	(1305, 667),
	(1300, 658),
	(1305, 658),
	(1300, 606),
	(1305, 606),
	(1300, 659),
	(1305, 659),
	(1300, 623),
	(1305, 623),
	(1300, 633),
	(1305, 633),
	(1300, 649),
	(1305, 649),
	(1300, 622),
	(1305, 622),
	(1300, 634),
	(1305, 634),
	(1300, 660),
	(1305, 660),
	(1300, 635),
	(1305, 635),
	(1300, 644),
	(1305, 644),
	(1300, 614),
	(1305, 614),
	(1300, 665),
	(1305, 665),
	(1300, 624),
	(1305, 624),
	(1300, 640),
	(1305, 640),
	(1300, 607),
	(1305, 607),
	(1300, 618),
	(1305, 618),
	(1300, 646),
	(1305, 646),
	(1300, 608),
	(1305, 608),
	(1300, 637),
	(1305, 637),
	(1300, 648),
	(1305, 648),
	(1300, 152),
	(1305, 152),
	(1300, 661),
	(1305, 661),
	(1300, 625),
	(1305, 625),
	(1300, 650),
	(1305, 650),
	(1300, 651),
	(1305, 651),
	(1300, 663),
	(1305, 663),
	(1300, 611),
	(1305, 611),
	(1300, 664),
	(1305, 664),
	(1300, 612),
	(1305, 612),
	(1300, 613),
	(1305, 613),
	(1300, 615),
	(1305, 615),
	(1300, 666),
	(1305, 666),
	(1300, 668),
	(1305, 668),
	(1300, 638),
	(1305, 638),
	(1200, 1959),
	(1210, 1959),
	(1227, 1959),
	(1200, 1949),
	(1210, 1949),
	(1227, 1949),
	(1200, 1942),
	(1210, 1942),
	(1227, 1942),
	(1200, 1954),
	(1210, 1954),
	(1227, 1954),
	(1200, 1943),
	(1210, 1943),
	(1227, 1943),
	(1200, 1944),
	(1210, 1944),
	(1227, 1944),
	(1200, 1945),
	(1210, 1945),
	(1227, 1945),
	(1200, 1946),
	(1210, 1946),
	(1227, 1946),
	(1200, 1947),
	(1210, 1947),
	(1227, 1947),
	(1200, 1948),
	(1210, 1948),
	(1227, 1948),
	(1200, 1950),
	(1210, 1950),
	(1227, 1950),
	(1200, 1951),
	(1210, 1951),
	(1227, 1951),
	(1200, 1952),
	(1210, 1952),
	(1227, 1952),
	(1200, 1953),
	(1210, 1953),
	(1227, 1953),
	(1200, 1955),
	(1210, 1955),
	(1227, 1955),
	(1200, 1956),
	(1210, 1956),
	(1227, 1956),
	(1200, 1957),
	(1210, 1957),
	(1227, 1957),
	(1200, 1958),
	(1210, 1958),
	(1227, 1958),
	(1200, 1960),
	(1210, 1960),
	(1227, 1960),
	(1200, 1941),
	(1210, 1941),
	(1227, 1941),
	(1200, 1965),
	(1210, 1965),
	(1222, 1965),
	(1200, 1966),
	(1210, 1966),
	(1222, 1966),
	(1200, 1967),
	(1210, 1967),
	(1222, 1967),
	(1200, 1968),
	(1210, 1968),
	(1222, 1968),
	(1200, 1909),
	(1210, 1909),
	(1222, 1909),
	(1200, 1969),
	(1210, 1969),
	(1227, 1969),
	(1300, 1969),
	(1301, 1969),
	(1200, 1970),
	(1240, 1970),
	(1200, 1971),
	(1240, 1971),
	(1200, 1972),
	(1240, 1972),
	(1200, 1973),
	(1240, 1973),
	(1200, 1974),
	(1240, 1974),
	(1200, 1975),
	(1240, 1975),
	(1200, 1976),
	(1240, 1976),
	(1200, 1977),
	(1240, 1977),
	(1200, 1978),
	(1240, 1978),
	(1200, 1979),
	(1240, 1979),
	(1200, 1980),
	(1240, 1980),
	(1200, 1981),
	(1240, 1981),
	(1200, 1982),
	(1240, 1982),
	(1200, 1983),
	(1240, 1983),
	(1200, 1984),
	(1240, 1984);
/*!40000 ALTER TABLE `ass_assettype_asset` ENABLE KEYS */;

-- 导出  表 iceprocess.ass_assettype_assetlabel 结构
DROP TABLE IF EXISTS `ass_assettype_assetlabel`;
CREATE TABLE IF NOT EXISTS `ass_assettype_assetlabel` (
  `id_assetlabel` int unsigned NOT NULL COMMENT '标签的ID',
  `id_assettype` int unsigned NOT NULL COMMENT '资产类型的ID',
  KEY `FK_assetlabel_assettype` (`id_assetlabel`),
  KEY `FK_assettype_assetlabel` (`id_assettype`),
  CONSTRAINT `FK_assetlabel_assettype` FOREIGN KEY (`id_assetlabel`) REFERENCES `assetlabel` (`id`),
  CONSTRAINT `FK_assettype_assetlabel` FOREIGN KEY (`id_assettype`) REFERENCES `assettype` (`id`)
) ENGINE=InnoDB DEFAULT CHARSET=utf8mb4 COLLATE=utf8mb4_0900_ai_ci COMMENT='关联表：资产类型-标签';

-- 正在导出表  iceprocess.ass_assettype_assetlabel 的数据：~0 rows (大约)
/*!40000 ALTER TABLE `ass_assettype_assetlabel` DISABLE KEYS */;
/*!40000 ALTER TABLE `ass_assettype_assetlabel` ENABLE KEYS */;

-- 导出  表 iceprocess.ass_assettype_assetlabelgroup 结构
DROP TABLE IF EXISTS `ass_assettype_assetlabelgroup`;
CREATE TABLE IF NOT EXISTS `ass_assettype_assetlabelgroup` (
  `id_assetlabelgroup` int unsigned NOT NULL COMMENT '标签组的ID',
  `id_assettype` int unsigned NOT NULL COMMENT '资产类型的ID',
  KEY `FK_assetlabelgroup_assettype` (`id_assetlabelgroup`),
  KEY `FK_assettype_assetlabelgroup` (`id_assettype`),
  CONSTRAINT `FK_assetlabelgroup_assettype` FOREIGN KEY (`id_assetlabelgroup`) REFERENCES `assetlabelgroup` (`id`),
  CONSTRAINT `FK_assettype_assetlabelgroup` FOREIGN KEY (`id_assettype`) REFERENCES `assettype` (`id`)
) ENGINE=InnoDB DEFAULT CHARSET=utf8mb4 COLLATE=utf8mb4_0900_ai_ci COMMENT='关联表：资产类型-标签组';

-- 正在导出表  iceprocess.ass_assettype_assetlabelgroup 的数据：~0 rows (大约)
/*!40000 ALTER TABLE `ass_assettype_assetlabelgroup` DISABLE KEYS */;
INSERT INTO `ass_assettype_assetlabelgroup` (`id_assetlabelgroup`, `id_assettype`) VALUES
	(1, 1240),
	(1, 1301),
	(3, 1301),
	(5, 1270),
	(6, 1221),
	(6, 1222),
	(6, 1227),
	(8, 1228),
	(10, 1225),
	(11, 1226),
	(21, 1250),
	(68, 1250),
	(70, 1400),
	(71, 1400),
	(75, 1500),
	(75, 1303),
	(75, 1304),
	(78, 1302),
	(79, 1302),
	(80, 1305),
	(1, 1305),
	(3, 1305),
	(1, 1804),
	(1, 1307),
	(1, 1306),
	(74, 1307),
	(19, 1250),
	(7, 1302),
	(9, 1222),
	(1, 701),
	(1, 702),
	(1, 703),
	(1, 704),
	(1, 700),
	(1, 200),
	(5, 1900);
/*!40000 ALTER TABLE `ass_assettype_assetlabelgroup` ENABLE KEYS */;

-- 导出  表 iceprocess.ass_assettype_obligation 结构
DROP TABLE IF EXISTS `ass_assettype_obligation`;
CREATE TABLE IF NOT EXISTS `ass_assettype_obligation` (
  `id_assettype` int unsigned NOT NULL COMMENT '资产类型的ID',
  `id_obligation` int unsigned NOT NULL COMMENT '职能的ID',
  `relationship` tinyint NOT NULL DEFAULT '0' COMMENT '关联关系，-1：无权限;0：可查询;1：可编辑标签；2：可编辑标签组。',
  KEY `FK_obligation_assettype` (`id_assettype`),
  KEY `FK_assettype_obligation` (`id_obligation`),
  CONSTRAINT `FK_assettype_obligation` FOREIGN KEY (`id_obligation`) REFERENCES `obligation` (`id`),
  CONSTRAINT `FK_obligation_assettype` FOREIGN KEY (`id_assettype`) REFERENCES `assettype` (`id`)
) ENGINE=InnoDB DEFAULT CHARSET=utf8mb4 COLLATE=utf8mb4_0900_ai_ci COMMENT='关联表：资产类型-职能';

-- 正在导出表  iceprocess.ass_assettype_obligation 的数据：~0 rows (大约)
/*!40000 ALTER TABLE `ass_assettype_obligation` DISABLE KEYS */;
/*!40000 ALTER TABLE `ass_assettype_obligation` ENABLE KEYS */;

-- 导出  表 iceprocess.ass_asset_assetlabel 结构
DROP TABLE IF EXISTS `ass_asset_assetlabel`;
CREATE TABLE IF NOT EXISTS `ass_asset_assetlabel` (
  `id_asset` int unsigned NOT NULL COMMENT '资产的ID',
  `id_assetlabel` int unsigned NOT NULL COMMENT '标签的ID',
  KEY `FK_asset_assetlabel` (`id_asset`),
  KEY `FK_assetlabel_asset` (`id_assetlabel`),
  CONSTRAINT `FK_asset_assetlabel` FOREIGN KEY (`id_asset`) REFERENCES `asset` (`id`),
  CONSTRAINT `FK_assetlabel_asset` FOREIGN KEY (`id_assetlabel`) REFERENCES `assetlabel` (`id`)
) ENGINE=InnoDB DEFAULT CHARSET=utf8mb4 COLLATE=utf8mb4_0900_ai_ci COMMENT='关联表：资产-标签';

-- 正在导出表  iceprocess.ass_asset_assetlabel 的数据：~0 rows (大约)
/*!40000 ALTER TABLE `ass_asset_assetlabel` DISABLE KEYS */;
INSERT INTO `ass_asset_assetlabel` (`id_asset`, `id_assetlabel`) VALUES
	(1, 482),
	(2, 482),
	(3, 421),
	(4, 482),
	(5, 421),
	(6, 419),
	(7, 422),
	(8, 422),
	(11, 482),
	(12, 482),
	(13, 482),
	(14, 482),
	(15, 482),
	(16, 482),
	(17, 482),
	(18, 482),
	(20, 411),
	(21, 411),
	(25, 420),
	(27, 419),
	(28, 421),
	(29, 420),
	(30, 420),
	(31, 482),
	(32, 482),
	(33, 419),
	(34, 419),
	(35, 420),
	(36, 482),
	(37, 420),
	(38, 416),
	(39, 419),
	(40, 482),
	(41, 419),
	(42, 419),
	(43, 419),
	(44, 419),
	(45, 482),
	(46, 482),
	(47, 420),
	(48, 482),
	(50, 420),
	(51, 417),
	(52, 435),
	(53, 436),
	(54, 436),
	(55, 435),
	(56, 435),
	(57, 435),
	(58, 482),
	(59, 482),
	(60, 482),
	(61, 418),
	(62, 418),
	(63, 418),
	(64, 416),
	(65, 416),
	(66, 416),
	(67, 416),
	(68, 416),
	(71, 410),
	(72, 410),
	(73, 410),
	(74, 410),
	(75, 410),
	(78, 410),
	(79, 410),
	(80, 410),
	(81, 410),
	(84, 481),
	(85, 481),
	(87, 481),
	(89, 481),
	(92, 481),
	(93, 481),
	(94, 481),
	(95, 481),
	(96, 481),
	(97, 481),
	(98, 481),
	(99, 481),
	(100, 481),
	(101, 481),
	(102, 481),
	(103, 481),
	(104, 481),
	(105, 481),
	(106, 481),
	(107, 481),
	(108, 481),
	(109, 481),
	(110, 481),
	(111, 481),
	(112, 481),
	(113, 481),
	(114, 438),
	(115, 438),
	(116, 438),
	(117, 438),
	(118, 438),
	(119, 438),
	(120, 438),
	(121, 438),
	(122, 438),
	(123, 438),
	(124, 438),
	(125, 438),
	(126, 438),
	(127, 481),
	(128, 436),
	(129, 436),
	(131, 436),
	(132, 436),
	(133, 436),
	(134, 436),
	(135, 436),
	(136, 436),
	(137, 436),
	(138, 436),
	(139, 436),
	(140, 424),
	(141, 424),
	(142, 424),
	(143, 424),
	(144, 424),
	(145, 424),
	(146, 424),
	(147, 424),
	(148, 424),
	(149, 424),
	(150, 424),
	(151, 424),
	(154, 482),
	(155, 410),
	(156, 410),
	(157, 410),
	(158, 410),
	(49, 410),
	(159, 481),
	(190, 481),
	(191, 481),
	(192, 481),
	(223, 481),
	(224, 417),
	(225, 419),
	(82, 438),
	(227, 32),
	(228, 32),
	(229, 32),
	(230, 32),
	(231, 32),
	(232, 32),
	(233, 32),
	(234, 32),
	(235, 32),
	(236, 42),
	(237, 42),
	(238, 42),
	(239, 42),
	(240, 42),
	(241, 42),
	(242, 42),
	(243, 42),
	(244, 42),
	(245, 42),
	(246, 42),
	(247, 42),
	(248, 42),
	(251, 7),
	(251, 328),
	(251, 338),
	(251, 387),
	(252, 7),
	(252, 387),
	(252, 328),
	(252, 338),
	(254, 9),
	(254, 76),
	(255, 7),
	(255, 387),
	(255, 100),
	(255, 2),
	(255, 327),
	(255, 336),
	(249, 7),
	(249, 328),
	(249, 340),
	(257, 31),
	(257, 438),
	(258, 4),
	(258, 159),
	(258, 9),
	(258, 485),
	(259, 24),
	(259, 25),
	(259, 26),
	(259, 28),
	(259, 29),
	(259, 30),
	(259, 435),
	(259, 443),
	(259, 447),
	(259, 446),
	(259, 444),
	(260, 9),
	(260, 78),
	(261, 3),
	(261, 140),
	(262, 4),
	(262, 205),
	(263, 4),
	(263, 491),
	(264, 461),
	(265, 2),
	(265, 183),
	(266, 2),
	(266, 180),
	(267, 2),
	(267, 183),
	(270, 5),
	(270, 228),
	(270, 234),
	(270, 239),
	(270, 328),
	(271, 9),
	(271, 487),
	(272, 5),
	(272, 230),
	(272, 465),
	(273, 1),
	(273, 9),
	(273, 79),
	(274, 9),
	(274, 75),
	(274, 452),
	(274, 77),
	(276, 5),
	(276, 233),
	(276, 289),
	(279, 5),
	(279, 469),
	(280, 88),
	(280, 95),
	(280, 394),
	(281, 5),
	(281, 230),
	(281, 465),
	(282, 5),
	(283, 87),
	(283, 88),
	(283, 96),
	(283, 94),
	(283, 98),
	(283, 93),
	(283, 392),
	(284, 3),
	(284, 143),
	(285, 88),
	(285, 94),
	(285, 98),
	(285, 392),
	(286, 5),
	(286, 465),
	(287, 1),
	(287, 66),
	(288, 5),
	(289, 5),
	(291, 29),
	(291, 447),
	(292, 5),
	(292, 231),
	(292, 266),
	(292, 273),
	(292, 462),
	(293, 88),
	(293, 94),
	(293, 93),
	(293, 95),
	(293, 98),
	(293, 392),
	(293, 96),
	(293, 97),
	(294, 5),
	(277, 29),
	(277, 509),
	(296, 3),
	(296, 139),
	(296, 483),
	(296, 495),
	(296, 195),
	(296, 209),
	(296, 428),
	(297, 1),
	(297, 3),
	(297, 140),
	(298, 5),
	(298, 230),
	(298, 328),
	(298, 10),
	(299, 1),
	(299, 468),
	(299, 466),
	(299, 50),
	(299, 2),
	(300, 8),
	(300, 328),
	(300, 360),
	(301, 7),
	(301, 327),
	(301, 337),
	(301, 387),
	(301, 10),
	(301, 354),
	(303, 2),
	(303, 99),
	(303, 100),
	(303, 103),
	(303, 105),
	(303, 106),
	(303, 104),
	(303, 131),
	(303, 134),
	(303, 484),
	(303, 468),
	(304, 5),
	(304, 231),
	(304, 230),
	(304, 232),
	(304, 468),
	(304, 465),
	(304, 267),
	(305, 29),
	(305, 444),
	(306, 29),
	(307, 9),
	(307, 71),
	(308, 10),
	(308, 328),
	(308, 3),
	(309, 1),
	(309, 51),
	(309, 327),
	(309, 337),
	(309, 354),
	(309, 10),
	(310, 10),
	(310, 7),
	(310, 8),
	(310, 387),
	(310, 360),
	(310, 328),
	(310, 338),
	(310, 339),
	(310, 340),
	(310, 341),
	(313, 9),
	(313, 75),
	(314, 9),
	(314, 77),
	(315, 2),
	(315, 484),
	(316, 2),
	(317, 5),
	(317, 231),
	(317, 266),
	(318, 5),
	(319, 4),
	(319, 200),
	(320, 5),
	(320, 230),
	(321, 5),
	(321, 230),
	(322, 98),
	(322, 88),
	(330, 9),
	(331, 30),
	(332, 30),
	(333, 30),
	(334, 30),
	(335, 30),
	(336, 30),
	(337, 29),
	(338, 30),
	(339, 88),
	(340, 87),
	(340, 88),
	(341, 10),
	(342, 10),
	(342, 327),
	(342, 337),
	(342, 354),
	(343, 10),
	(343, 328),
	(343, 338),
	(343, 339),
	(343, 340),
	(343, 341),
	(344, 10),
	(344, 354),
	(344, 327),
	(344, 337),
	(344, 219),
	(345, 7),
	(345, 387),
	(345, 10),
	(345, 327),
	(345, 337),
	(346, 3),
	(347, 9),
	(347, 73),
	(348, 470),
	(349, 2),
	(349, 468),
	(349, 460),
	(350, 2),
	(350, 468),
	(350, 464),
	(350, 183),
	(350, 1),
	(350, 59),
	(350, 99),
	(351, 2),
	(351, 1),
	(351, 183),
	(351, 484),
	(351, 468),
	(352, 1),
	(352, 2),
	(352, 183),
	(354, 9),
	(354, 510),
	(356, 9),
	(356, 1),
	(356, 75),
	(356, 450),
	(356, 452),
	(357, 10),
	(357, 14),
	(358, 10),
	(358, 14),
	(278, 2),
	(278, 106),
	(278, 7),
	(278, 10),
	(278, 387),
	(278, 354),
	(278, 328),
	(278, 327),
	(278, 326),
	(278, 325),
	(278, 337),
	(278, 338),
	(278, 336),
	(278, 26),
	(359, 25),
	(359, 23),
	(359, 28),
	(359, 2),
	(360, 2),
	(360, 5),
	(360, 7),
	(360, 28),
	(360, 25),
	(360, 23),
	(361, 26),
	(361, 25),
	(361, 24),
	(361, 435),
	(362, 27),
	(362, 26),
	(362, 25),
	(362, 24),
	(362, 435),
	(363, 27),
	(363, 26),
	(363, 25),
	(363, 24),
	(363, 435),
	(364, 29),
	(364, 26),
	(364, 25),
	(365, 25),
	(365, 23),
	(366, 9),
	(366, 69),
	(367, 9),
	(367, 72),
	(367, 485),
	(368, 9),
	(368, 75),
	(368, 450),
	(369, 10),
	(369, 354),
	(369, 14),
	(370, 10),
	(370, 328),
	(370, 327),
	(370, 8),
	(371, 3),
	(371, 139),
	(371, 427),
	(371, 426),
	(371, 147),
	(372, 9),
	(372, 76),
	(373, 2),
	(373, 1),
	(374, 2),
	(375, 2),
	(376, 2),
	(377, 2),
	(378, 5),
	(378, 465),
	(379, 5),
	(379, 465),
	(380, 5),
	(380, 465),
	(381, 5),
	(381, 465),
	(382, 7),
	(382, 464),
	(382, 462),
	(383, 511),
	(414, 25),
	(463, 3),
	(444, 3),
	(444, 489),
	(464, 4),
	(465, 4),
	(466, 4),
	(445, 3),
	(445, 490),
	(446, 3),
	(446, 141),
	(446, 494),
	(470, 47),
	(472, 512),
	(480, 4),
	(480, 1),
	(481, 23),
	(481, 24),
	(481, 22),
	(482, 1),
	(482, 221),
	(482, 360),
	(483, 5),
	(484, 5),
	(485, 5),
	(486, 5),
	(487, 5),
	(488, 5),
	(489, 5),
	(490, 5),
	(491, 5),
	(492, 5),
	(493, 1),
	(493, 8),
	(494, 8),
	(494, 1),
	(495, 2),
	(496, 2),
	(497, 2),
	(498, 2),
	(501, 2),
	(502, 2),
	(503, 5),
	(504, 8),
	(504, 5),
	(505, 8),
	(506, 8),
	(507, 8),
	(508, 8),
	(509, 8),
	(510, 8),
	(511, 8),
	(512, 8),
	(513, 8),
	(514, 8),
	(515, 8),
	(516, 8),
	(517, 1),
	(517, 2),
	(517, 8),
	(517, 5),
	(517, 328),
	(518, 2),
	(519, 2),
	(520, 2),
	(521, 2),
	(522, 2),
	(523, 2),
	(524, 2),
	(525, 2),
	(526, 2),
	(527, 2),
	(499, 2),
	(500, 2),
	(528, 2),
	(529, 2),
	(530, 2),
	(531, 2),
	(532, 2),
	(533, 2),
	(534, 2),
	(535, 8),
	(536, 228),
	(536, 5),
	(536, 235),
	(537, 1),
	(537, 8),
	(538, 1),
	(538, 6),
	(538, 49),
	(538, 8),
	(539, 8),
	(539, 24),
	(540, 8),
	(540, 24),
	(541, 8),
	(541, 24),
	(542, 8),
	(542, 24),
	(543, 8),
	(543, 24),
	(544, 8),
	(544, 24),
	(552, 8),
	(552, 24),
	(553, 8),
	(553, 24),
	(554, 8),
	(554, 24),
	(555, 8),
	(555, 24),
	(556, 8),
	(556, 24),
	(557, 8),
	(557, 24),
	(558, 8),
	(558, 24),
	(559, 8),
	(559, 24),
	(560, 8),
	(560, 24),
	(561, 8),
	(561, 24),
	(562, 8),
	(562, 24),
	(563, 8),
	(563, 24),
	(564, 8),
	(564, 24),
	(565, 8),
	(565, 24),
	(566, 8),
	(566, 24),
	(626, 3),
	(626, 143),
	(626, 14),
	(627, 3),
	(627, 143),
	(627, 14),
	(628, 3),
	(628, 143),
	(628, 14),
	(639, 3),
	(639, 14),
	(639, 143),
	(652, 3),
	(652, 14),
	(652, 139),
	(653, 3),
	(653, 14),
	(653, 139),
	(653, 428),
	(653, 495),
	(654, 3),
	(654, 14),
	(654, 142),
	(655, 3),
	(655, 14),
	(655, 427),
	(656, 3),
	(656, 14),
	(656, 139),
	(656, 427),
	(669, 2),
	(669, 99),
	(669, 106),
	(669, 120),
	(670, 2),
	(670, 99),
	(670, 107),
	(670, 120),
	(670, 355),
	(671, 2),
	(671, 99),
	(671, 120),
	(671, 355),
	(672, 2),
	(672, 99),
	(672, 107),
	(672, 120),
	(672, 355),
	(673, 2),
	(674, 2),
	(674, 14),
	(675, 2),
	(676, 2),
	(677, 2),
	(678, 2),
	(679, 2),
	(680, 3),
	(680, 2),
	(681, 2),
	(681, 1),
	(682, 2),
	(683, 2),
	(684, 2),
	(685, 2),
	(686, 2),
	(687, 2),
	(688, 2),
	(689, 1),
	(689, 61),
	(690, 1),
	(690, 61),
	(691, 1),
	(691, 61),
	(692, 1),
	(692, 61),
	(693, 1),
	(693, 61),
	(694, 1),
	(694, 61),
	(695, 1),
	(695, 61),
	(696, 1),
	(696, 61),
	(697, 1),
	(697, 61),
	(698, 1),
	(698, 61),
	(699, 1),
	(699, 61),
	(700, 1),
	(702, 9),
	(702, 75),
	(703, 9),
	(703, 75),
	(704, 9),
	(704, 75),
	(701, 9),
	(701, 75),
	(705, 9),
	(705, 73),
	(706, 9),
	(706, 76),
	(707, 9),
	(707, 76),
	(708, 9),
	(708, 76),
	(709, 9),
	(709, 1),
	(709, 61),
	(709, 75),
	(709, 450),
	(710, 9),
	(710, 75),
	(710, 450),
	(711, 9),
	(711, 75),
	(711, 450),
	(712, 9),
	(712, 75),
	(712, 450),
	(713, 9),
	(713, 75),
	(713, 450),
	(714, 9),
	(714, 75),
	(714, 450),
	(715, 9),
	(715, 75),
	(715, 450),
	(716, 9),
	(716, 75),
	(716, 450),
	(717, 9),
	(717, 75),
	(717, 450),
	(718, 9),
	(718, 75),
	(718, 450),
	(719, 9),
	(719, 75),
	(719, 450),
	(720, 9),
	(720, 75),
	(720, 450),
	(721, 9),
	(721, 75),
	(721, 450),
	(722, 9),
	(722, 75),
	(722, 450),
	(723, 10),
	(723, 7),
	(724, 1),
	(724, 9),
	(724, 75),
	(724, 453),
	(725, 9),
	(725, 75),
	(725, 450),
	(726, 9),
	(726, 1),
	(726, 65),
	(727, 9),
	(727, 75),
	(727, 450),
	(728, 9),
	(728, 75),
	(728, 450),
	(729, 9),
	(729, 75),
	(729, 450),
	(730, 9),
	(730, 75),
	(730, 450),
	(731, 9),
	(731, 75),
	(731, 450),
	(732, 9),
	(732, 75),
	(732, 450),
	(733, 4),
	(733, 159),
	(734, 4),
	(735, 4),
	(736, 4),
	(737, 4),
	(738, 4),
	(739, 3),
	(739, 140),
	(741, 3),
	(741, 140),
	(742, 3),
	(742, 140),
	(743, 3),
	(743, 140),
	(744, 3),
	(744, 139),
	(744, 147),
	(745, 3),
	(745, 139),
	(745, 147),
	(746, 3),
	(746, 139),
	(746, 147),
	(747, 3),
	(747, 139),
	(747, 147),
	(748, 3),
	(748, 139),
	(748, 147),
	(749, 3),
	(749, 139),
	(749, 428),
	(750, 3),
	(750, 139),
	(750, 428),
	(751, 3),
	(751, 139),
	(751, 428),
	(752, 3),
	(752, 139),
	(752, 150),
	(740, 3),
	(740, 139),
	(740, 150),
	(753, 3),
	(753, 139),
	(753, 150),
	(754, 3),
	(754, 139),
	(754, 150),
	(755, 3),
	(755, 139),
	(755, 150),
	(756, 3),
	(756, 139),
	(756, 150),
	(757, 2),
	(757, 455),
	(758, 2),
	(758, 455),
	(759, 2),
	(759, 455),
	(760, 2),
	(760, 455),
	(761, 2),
	(761, 455),
	(762, 2),
	(762, 455),
	(763, 2),
	(763, 455),
	(764, 2),
	(764, 454),
	(765, 2),
	(765, 454),
	(766, 2),
	(766, 454),
	(767, 2),
	(767, 454),
	(768, 2),
	(768, 454),
	(769, 2),
	(769, 454),
	(770, 2),
	(770, 454),
	(771, 2),
	(771, 454),
	(772, 2),
	(772, 454),
	(773, 2),
	(773, 454),
	(774, 2),
	(774, 454),
	(775, 2),
	(775, 454),
	(776, 2),
	(776, 454),
	(789, 2),
	(790, 2),
	(791, 2),
	(792, 2),
	(793, 2),
	(794, 2),
	(795, 2),
	(796, 2),
	(797, 2),
	(798, 2),
	(799, 2),
	(800, 2),
	(801, 2),
	(802, 2),
	(803, 2),
	(804, 2),
	(805, 2),
	(806, 2),
	(807, 2),
	(808, 2),
	(809, 2),
	(810, 2),
	(811, 2),
	(812, 2),
	(813, 2),
	(814, 2),
	(815, 2),
	(816, 2),
	(817, 2),
	(818, 2),
	(819, 2),
	(820, 2),
	(821, 2),
	(822, 2),
	(823, 2),
	(824, 2),
	(825, 2),
	(826, 2),
	(827, 2),
	(828, 2),
	(829, 2),
	(830, 2),
	(831, 2),
	(832, 2),
	(833, 2),
	(834, 2),
	(835, 2),
	(836, 2),
	(837, 2),
	(838, 2),
	(839, 2),
	(840, 2),
	(841, 2),
	(842, 2),
	(843, 2),
	(844, 2),
	(845, 2),
	(846, 2),
	(847, 2),
	(848, 2),
	(849, 2),
	(850, 2),
	(851, 2),
	(852, 2),
	(853, 2),
	(854, 2),
	(855, 2),
	(856, 2),
	(857, 2),
	(858, 2),
	(859, 2),
	(860, 2),
	(861, 2),
	(862, 2),
	(863, 2),
	(864, 2),
	(865, 2),
	(866, 2),
	(867, 2),
	(868, 2),
	(869, 2),
	(870, 2),
	(871, 2),
	(872, 2),
	(873, 2),
	(874, 2),
	(875, 2),
	(876, 2),
	(877, 2),
	(878, 2),
	(879, 2),
	(880, 2),
	(881, 2),
	(882, 2),
	(883, 2),
	(884, 2),
	(885, 2),
	(886, 2),
	(887, 2),
	(888, 2),
	(889, 2),
	(890, 2),
	(891, 2),
	(892, 2),
	(893, 2),
	(894, 2),
	(895, 2),
	(896, 2),
	(897, 2),
	(898, 2),
	(899, 2),
	(900, 2),
	(901, 2),
	(902, 2),
	(903, 2),
	(904, 2),
	(905, 2),
	(906, 2),
	(907, 2),
	(908, 2),
	(909, 2),
	(910, 2),
	(911, 2),
	(912, 2),
	(913, 2),
	(914, 2),
	(915, 2),
	(916, 2),
	(917, 2),
	(918, 2),
	(919, 2),
	(920, 2),
	(921, 2),
	(922, 2),
	(923, 2),
	(924, 2),
	(925, 2),
	(926, 2),
	(927, 2),
	(928, 2),
	(929, 2),
	(930, 2),
	(931, 2),
	(932, 2),
	(933, 2),
	(934, 2),
	(935, 2),
	(936, 2),
	(937, 2),
	(938, 2),
	(939, 2),
	(940, 2),
	(941, 2),
	(942, 2),
	(943, 2),
	(944, 2),
	(945, 2),
	(946, 2),
	(947, 2),
	(948, 2),
	(949, 2),
	(950, 2),
	(951, 2),
	(952, 2),
	(953, 2),
	(954, 2),
	(955, 2),
	(956, 2),
	(957, 2),
	(958, 2),
	(959, 2),
	(960, 2),
	(961, 2),
	(962, 2),
	(963, 2),
	(964, 2),
	(965, 2),
	(966, 2),
	(967, 2),
	(968, 2),
	(969, 2),
	(970, 2),
	(971, 2),
	(972, 2),
	(973, 2),
	(974, 2),
	(975, 2),
	(976, 2),
	(977, 2),
	(978, 2),
	(979, 2),
	(980, 2),
	(981, 2),
	(982, 2),
	(983, 2),
	(984, 2),
	(985, 2),
	(986, 2),
	(987, 2),
	(988, 2),
	(989, 2),
	(990, 2),
	(991, 2),
	(992, 2),
	(993, 2),
	(994, 2),
	(995, 2),
	(996, 2),
	(997, 2),
	(998, 2),
	(999, 2),
	(1000, 2),
	(1001, 2),
	(1002, 2),
	(1003, 2),
	(1004, 2),
	(1005, 2),
	(1006, 2),
	(1007, 2),
	(1008, 2),
	(1009, 2),
	(1010, 2),
	(1011, 2),
	(1012, 2),
	(1013, 2),
	(1014, 2),
	(1015, 2),
	(1016, 2),
	(1017, 2),
	(1018, 2),
	(1019, 2),
	(1020, 2),
	(1021, 2),
	(1022, 2),
	(1023, 2),
	(1024, 2),
	(1025, 2),
	(1026, 2),
	(1027, 2),
	(1028, 2),
	(1029, 2),
	(1030, 2),
	(1031, 2),
	(1032, 2),
	(1033, 2),
	(1034, 2),
	(1035, 2),
	(1036, 2),
	(1037, 2),
	(1038, 2),
	(1039, 2),
	(1040, 2),
	(1041, 2),
	(1042, 2),
	(1043, 2),
	(1044, 2),
	(1045, 2),
	(1046, 2),
	(1047, 2),
	(1048, 2),
	(1049, 2),
	(1050, 2),
	(1051, 2),
	(1052, 2),
	(1053, 2),
	(1054, 2),
	(1055, 2),
	(1056, 2),
	(1057, 2),
	(1058, 2),
	(1059, 2),
	(1060, 2),
	(1061, 2),
	(1062, 2),
	(1063, 2),
	(1064, 2),
	(1065, 2),
	(1066, 2),
	(1067, 2),
	(1068, 2),
	(1069, 2),
	(1070, 2),
	(1071, 2),
	(1072, 2),
	(1073, 2),
	(1074, 2),
	(1075, 2),
	(1076, 2),
	(1077, 2),
	(1078, 2),
	(1079, 2),
	(1080, 2),
	(1081, 2),
	(1082, 2),
	(1083, 2),
	(1084, 2),
	(1085, 2),
	(1086, 2),
	(1087, 2),
	(1088, 2),
	(1089, 2),
	(1090, 2),
	(1091, 2),
	(1092, 2),
	(1093, 2),
	(1094, 2),
	(1095, 2),
	(1096, 2),
	(1097, 2),
	(1098, 2),
	(1099, 2),
	(1100, 2),
	(1101, 2),
	(1102, 2),
	(1103, 2),
	(1104, 2),
	(1105, 2),
	(1106, 2),
	(1107, 2),
	(1108, 2),
	(1109, 2),
	(1110, 2),
	(1111, 2),
	(1112, 2),
	(1113, 2),
	(1114, 2),
	(1115, 2),
	(1116, 2),
	(1117, 2),
	(1118, 2),
	(1119, 2),
	(1120, 2),
	(1121, 2),
	(1122, 2),
	(1123, 2),
	(1124, 2),
	(1125, 2),
	(1126, 2),
	(1127, 2),
	(1128, 2),
	(1129, 2),
	(1130, 2),
	(1131, 2),
	(1132, 2),
	(1133, 2),
	(1134, 2),
	(1135, 2),
	(1136, 2),
	(1137, 2),
	(1138, 2),
	(1139, 2),
	(1140, 2),
	(1141, 2),
	(1142, 2),
	(1143, 2),
	(1144, 2),
	(1145, 2),
	(1146, 2),
	(1147, 2),
	(1148, 2),
	(1149, 2),
	(1150, 2),
	(1151, 2),
	(1152, 2),
	(1153, 2),
	(1154, 2),
	(1155, 2),
	(1156, 2),
	(1157, 2),
	(1158, 2),
	(1159, 2),
	(1160, 2),
	(1161, 2),
	(1162, 2),
	(1163, 2),
	(1164, 2),
	(1165, 2),
	(1166, 2),
	(1167, 2),
	(1168, 2),
	(1169, 2),
	(1170, 2),
	(1171, 2),
	(1172, 2),
	(1173, 2),
	(1174, 2),
	(1175, 2),
	(1176, 2),
	(1177, 2),
	(1178, 2),
	(1179, 2),
	(1180, 2),
	(1181, 2),
	(1182, 2),
	(1183, 2),
	(1184, 2),
	(1185, 2),
	(1186, 2),
	(1187, 2),
	(1188, 2),
	(1189, 2),
	(1190, 2),
	(1191, 2),
	(1192, 2),
	(1193, 2),
	(1194, 2),
	(1195, 2),
	(1196, 2),
	(1197, 2),
	(1198, 2),
	(1199, 2),
	(1200, 2),
	(1201, 2),
	(1202, 2),
	(1203, 2),
	(1204, 2),
	(1205, 2),
	(1206, 2),
	(1207, 2),
	(1208, 2),
	(1209, 2),
	(1210, 2),
	(1211, 2),
	(1212, 2),
	(1213, 2),
	(1214, 2),
	(1215, 2),
	(1216, 2),
	(1217, 2),
	(1218, 2),
	(1219, 2),
	(1220, 2),
	(1221, 2),
	(1222, 2),
	(1223, 2),
	(1224, 2),
	(1225, 2),
	(1226, 2),
	(1227, 2),
	(1228, 2),
	(1229, 2),
	(1230, 2),
	(1231, 2),
	(1232, 2),
	(1233, 2),
	(1234, 2),
	(1235, 2),
	(1236, 2),
	(1237, 2),
	(1238, 2),
	(1239, 2),
	(1240, 2),
	(1241, 2),
	(1242, 2),
	(1243, 2),
	(1244, 2),
	(1245, 2),
	(1246, 2),
	(1247, 2),
	(1248, 2),
	(1249, 2),
	(1250, 2),
	(1251, 2),
	(1252, 2),
	(1253, 2),
	(1254, 2),
	(1255, 2),
	(1256, 2),
	(1257, 2),
	(1258, 2),
	(1259, 2),
	(1260, 2),
	(1261, 2),
	(1262, 2),
	(1263, 2),
	(1264, 2),
	(1265, 2),
	(1266, 2),
	(1267, 2),
	(1268, 2),
	(1269, 2),
	(1270, 2),
	(1271, 2),
	(1272, 2),
	(1273, 2),
	(1274, 2),
	(1275, 2),
	(1276, 2),
	(1277, 2),
	(1278, 2),
	(1279, 2),
	(1280, 2),
	(1281, 2),
	(1282, 2),
	(1283, 2),
	(1284, 2),
	(1285, 2),
	(1286, 2),
	(1287, 2),
	(1288, 2),
	(1289, 2),
	(1290, 2),
	(1291, 2),
	(1292, 2),
	(1293, 2),
	(1294, 2),
	(1295, 2),
	(1296, 2),
	(1297, 2),
	(1298, 2),
	(1299, 2),
	(1300, 2),
	(1301, 2),
	(1302, 2),
	(1303, 2),
	(1304, 2),
	(1305, 2),
	(1306, 2),
	(1307, 2),
	(1308, 2),
	(1309, 2),
	(1310, 2),
	(1311, 2),
	(1312, 2),
	(1313, 2),
	(1314, 2),
	(1315, 2),
	(1316, 2),
	(1317, 2),
	(1318, 2),
	(1319, 2),
	(1320, 2),
	(1321, 2),
	(1322, 2),
	(1323, 2),
	(1324, 2),
	(1325, 2),
	(1326, 2),
	(1327, 2),
	(1328, 2),
	(1329, 2),
	(1330, 2),
	(1331, 2),
	(1332, 2),
	(1333, 2),
	(1334, 2),
	(1335, 2),
	(1336, 2),
	(1337, 2),
	(1338, 2),
	(1339, 2),
	(1340, 2),
	(1341, 2),
	(1342, 2),
	(1343, 2),
	(1344, 2),
	(1345, 2),
	(1346, 2),
	(1347, 2),
	(1348, 2),
	(1349, 2),
	(1350, 2),
	(1351, 2),
	(1352, 2),
	(1353, 2),
	(1354, 2),
	(1355, 2),
	(1356, 2),
	(1357, 2),
	(1358, 2),
	(1359, 2),
	(1360, 2),
	(1361, 2),
	(1362, 2),
	(1363, 2),
	(1364, 2),
	(1365, 2),
	(1366, 2),
	(1367, 2),
	(1368, 2),
	(1369, 2),
	(1370, 2),
	(1371, 2),
	(1372, 2),
	(1373, 2),
	(1374, 2),
	(1375, 2),
	(1376, 2),
	(1377, 2),
	(1378, 2),
	(1379, 2),
	(1380, 2),
	(1381, 2),
	(1382, 2),
	(1383, 2),
	(1384, 2),
	(1385, 2),
	(1386, 2),
	(1387, 2),
	(1388, 2),
	(1389, 2),
	(1390, 2),
	(1391, 2),
	(1392, 2),
	(1393, 2),
	(1394, 2),
	(1395, 2),
	(1396, 2),
	(1397, 2),
	(1398, 2),
	(1399, 2),
	(1400, 2),
	(1401, 2),
	(1402, 2),
	(1403, 2),
	(1404, 2),
	(1405, 2),
	(1406, 2),
	(1407, 2),
	(1408, 2),
	(1409, 2),
	(1410, 2),
	(1411, 2),
	(1412, 2),
	(1413, 2),
	(1414, 2),
	(1415, 2),
	(1416, 2),
	(1417, 2),
	(1418, 2),
	(1419, 2),
	(1420, 2),
	(1421, 2),
	(1422, 2),
	(1423, 2),
	(1424, 2),
	(1425, 2),
	(1426, 2),
	(1427, 2),
	(1428, 2),
	(1429, 2),
	(1430, 2),
	(1431, 2),
	(1432, 2),
	(1433, 2),
	(1434, 2),
	(1435, 2),
	(1436, 2),
	(1437, 2),
	(1438, 2),
	(1439, 2),
	(1440, 2),
	(1441, 2),
	(1442, 2),
	(1443, 2),
	(1444, 2),
	(1445, 2),
	(1446, 2),
	(1447, 2),
	(1448, 2),
	(1449, 2),
	(1450, 2),
	(1451, 2),
	(1452, 2),
	(1453, 2),
	(1454, 2),
	(1455, 2),
	(1456, 2),
	(1457, 2),
	(1458, 2),
	(1459, 2),
	(1460, 2),
	(1461, 2),
	(1462, 2),
	(1463, 2),
	(1464, 2),
	(1465, 2),
	(1466, 2),
	(1467, 2),
	(1468, 2),
	(1469, 2),
	(1470, 2),
	(1471, 2),
	(1472, 2),
	(1473, 2),
	(1474, 2),
	(1475, 2),
	(1476, 2),
	(1477, 2),
	(1478, 2),
	(1479, 2),
	(1480, 2),
	(1481, 2),
	(1482, 2),
	(1483, 2),
	(1484, 2),
	(1485, 2),
	(1486, 2),
	(1487, 2),
	(1488, 2),
	(1489, 2),
	(1490, 2),
	(1491, 2),
	(1492, 2),
	(1493, 2),
	(1494, 2),
	(1495, 2),
	(1496, 2),
	(1497, 2),
	(1498, 2),
	(1499, 2),
	(1500, 2),
	(1501, 2),
	(1502, 2),
	(1503, 2),
	(1504, 2),
	(1505, 2),
	(1506, 2),
	(1507, 2),
	(1508, 2),
	(1509, 2),
	(1510, 2),
	(1511, 2),
	(1512, 2),
	(1513, 2),
	(1514, 2),
	(1515, 2),
	(1516, 2),
	(1517, 2),
	(1518, 2),
	(1519, 2),
	(1520, 2),
	(1521, 2),
	(1522, 2),
	(1523, 2),
	(1524, 2),
	(1525, 2),
	(1526, 2),
	(1527, 2),
	(1528, 2),
	(1529, 2),
	(1530, 2),
	(1531, 2),
	(1532, 2),
	(1533, 2),
	(1534, 2),
	(1535, 2),
	(1536, 2),
	(1537, 2),
	(1538, 2),
	(1539, 2),
	(1540, 2),
	(1541, 2),
	(1542, 2),
	(1543, 2),
	(1544, 2),
	(1545, 2),
	(1546, 2),
	(1547, 2),
	(1548, 2),
	(1549, 2),
	(1550, 2),
	(1551, 2),
	(1552, 2),
	(1553, 2),
	(1554, 2),
	(1555, 2),
	(1556, 2),
	(1557, 2),
	(1558, 2),
	(1559, 2),
	(1560, 2),
	(1561, 2),
	(1562, 2),
	(1563, 2),
	(1564, 2),
	(1565, 2),
	(1566, 2),
	(1567, 2),
	(1568, 2),
	(1569, 2),
	(1570, 2),
	(1571, 2),
	(1572, 2),
	(1573, 2),
	(1574, 2),
	(1575, 2),
	(1576, 2),
	(1577, 2),
	(1578, 2),
	(1579, 2),
	(1580, 2),
	(1581, 2),
	(1582, 2),
	(1583, 2),
	(1584, 2),
	(1585, 2),
	(1586, 2),
	(1587, 2),
	(1588, 2),
	(1589, 2),
	(1590, 2),
	(1591, 2),
	(1592, 2),
	(1593, 2),
	(1594, 2),
	(1595, 2),
	(1596, 2),
	(1597, 2),
	(1598, 2),
	(1599, 2),
	(1600, 2),
	(1601, 2),
	(1602, 2),
	(1603, 2),
	(1604, 2),
	(1605, 2),
	(1606, 2),
	(1607, 2),
	(1608, 2),
	(1609, 2),
	(1610, 2),
	(1611, 2),
	(1612, 2),
	(1613, 2),
	(1614, 2),
	(1615, 2),
	(1616, 2),
	(1617, 2),
	(1618, 2),
	(1619, 2),
	(1620, 2),
	(1621, 2),
	(1622, 2),
	(1623, 2),
	(1624, 2),
	(1625, 2),
	(1626, 2),
	(1627, 2),
	(1628, 2),
	(1629, 2),
	(1630, 2),
	(1631, 2),
	(1632, 2),
	(1633, 2),
	(1634, 2),
	(1635, 2),
	(1636, 2),
	(1637, 2),
	(1638, 2),
	(1639, 2),
	(1640, 2),
	(1641, 2),
	(1642, 2),
	(1643, 2),
	(1644, 2),
	(1645, 2),
	(1646, 2),
	(1647, 2),
	(1648, 2),
	(1649, 2),
	(1650, 2),
	(1651, 2),
	(1652, 2),
	(1653, 2),
	(1654, 2),
	(1655, 2),
	(1656, 2),
	(1657, 2),
	(1658, 2),
	(1659, 2),
	(1660, 2),
	(1661, 2),
	(1662, 2),
	(1663, 2),
	(1664, 2),
	(1665, 2),
	(1666, 2),
	(1667, 2),
	(1668, 2),
	(1669, 2),
	(1670, 2),
	(1671, 2),
	(1672, 2),
	(1673, 2),
	(1674, 2),
	(1675, 2),
	(1676, 2),
	(1677, 2),
	(1678, 2),
	(1679, 2),
	(1680, 2),
	(1681, 2),
	(1682, 2),
	(1683, 2),
	(1684, 2),
	(1685, 2),
	(1686, 2),
	(1687, 2),
	(1688, 2),
	(1689, 2),
	(1690, 2),
	(1691, 2),
	(1692, 2),
	(1693, 2),
	(1694, 2),
	(1695, 2),
	(1696, 2),
	(1697, 2),
	(1698, 25),
	(1699, 25),
	(1700, 25),
	(1701, 25),
	(1702, 25),
	(1703, 25),
	(1707, 2),
	(1708, 2),
	(1709, 2),
	(1710, 2),
	(1711, 2),
	(1712, 2),
	(1713, 2),
	(1714, 2),
	(1715, 2),
	(1716, 2),
	(1717, 2),
	(1718, 2),
	(1719, 2),
	(1720, 2),
	(1721, 2),
	(1722, 2),
	(1723, 2),
	(1724, 2),
	(1725, 2),
	(1726, 2),
	(1727, 2),
	(1728, 2),
	(1729, 2),
	(1730, 2),
	(1731, 2),
	(1732, 2),
	(1733, 2),
	(1734, 2),
	(1735, 2),
	(1736, 2),
	(1737, 2),
	(1738, 2),
	(1739, 2),
	(1740, 2),
	(1741, 2),
	(1742, 2),
	(1743, 2),
	(1744, 2),
	(1745, 2),
	(1746, 2),
	(1747, 2),
	(1748, 2),
	(1749, 2),
	(1750, 2),
	(1751, 2),
	(1752, 2),
	(1753, 2),
	(1754, 2),
	(1755, 2),
	(1756, 2),
	(1757, 2),
	(1758, 2),
	(1759, 2),
	(1760, 2),
	(1761, 2),
	(1762, 2),
	(1763, 2),
	(1764, 2),
	(1765, 2),
	(1766, 2),
	(1767, 2),
	(1768, 2),
	(1769, 2),
	(1770, 2),
	(1771, 2),
	(1772, 2),
	(1773, 2),
	(1774, 2),
	(1775, 2),
	(1776, 2),
	(1776, 100),
	(1860, 3),
	(1860, 140),
	(1860, 157),
	(1861, 2),
	(1862, 2),
	(1864, 2),
	(1864, 5),
	(1865, 2),
	(1866, 25),
	(1936, 32),
	(1936, 436),
	(1936, 402),
	(591, 3),
	(591, 141),
	(471, 14),
	(471, 2),
	(570, 1),
	(570, 65),
	(389, 42),
	(384, 43),
	(390, 42),
	(573, 3),
	(573, 427),
	(573, 153),
	(579, 23),
	(579, 1),
	(546, 3),
	(546, 140),
	(571, 1),
	(571, 65),
	(571, 3),
	(571, 140),
	(571, 157),
	(588, 3),
	(588, 142),
	(575, 3),
	(575, 143),
	(574, 3),
	(574, 140),
	(567, 14),
	(567, 9),
	(567, 71),
	(587, 3),
	(587, 139),
	(587, 150),
	(582, 3),
	(582, 144),
	(582, 212),
	(583, 3),
	(583, 212),
	(583, 144),
	(584, 3),
	(584, 144),
	(584, 212),
	(589, 3),
	(589, 142),
	(577, 3),
	(577, 142),
	(593, 3),
	(593, 141),
	(572, 3),
	(572, 140),
	(598, 3),
	(598, 141),
	(599, 3),
	(599, 141),
	(545, 4),
	(594, 3),
	(594, 141),
	(595, 3),
	(595, 141),
	(596, 3),
	(596, 141),
	(592, 3),
	(592, 141),
	(590, 3),
	(590, 139),
	(590, 147),
	(605, 3),
	(605, 140),
	(581, 3),
	(581, 145),
	(1890, 480),
	(436, 480),
	(1895, 480),
	(1897, 480),
	(1907, 480),
	(1923, 480),
	(1924, 480),
	(1925, 480),
	(1926, 480),
	(1917, 480),
	(1916, 480),
	(1915, 480),
	(1918, 480),
	(1919, 480),
	(411, 480),
	(1930, 480),
	(1931, 480),
	(1912, 480),
	(400, 480),
	(403, 480),
	(406, 480),
	(408, 480),
	(391, 480),
	(392, 480),
	(393, 480),
	(394, 480),
	(397, 480),
	(398, 480),
	(399, 480),
	(412, 480),
	(1932, 480),
	(1913, 480),
	(1933, 480),
	(419, 480),
	(1934, 480),
	(1914, 480),
	(1935, 480),
	(1867, 480),
	(1868, 480),
	(415, 480),
	(1869, 480),
	(1870, 480),
	(1871, 480),
	(1872, 480),
	(420, 480),
	(1921, 480),
	(416, 480),
	(421, 480),
	(422, 480),
	(1873, 480),
	(1874, 480),
	(417, 480),
	(1875, 480),
	(1876, 480),
	(1877, 480),
	(1878, 480),
	(1879, 480),
	(1922, 480),
	(1880, 480),
	(1881, 480),
	(1882, 480),
	(1883, 480),
	(1884, 480),
	(418, 480),
	(1906, 480),
	(1898, 480),
	(1927, 480),
	(1910, 480),
	(1904, 480),
	(1905, 480),
	(1901, 480),
	(1893, 480),
	(1886, 480),
	(1885, 480),
	(1889, 480),
	(1903, 480),
	(409, 480),
	(1900, 480),
	(1891, 480),
	(1928, 480),
	(1887, 480),
	(1929, 480),
	(1894, 480),
	(1888, 480),
	(1892, 480),
	(1902, 480),
	(1899, 480),
	(1961, 41),
	(1962, 41),
	(1963, 41),
	(1964, 41),
	(405, 480),
	(401, 480),
	(402, 480),
	(404, 480),
	(396, 480),
	(407, 480),
	(395, 480),
	(1777, 2),
	(1778, 2),
	(1789, 2),
	(1782, 2),
	(1783, 2),
	(1784, 2),
	(1785, 2),
	(1786, 2),
	(1787, 2),
	(1788, 2),
	(1781, 2),
	(1779, 2),
	(1780, 2),
	(1855, 2),
	(1856, 2),
	(1857, 2),
	(1858, 2),
	(1859, 2),
	(1790, 2),
	(1833, 2),
	(1791, 2),
	(1792, 2),
	(1834, 2),
	(1835, 2),
	(1836, 2),
	(1837, 2),
	(1793, 2),
	(1794, 2),
	(1795, 2),
	(1796, 2),
	(1797, 2),
	(1798, 2),
	(1799, 2),
	(1800, 2),
	(1801, 2),
	(1802, 2),
	(1803, 2),
	(1804, 2),
	(1805, 2),
	(1806, 2),
	(1846, 2),
	(1847, 2),
	(1848, 2),
	(1849, 2),
	(1838, 2),
	(1839, 2),
	(1840, 2),
	(1841, 2),
	(1842, 2),
	(1843, 2),
	(1844, 2),
	(1845, 2),
	(1807, 2),
	(1808, 2),
	(1809, 2),
	(1810, 2),
	(1811, 2),
	(1812, 2),
	(1813, 2),
	(1814, 2),
	(1815, 2),
	(1817, 2),
	(1816, 2),
	(1818, 2),
	(1819, 2),
	(1820, 2),
	(1821, 2),
	(1822, 2),
	(1823, 2),
	(1824, 2),
	(1825, 2),
	(1826, 2),
	(1827, 2),
	(1828, 2),
	(1829, 2),
	(1830, 2),
	(1831, 2),
	(1832, 2),
	(1850, 2),
	(1851, 2),
	(1852, 2),
	(1853, 2),
	(1854, 2),
	(569, 3),
	(547, 3),
	(547, 140),
	(548, 3),
	(548, 140),
	(550, 3),
	(550, 140),
	(551, 3),
	(551, 140),
	(586, 3),
	(586, 140),
	(576, 3),
	(576, 140),
	(568, 3),
	(568, 140),
	(549, 3),
	(549, 140),
	(549, 157),
	(642, 3),
	(642, 14),
	(642, 426),
	(629, 3),
	(629, 14),
	(629, 143),
	(619, 3),
	(619, 14),
	(619, 143),
	(617, 3),
	(617, 14),
	(617, 143),
	(253, 3),
	(253, 14),
	(253, 143),
	(662, 3),
	(662, 14),
	(662, 143),
	(621, 3),
	(621, 14),
	(621, 143),
	(604, 3),
	(604, 14),
	(604, 143),
	(647, 3),
	(647, 14),
	(647, 143),
	(630, 3),
	(630, 14),
	(630, 143),
	(620, 3),
	(620, 14),
	(620, 143),
	(636, 3),
	(636, 14),
	(636, 143),
	(610, 3),
	(610, 14),
	(610, 143),
	(645, 3),
	(645, 14),
	(645, 143),
	(641, 3),
	(641, 14),
	(641, 143),
	(609, 3),
	(609, 14),
	(609, 143),
	(631, 3),
	(631, 14),
	(631, 143),
	(632, 3),
	(632, 14),
	(632, 143),
	(616, 3),
	(616, 14),
	(616, 143),
	(643, 3),
	(643, 14),
	(643, 143),
	(657, 3),
	(657, 14),
	(657, 143),
	(1704, 3),
	(1704, 14),
	(1704, 143),
	(1705, 3),
	(1705, 14),
	(1705, 143),
	(1706, 3),
	(1706, 14),
	(1706, 143),
	(667, 3),
	(667, 14),
	(667, 143),
	(658, 3),
	(658, 14),
	(658, 143),
	(606, 3),
	(606, 14),
	(606, 143),
	(659, 3),
	(659, 14),
	(659, 143),
	(623, 3),
	(623, 14),
	(623, 143),
	(633, 3),
	(633, 14),
	(633, 143),
	(649, 3),
	(649, 14),
	(649, 143),
	(622, 3),
	(622, 14),
	(622, 143),
	(634, 3),
	(634, 14),
	(634, 143),
	(660, 3),
	(660, 14),
	(660, 143),
	(635, 3),
	(635, 14),
	(635, 143),
	(644, 3),
	(644, 14),
	(644, 143),
	(614, 3),
	(614, 14),
	(614, 143),
	(665, 3),
	(665, 14),
	(665, 143),
	(624, 3),
	(624, 14),
	(624, 143),
	(640, 3),
	(640, 14),
	(640, 143),
	(607, 3),
	(607, 14),
	(607, 143),
	(618, 3),
	(618, 14),
	(618, 143),
	(646, 3),
	(646, 14),
	(646, 143),
	(608, 3),
	(608, 14),
	(608, 143),
	(637, 3),
	(637, 14),
	(637, 143),
	(648, 3),
	(648, 14),
	(648, 143),
	(152, 3),
	(152, 14),
	(152, 143),
	(661, 3),
	(661, 14),
	(661, 143),
	(625, 3),
	(625, 14),
	(625, 143),
	(650, 3),
	(650, 14),
	(650, 143),
	(651, 3),
	(651, 14),
	(651, 143),
	(663, 3),
	(663, 14),
	(663, 143),
	(611, 3),
	(611, 14),
	(611, 143),
	(664, 3),
	(664, 14),
	(664, 143),
	(612, 3),
	(612, 14),
	(612, 143),
	(613, 3),
	(613, 14),
	(613, 143),
	(615, 3),
	(615, 14),
	(615, 143),
	(666, 3),
	(666, 14),
	(666, 143),
	(668, 3),
	(668, 14),
	(668, 143),
	(638, 3),
	(638, 14),
	(638, 143),
	(1965, 41),
	(1966, 41),
	(1967, 41),
	(1968, 41),
	(1909, 41),
	(1969, 8),
	(1969, 360),
	(1969, 14),
	(1970, 2),
	(1971, 2),
	(1972, 2),
	(1973, 2),
	(1974, 2),
	(1975, 2),
	(1976, 2),
	(1977, 2),
	(1978, 2),
	(1979, 2),
	(1980, 2),
	(1981, 2),
	(1982, 2),
	(1983, 2),
	(1984, 2);
/*!40000 ALTER TABLE `ass_asset_assetlabel` ENABLE KEYS */;

-- 导出  表 iceprocess.ass_autoarchivescheme_assetlabel 结构
DROP TABLE IF EXISTS `ass_autoarchivescheme_assetlabel`;
CREATE TABLE IF NOT EXISTS `ass_autoarchivescheme_assetlabel` (
  `id_autoarchivescheme` int unsigned NOT NULL COMMENT '自动归档方案的ID',
  `id_assetlabel` int unsigned NOT NULL COMMENT '标签的ID',
  KEY `FK_autoarchivescheme_assetlabel` (`id_autoarchivescheme`),
  KEY `FK_assetlabel_autoarchivescheme` (`id_assetlabel`),
  CONSTRAINT `FK_assetlabel_autoarchivescheme` FOREIGN KEY (`id_assetlabel`) REFERENCES `assetlabel` (`id`),
  CONSTRAINT `FK_autoarchivescheme_assetlabel` FOREIGN KEY (`id_autoarchivescheme`) REFERENCES `autoarchivescheme` (`id`)
) ENGINE=InnoDB DEFAULT CHARSET=utf8mb4 COLLATE=utf8mb4_0900_ai_ci COMMENT='关联表：自动归档方案-标签';

-- 正在导出表  iceprocess.ass_autoarchivescheme_assetlabel 的数据：~0 rows (大约)
/*!40000 ALTER TABLE `ass_autoarchivescheme_assetlabel` DISABLE KEYS */;
INSERT INTO `ass_autoarchivescheme_assetlabel` (`id_autoarchivescheme`, `id_assetlabel`) VALUES
	(1, 2),
	(2, 8),
	(3, 7),
	(4, 233),
	(5, 295),
	(5, 296),
	(5, 297),
	(5, 298),
	(5, 299),
	(5, 290),
	(5, 291),
	(5, 292),
	(5, 293),
	(5, 294),
	(6, 5),
	(7, 1),
	(8, 3),
	(9, 4),
	(10, 9),
	(12, 8),
	(13, 2),
	(14, 3),
	(15, 5),
	(16, 4),
	(17, 1),
	(18, 143),
	(18, 144),
	(19, 140),
	(21, 141),
	(22, 74),
	(23, 73),
	(24, 76),
	(25, 77),
	(34, 433),
	(20, 139),
	(36, 432),
	(26, 75),
	(37, 66),
	(41, 22),
	(42, 23),
	(44, 25),
	(43, 24),
	(45, 26),
	(46, 27),
	(47, 28),
	(48, 29),
	(49, 30),
	(50, 31),
	(51, 32),
	(52, 33),
	(39, 462),
	(40, 461),
	(57, 464),
	(58, 466),
	(59, 465),
	(63, 470),
	(11, 13),
	(29, 13),
	(30, 13),
	(31, 13),
	(32, 13),
	(33, 13),
	(65, 13),
	(66, 13),
	(67, 13),
	(68, 13),
	(69, 13),
	(70, 13),
	(71, 13),
	(72, 13),
	(73, 13),
	(74, 13),
	(17, 14),
	(35, 14),
	(34, 14),
	(12, 14),
	(13, 14),
	(14, 14),
	(15, 14),
	(16, 14),
	(11, 8),
	(29, 2),
	(30, 3),
	(31, 5),
	(32, 4),
	(33, 10),
	(65, 8),
	(70, 8),
	(66, 2),
	(67, 3),
	(68, 5),
	(69, 4),
	(71, 2),
	(72, 3),
	(74, 4),
	(73, 5),
	(35, 3),
	(35, 4),
	(35, 432),
	(27, 87),
	(28, 88),
	(61, 3),
	(36, 1),
	(36, 9),
	(54, 2),
	(53, 5),
	(57, 7),
	(60, 205),
	(60, 206),
	(60, 207),
	(60, 208),
	(60, 209),
	(60, 213),
	(60, 214),
	(21, 210),
	(21, 211),
	(21, 212),
	(79, 41),
	(81, 43),
	(82, 42),
	(80, 44),
	(77, 480),
	(83, 418),
	(84, 421),
	(85, 436),
	(86, 435),
	(87, 437),
	(89, 410),
	(89, 409),
	(90, 411),
	(92, 438),
	(93, 439),
	(94, 440),
	(95, 441),
	(96, 422),
	(97, 419),
	(98, 416),
	(99, 420),
	(101, 414),
	(101, 415),
	(102, 417),
	(100, 482),
	(103, 436),
	(104, 436),
	(105, 437),
	(106, 435),
	(114, 462),
	(38, 484),
	(88, 424),
	(91, 481),
	(91, 412),
	(115, 508),
	(116, 501),
	(117, 502),
	(118, 503),
	(119, 504),
	(120, 505),
	(121, 506),
	(122, 507),
	(123, 10),
	(124, 511);
/*!40000 ALTER TABLE `ass_autoarchivescheme_assetlabel` ENABLE KEYS */;

-- 导出  表 iceprocess.ass_autoarchivescheme_assettype 结构
DROP TABLE IF EXISTS `ass_autoarchivescheme_assettype`;
CREATE TABLE IF NOT EXISTS `ass_autoarchivescheme_assettype` (
  `id_autoarchivescheme` int unsigned NOT NULL COMMENT '自动归档方案的ID',
  `id_assettype` int unsigned NOT NULL COMMENT '资产类型的ID',
  KEY `FK_autoarchivescheme_assettype` (`id_autoarchivescheme`),
  KEY `FK_assettype_autoarchivescheme` (`id_assettype`),
  CONSTRAINT `FK_assettype_autoarchivescheme` FOREIGN KEY (`id_assettype`) REFERENCES `assettype` (`id`),
  CONSTRAINT `FK_autoarchivescheme_assettype` FOREIGN KEY (`id_autoarchivescheme`) REFERENCES `autoarchivescheme` (`id`)
) ENGINE=InnoDB DEFAULT CHARSET=utf8mb4 COLLATE=utf8mb4_0900_ai_ci COMMENT='关联表：自动归档方案-资产类型';

-- 正在导出表  iceprocess.ass_autoarchivescheme_assettype 的数据：~0 rows (大约)
/*!40000 ALTER TABLE `ass_autoarchivescheme_assettype` DISABLE KEYS */;
INSERT INTO `ass_autoarchivescheme_assettype` (`id_autoarchivescheme`, `id_assettype`) VALUES
	(1, 1240),
	(2, 1240),
	(3, 1240),
	(4, 1240),
	(5, 1240),
	(6, 1240),
	(7, 1240),
	(8, 1240),
	(9, 1240),
	(10, 1240),
	(11, 1301),
	(18, 1302),
	(19, 1302),
	(20, 1302),
	(22, 1301),
	(23, 1301),
	(24, 1301),
	(25, 1301),
	(26, 1301),
	(27, 1250),
	(17, 1307),
	(34, 1307),
	(35, 1307),
	(12, 1305),
	(13, 1305),
	(14, 1305),
	(15, 1305),
	(16, 1305),
	(38, 1302),
	(39, 1302),
	(40, 1302),
	(41, 1270),
	(42, 1270),
	(43, 1270),
	(44, 1270),
	(45, 1270),
	(46, 1270),
	(48, 1270),
	(49, 1270),
	(50, 1270),
	(51, 1270),
	(52, 1270),
	(53, 1302),
	(54, 1302),
	(55, 1302),
	(60, 1302),
	(61, 1302),
	(36, 1302),
	(62, 1302),
	(63, 1302),
	(37, 1302),
	(57, 1302),
	(58, 1302),
	(59, 1302),
	(29, 1301),
	(30, 1301),
	(31, 1301),
	(32, 1301),
	(33, 1301),
	(65, 1804),
	(66, 1804),
	(67, 1804),
	(68, 1804),
	(69, 1804),
	(74, 1305),
	(70, 1305),
	(71, 1305),
	(72, 1305),
	(73, 1305),
	(28, 1250),
	(77, 1222),
	(79, 1222),
	(81, 1222),
	(82, 1222),
	(80, 1222),
	(83, 1400),
	(84, 1400),
	(85, 1500),
	(86, 1500),
	(87, 1500),
	(88, 1400),
	(89, 1400),
	(90, 1400),
	(91, 1400),
	(92, 1500),
	(93, 1500),
	(94, 1500),
	(95, 1500),
	(99, 1400),
	(98, 1400),
	(97, 1400),
	(96, 1400),
	(100, 1400),
	(101, 1400),
	(102, 1400),
	(103, 1303),
	(104, 1304),
	(105, 1303),
	(106, 1303),
	(107, 1230),
	(108, 1221),
	(109, 1227),
	(110, 1228),
	(111, 1229),
	(112, 1225),
	(113, 1226),
	(114, 1302),
	(41, 1900),
	(43, 1900),
	(44, 1900),
	(115, 1900),
	(115, 1270),
	(52, 1900),
	(51, 1900),
	(50, 1900),
	(49, 1900),
	(48, 1900),
	(46, 1900),
	(45, 1900),
	(116, 1270),
	(116, 1900),
	(117, 1270),
	(117, 1900),
	(118, 1270),
	(118, 1900),
	(119, 1270),
	(119, 1900),
	(120, 1270),
	(120, 1900),
	(121, 1270),
	(121, 1900),
	(122, 1270),
	(122, 1900),
	(123, 1240),
	(124, 1302),
	(125, 1900),
	(125, 1270);
/*!40000 ALTER TABLE `ass_autoarchivescheme_assettype` ENABLE KEYS */;

-- 导出  表 iceprocess.ass_autoarchivescheme_project 结构
DROP TABLE IF EXISTS `ass_autoarchivescheme_project`;
CREATE TABLE IF NOT EXISTS `ass_autoarchivescheme_project` (
  `id_autoarchivescheme` int unsigned NOT NULL COMMENT '自动归档方案的ID',
  `id_project` int unsigned NOT NULL COMMENT '项目的ID',
  KEY `FK_autoarchivescheme_project` (`id_autoarchivescheme`),
  KEY `FK_project_autoarchivescheme` (`id_project`),
  CONSTRAINT `FK_autoarchivescheme_project` FOREIGN KEY (`id_autoarchivescheme`) REFERENCES `autoarchivescheme` (`id`),
  CONSTRAINT `FK_project_autoarchivescheme` FOREIGN KEY (`id_project`) REFERENCES `project` (`id`)
) ENGINE=InnoDB DEFAULT CHARSET=utf8mb4 COLLATE=utf8mb4_0900_ai_ci COMMENT='关联表：自动归档方案-项目';

-- 正在导出表  iceprocess.ass_autoarchivescheme_project 的数据：~0 rows (大约)
/*!40000 ALTER TABLE `ass_autoarchivescheme_project` DISABLE KEYS */;
/*!40000 ALTER TABLE `ass_autoarchivescheme_project` ENABLE KEYS */;

-- 导出  表 iceprocess.ass_module_assettype 结构
DROP TABLE IF EXISTS `ass_module_assettype`;
CREATE TABLE IF NOT EXISTS `ass_module_assettype` (
  `id_module` int unsigned NOT NULL COMMENT '模块的ID',
  `id_assettype` int unsigned NOT NULL COMMENT '资产类型的ID',
  KEY `FK_module_assettype` (`id_module`),
  KEY `FK_assettype_module` (`id_assettype`),
  CONSTRAINT `FK_assettype_module` FOREIGN KEY (`id_assettype`) REFERENCES `assettype` (`id`),
  CONSTRAINT `FK_module_assettype` FOREIGN KEY (`id_module`) REFERENCES `module` (`id`)
) ENGINE=InnoDB DEFAULT CHARSET=utf8mb4 COLLATE=utf8mb4_0900_ai_ci COMMENT='关联表：模块-资产类型';

-- 正在导出表  iceprocess.ass_module_assettype 的数据：~0 rows (大约)
/*!40000 ALTER TABLE `ass_module_assettype` DISABLE KEYS */;
/*!40000 ALTER TABLE `ass_module_assettype` ENABLE KEYS */;

-- 导出  表 iceprocess.ass_module_module 结构
DROP TABLE IF EXISTS `ass_module_module`;
CREATE TABLE IF NOT EXISTS `ass_module_module` (
  `id_process` int unsigned NOT NULL COMMENT '流程的ID',
  `id_module_a` int unsigned NOT NULL COMMENT '模块A的ID',
  `id_module_b` int unsigned NOT NULL COMMENT '模块B的ID',
  `relationship` tinyint unsigned NOT NULL DEFAULT '0' COMMENT '关联关系，0代表B引用A的内容，1代表A是B的父模块。',
  KEY `id_process` (`id_process`),
  KEY `FK_module_a` (`id_module_a`),
  KEY `FK_module_b` (`id_module_b`),
  CONSTRAINT `FK_module_a` FOREIGN KEY (`id_module_a`) REFERENCES `module` (`id`),
  CONSTRAINT `FK_module_b` FOREIGN KEY (`id_module_b`) REFERENCES `module` (`id`),
  CONSTRAINT `id_process` FOREIGN KEY (`id_process`) REFERENCES `process` (`id`)
) ENGINE=InnoDB DEFAULT CHARSET=utf8mb4 COLLATE=utf8mb4_0900_ai_ci COMMENT='关联表：模块-模块';

-- 正在导出表  iceprocess.ass_module_module 的数据：~0 rows (大约)
/*!40000 ALTER TABLE `ass_module_module` DISABLE KEYS */;
INSERT INTO `ass_module_module` (`id_process`, `id_module_a`, `id_module_b`, `relationship`) VALUES
	(1, 1, 2, 1),
	(1, 1, 3, 1);
/*!40000 ALTER TABLE `ass_module_module` ENABLE KEYS */;

-- 导出  表 iceprocess.ass_module_task 结构
DROP TABLE IF EXISTS `ass_module_task`;
CREATE TABLE IF NOT EXISTS `ass_module_task` (
  `id_module` int unsigned NOT NULL COMMENT '模块的ID',
  `id_task` int unsigned NOT NULL COMMENT '任务的ID',
  KEY `FK_task_module` (`id_module`),
  KEY `FK_module_task` (`id_task`),
  CONSTRAINT `FK_module_task` FOREIGN KEY (`id_task`) REFERENCES `task` (`id`),
  CONSTRAINT `FK_task_module` FOREIGN KEY (`id_module`) REFERENCES `module` (`id`)
) ENGINE=InnoDB DEFAULT CHARSET=utf8mb4 COLLATE=utf8mb4_0900_ai_ci COMMENT='关联表：模块-任务';

-- 正在导出表  iceprocess.ass_module_task 的数据：~0 rows (大约)
/*!40000 ALTER TABLE `ass_module_task` DISABLE KEYS */;
INSERT INTO `ass_module_task` (`id_module`, `id_task`) VALUES
	(1, 1),
	(1, 2),
	(1, 3),
	(1, 4),
	(1, 5),
	(1, 6),
	(1, 7),
	(1, 8),
	(1, 9),
	(1, 10),
	(2, 11),
	(3, 12),
	(3, 13),
	(3, 14),
	(3, 15),
	(3, 16),
	(3, 17),
	(3, 18),
	(3, 19),
	(3, 20),
	(3, 21),
	(3, 22),
	(1, 23);
/*!40000 ALTER TABLE `ass_module_task` ENABLE KEYS */;

-- 导出  表 iceprocess.ass_position_obligation 结构
DROP TABLE IF EXISTS `ass_position_obligation`;
CREATE TABLE IF NOT EXISTS `ass_position_obligation` (
  `id_position` int unsigned NOT NULL COMMENT '职位的ID',
  `id_obligation` int unsigned NOT NULL COMMENT '职能的ID',
  KEY `FK_obligation_position` (`id_position`),
  KEY `FK_position_obligation` (`id_obligation`),
  CONSTRAINT `FK_obligation_position` FOREIGN KEY (`id_position`) REFERENCES `position` (`id`),
  CONSTRAINT `FK_position_obligation` FOREIGN KEY (`id_obligation`) REFERENCES `obligation` (`id`)
) ENGINE=InnoDB DEFAULT CHARSET=utf8mb4 COLLATE=utf8mb4_0900_ai_ci COMMENT='关联表：职位-职能';

-- 正在导出表  iceprocess.ass_position_obligation 的数据：~0 rows (大约)
/*!40000 ALTER TABLE `ass_position_obligation` DISABLE KEYS */;
INSERT INTO `ass_position_obligation` (`id_position`, `id_obligation`) VALUES
	(9, 7),
	(8, 8),
	(11, 5),
	(10, 4),
	(5, 11),
	(2, 10),
	(3, 9),
	(1, 12),
	(7, 2),
	(6, 1),
	(4, 11);
/*!40000 ALTER TABLE `ass_position_obligation` ENABLE KEYS */;

-- 导出  表 iceprocess.ass_position_person 结构
DROP TABLE IF EXISTS `ass_position_person`;
CREATE TABLE IF NOT EXISTS `ass_position_person` (
  `id_position` int unsigned NOT NULL COMMENT '职位的ID',
  `id_person` int unsigned NOT NULL COMMENT '人员的ID',
  KEY `FK_person_position` (`id_position`),
  KEY `FK_position_person` (`id_person`),
  CONSTRAINT `FK_person_position` FOREIGN KEY (`id_position`) REFERENCES `position` (`id`),
  CONSTRAINT `FK_position_person` FOREIGN KEY (`id_person`) REFERENCES `person` (`id`)
) ENGINE=InnoDB DEFAULT CHARSET=utf8mb4 COLLATE=utf8mb4_0900_ai_ci COMMENT='关联表：职位-人员';

-- 正在导出表  iceprocess.ass_position_person 的数据：~0 rows (大约)
/*!40000 ALTER TABLE `ass_position_person` DISABLE KEYS */;
INSERT INTO `ass_position_person` (`id_position`, `id_person`) VALUES
	(1, 30),
	(1, 31),
	(1, 29),
	(2, 2),
	(4, 1),
	(5, 22),
	(6, 3),
	(8, 23),
	(10, 4),
	(1, 24),
	(3, 7),
	(3, 8),
	(3, 9),
	(3, 32),
	(9, 26),
	(9, 27),
	(11, 10),
	(11, 20),
	(11, 21),
	(11, 28),
	(7, 5),
	(7, 6),
	(7, 11),
	(7, 12),
	(7, 13),
	(7, 14),
	(7, 15),
	(7, 16),
	(7, 17),
	(7, 18),
	(7, 19),
	(11, 33),
	(11, 34);
/*!40000 ALTER TABLE `ass_position_person` ENABLE KEYS */;

-- 导出  表 iceprocess.ass_process_task 结构
DROP TABLE IF EXISTS `ass_process_task`;
CREATE TABLE IF NOT EXISTS `ass_process_task` (
  `id_process` int unsigned NOT NULL COMMENT '流程的ID',
  `id_task` int unsigned NOT NULL COMMENT '任务的ID',
  KEY `FK_process_task` (`id_process`),
  KEY `FK_task_process` (`id_task`),
  CONSTRAINT `FK_process_task` FOREIGN KEY (`id_process`) REFERENCES `process` (`id`),
  CONSTRAINT `FK_task_process` FOREIGN KEY (`id_task`) REFERENCES `task` (`id`)
) ENGINE=InnoDB DEFAULT CHARSET=utf8mb4 COLLATE=utf8mb4_0900_ai_ci COMMENT='关联表：流程-任务';

-- 正在导出表  iceprocess.ass_process_task 的数据：~0 rows (大约)
/*!40000 ALTER TABLE `ass_process_task` DISABLE KEYS */;
INSERT INTO `ass_process_task` (`id_process`, `id_task`) VALUES
	(1, 1),
	(1, 2),
	(1, 3),
	(1, 4),
	(1, 5),
	(1, 6),
	(1, 7),
	(1, 8),
	(1, 9),
	(1, 10),
	(1, 11),
	(1, 12),
	(1, 13),
	(1, 14),
	(1, 15),
	(1, 16),
	(1, 17),
	(1, 18),
	(1, 19),
	(1, 20),
	(1, 21),
	(1, 22),
	(1, 23);
/*!40000 ALTER TABLE `ass_process_task` ENABLE KEYS */;

-- 导出  表 iceprocess.ass_project_asset 结构
DROP TABLE IF EXISTS `ass_project_asset`;
CREATE TABLE IF NOT EXISTS `ass_project_asset` (
  `id_asset` int unsigned NOT NULL COMMENT '资产的ID',
  `id_project` int unsigned NOT NULL COMMENT '项目的ID',
  KEY `FK_asset_project` (`id_asset`),
  KEY `FK_project_asset` (`id_project`),
  CONSTRAINT `FK_asset_project` FOREIGN KEY (`id_asset`) REFERENCES `asset` (`id`),
  CONSTRAINT `FK_project_asset` FOREIGN KEY (`id_project`) REFERENCES `project` (`id`)
) ENGINE=InnoDB DEFAULT CHARSET=utf8mb4 COLLATE=utf8mb4_0900_ai_ci COMMENT='关联表：项目-资产';

-- 正在导出表  iceprocess.ass_project_asset 的数据：~0 rows (大约)
/*!40000 ALTER TABLE `ass_project_asset` DISABLE KEYS */;
/*!40000 ALTER TABLE `ass_project_asset` ENABLE KEYS */;

-- 导出  表 iceprocess.ass_project_assetlabelgroup 结构
DROP TABLE IF EXISTS `ass_project_assetlabelgroup`;
CREATE TABLE IF NOT EXISTS `ass_project_assetlabelgroup` (
  `id_assetlabelgroup` int unsigned NOT NULL COMMENT '标签组的ID',
  `id_project` int unsigned NOT NULL COMMENT '项目的ID',
  KEY `FK_assetlabelgroup_project` (`id_assetlabelgroup`),
  KEY `FK_project_assetlabelgroup` (`id_project`),
  CONSTRAINT `FK_assetlabelgroup_project` FOREIGN KEY (`id_assetlabelgroup`) REFERENCES `assetlabelgroup` (`id`),
  CONSTRAINT `FK_project_assetlabelgroup` FOREIGN KEY (`id_project`) REFERENCES `project` (`id`)
) ENGINE=InnoDB DEFAULT CHARSET=utf8mb4 COLLATE=utf8mb4_0900_ai_ci COMMENT='关联表：项目-标签组';

-- 正在导出表  iceprocess.ass_project_assetlabelgroup 的数据：~0 rows (大约)
/*!40000 ALTER TABLE `ass_project_assetlabelgroup` DISABLE KEYS */;
/*!40000 ALTER TABLE `ass_project_assetlabelgroup` ENABLE KEYS */;

-- 导出  表 iceprocess.ass_task_assettype 结构
DROP TABLE IF EXISTS `ass_task_assettype`;
CREATE TABLE IF NOT EXISTS `ass_task_assettype` (
  `id_task` int unsigned NOT NULL COMMENT '任务的ID',
  `id_assettype` int unsigned NOT NULL COMMENT '资产类型的ID',
  `relationship` tinyint unsigned NOT NULL DEFAULT '0' COMMENT '关联关系，0代表作为产出，1代表作为原料。',
  KEY `FK_assettype_task` (`id_assettype`),
  KEY `FK_task_assettype` (`id_task`),
  CONSTRAINT `FK_assettype_task` FOREIGN KEY (`id_assettype`) REFERENCES `assettype` (`id`),
  CONSTRAINT `FK_task_assettype` FOREIGN KEY (`id_task`) REFERENCES `task` (`id`)
) ENGINE=InnoDB DEFAULT CHARSET=utf8mb4 COLLATE=utf8mb4_0900_ai_ci COMMENT='关联表：任务-资产类型';

-- 正在导出表  iceprocess.ass_task_assettype 的数据：~0 rows (大约)
/*!40000 ALTER TABLE `ass_task_assettype` DISABLE KEYS */;
/*!40000 ALTER TABLE `ass_task_assettype` ENABLE KEYS */;

-- 导出  表 iceprocess.autoarchivescheme 结构
DROP TABLE IF EXISTS `autoarchivescheme`;
CREATE TABLE IF NOT EXISTS `autoarchivescheme` (
  `id` int unsigned NOT NULL AUTO_INCREMENT COMMENT 'ID',
  `id_assetdirectory` int unsigned NOT NULL COMMENT '资产主目录ID',
  PRIMARY KEY (`id`),
  KEY `FK_autoarchivescheme_assetdirectory` (`id_assetdirectory`),
  CONSTRAINT `FK_autoarchivescheme_assetdirectory` FOREIGN KEY (`id_assetdirectory`) REFERENCES `assetdirectory` (`id`)
) ENGINE=InnoDB AUTO_INCREMENT=76 DEFAULT CHARSET=utf8mb4 COLLATE=utf8mb4_0900_ai_ci COMMENT='自动归档方案';

-- 正在导出表  iceprocess.autoarchivescheme 的数据：~0 rows (大约)
/*!40000 ALTER TABLE `autoarchivescheme` DISABLE KEYS */;
INSERT INTO `autoarchivescheme` (`id`, `id_assetdirectory`) VALUES
	(76, 1),
	(125, 3),
	(41, 4),
	(42, 5),
	(43, 6),
	(44, 7),
	(45, 8),
	(46, 9),
	(47, 10),
	(48, 11),
	(49, 12),
	(50, 13),
	(51, 14),
	(52, 15),
	(1, 18),
	(2, 19),
	(3, 20),
	(4, 21),
	(5, 22),
	(6, 23),
	(7, 25),
	(8, 26),
	(9, 27),
	(10, 28),
	(83, 31),
	(84, 32),
	(88, 34),
	(85, 35),
	(86, 36),
	(87, 37),
	(89, 38),
	(90, 39),
	(91, 40),
	(92, 41),
	(93, 42),
	(94, 43),
	(95, 44),
	(96, 46),
	(97, 47),
	(98, 48),
	(99, 49),
	(100, 50),
	(64, 52),
	(11, 55),
	(29, 56),
	(30, 57),
	(31, 58),
	(32, 59),
	(33, 60),
	(65, 62),
	(66, 63),
	(67, 64),
	(68, 65),
	(69, 66),
	(75, 67),
	(70, 69),
	(71, 70),
	(72, 71),
	(73, 72),
	(74, 73),
	(103, 75),
	(104, 76),
	(105, 77),
	(106, 78),
	(17, 81),
	(35, 82),
	(34, 83),
	(12, 95),
	(13, 96),
	(14, 97),
	(15, 98),
	(16, 99),
	(61, 101),
	(60, 102),
	(18, 103),
	(19, 104),
	(20, 105),
	(21, 106),
	(36, 107),
	(22, 108),
	(23, 109),
	(24, 110),
	(26, 111),
	(25, 112),
	(62, 113),
	(63, 114),
	(37, 115),
	(54, 116),
	(55, 117),
	(39, 118),
	(40, 119),
	(38, 120),
	(53, 121),
	(114, 122),
	(57, 123),
	(58, 124),
	(59, 125),
	(27, 127),
	(28, 128),
	(107, 130),
	(108, 131),
	(77, 132),
	(78, 133),
	(109, 135),
	(110, 136),
	(111, 137),
	(112, 138),
	(113, 139),
	(79, 140),
	(81, 141),
	(82, 142),
	(80, 143),
	(101, 144),
	(102, 145),
	(115, 146),
	(116, 147),
	(117, 148),
	(118, 149),
	(119, 150),
	(120, 151),
	(121, 152),
	(122, 153),
	(123, 154),
	(124, 155);
/*!40000 ALTER TABLE `autoarchivescheme` ENABLE KEYS */;

-- 导出  存储过程 iceprocess.func_matchassetdirectory 结构
DROP PROCEDURE IF EXISTS `func_matchassetdirectory`;
DELIMITER //
CREATE PROCEDURE `func_matchassetdirectory`(
	IN `t` varchar(512),
	IN `p` varchar(512),
	IN `l` varchar(512)
)
begin
	set @stmt = concat('SELECT * FROM assetdirectory WHERE id IN (SELECT id_assetdirectory FROM autoarchivescheme WHERE id IN (select t2.* from (SELECT ass_autoarchivescheme_assettype.id_autoarchivescheme FROM (ass_autoarchivescheme_assettype LEFT JOIN ass_autoarchivescheme_project ON ass_autoarchivescheme_project.id_autoarchivescheme IS NULL OR ass_autoarchivescheme_project.id_autoarchivescheme = ass_autoarchivescheme_assettype.id_autoarchivescheme) LEFT JOIN ass_autoarchivescheme_assetlabel ON ass_autoarchivescheme_assetlabel.id_autoarchivescheme IS NULL OR ass_autoarchivescheme_assetlabel.id_autoarchivescheme = ass_autoarchivescheme_assettype.id_autoarchivescheme WHERE id_assettype ',t,' AND id_project ',p,' AND (id_assetlabel ',l,' OR id_assetlabel is null) GROUP BY id_autoarchivescheme ORDER BY COUNT(*) DESC LIMIT 3) as t2));');
	prepare stmt from @stmt;
    execute stmt;
    deallocate prepare stmt;
end//
DELIMITER ;

-- 导出  表 iceprocess.module 结构
DROP TABLE IF EXISTS `module`;
CREATE TABLE IF NOT EXISTS `module` (
  `id` int unsigned NOT NULL AUTO_INCREMENT COMMENT 'ID',
  `name` varchar(16) DEFAULT NULL COMMENT '名称',
  `Illustration` varchar(64) DEFAULT NULL COMMENT '说明',
  `Identificationcode` varchar(64) DEFAULT NULL COMMENT '识别码',
  PRIMARY KEY (`id`)
) ENGINE=InnoDB AUTO_INCREMENT=4 DEFAULT CHARSET=utf8mb4 COLLATE=utf8mb4_0900_ai_ci COMMENT='模块';

-- 正在导出表  iceprocess.module 的数据：~9 rows (大约)
/*!40000 ALTER TABLE `module` DISABLE KEYS */;
INSERT INTO `module` (`id`, `name`, `Illustration`, `Identificationcode`) VALUES
	(1, '影片', NULL, ''),
	(2, '分场', NULL, ''),
	(3, '分镜', NULL, ''),
	(4, '分季', NULL, ''),
	(5, '分集', NULL, ''),
	(6, '概念', NULL, ''),
	(7, '测试', NULL, ''),
	(8, '片段', NULL, ''),
	(9, '参考', NULL, '');
/*!40000 ALTER TABLE `module` ENABLE KEYS */;

-- 导出  表 iceprocess.nas 结构
DROP TABLE IF EXISTS `nas`;
CREATE TABLE IF NOT EXISTS `nas` (
  `id` int unsigned NOT NULL AUTO_INCREMENT COMMENT 'ID',
  `name` varchar(16) DEFAULT NULL COMMENT '名称',
  `Illustration` varchar(64) DEFAULT NULL COMMENT '说明',
  `ip` char(15) DEFAULT NULL COMMENT 'IP地址',
  PRIMARY KEY (`id`)
) ENGINE=InnoDB AUTO_INCREMENT=2 DEFAULT CHARSET=utf8mb4 COLLATE=utf8mb4_0900_ai_ci COMMENT='NAS服务器';

-- 正在导出表  iceprocess.nas 的数据：~0 rows (大约)
/*!40000 ALTER TABLE `nas` DISABLE KEYS */;
INSERT INTO `nas` (`id`, `name`, `Illustration`, `ip`) VALUES
	(1, '雨后天晴', 'SynologyNas', '192.168.1.253');
/*!40000 ALTER TABLE `nas` ENABLE KEYS */;

-- 导出  表 iceprocess.obligation 结构
DROP TABLE IF EXISTS `obligation`;
CREATE TABLE IF NOT EXISTS `obligation` (
  `id` int unsigned NOT NULL AUTO_INCREMENT COMMENT 'ID',
  `name` varchar(16) DEFAULT NULL COMMENT '名称',
  `Illustration` varchar(64) DEFAULT NULL COMMENT '说明',
  `allassettype` tinyint NOT NULL DEFAULT '0' COMMENT '与所有资产类型的关联关系，低优先级，-1：无权限;0：可查询;1：可编辑标签；2：可编辑标签组。',
  PRIMARY KEY (`id`)
) ENGINE=InnoDB AUTO_INCREMENT=13 DEFAULT CHARSET=utf8mb4 COLLATE=utf8mb4_0900_ai_ci COMMENT='职能';

-- 正在导出表  iceprocess.obligation 的数据：~0 rows (大约)
/*!40000 ALTER TABLE `obligation` DISABLE KEYS */;
INSERT INTO `obligation` (`id`, `name`, `Illustration`, `allassettype`) VALUES
	(1, '美术组长标准职能', NULL, 1),
	(2, '美术师标准职能', NULL, 1),
	(3, '建模师标准职能', NULL, 1),
	(4, '后期组长标准职能', NULL, 1),
	(5, '合成师标准职能', NULL, 1),
	(6, '剪辑师标准职能', NULL, 1),
	(7, '动画师标准职能', NULL, 1),
	(8, '动画组长标准职能', NULL, 1),
	(9, '执行导演标准职能', NULL, 1),
	(10, '总导演标准职能', NULL, 1),
	(11, '制片助理标准智能', NULL, 1),
	(12, '编剧标准职能', NULL, 1);
/*!40000 ALTER TABLE `obligation` ENABLE KEYS */;

-- 导出  表 iceprocess.person 结构
DROP TABLE IF EXISTS `person`;
CREATE TABLE IF NOT EXISTS `person` (
  `id` int unsigned NOT NULL AUTO_INCREMENT COMMENT 'ID',
  `name` varchar(16) DEFAULT NULL COMMENT '姓名',
  `account` varchar(32) DEFAULT NULL COMMENT '账号名',
  `Illustration` varchar(64) DEFAULT NULL COMMENT '说明',
  `password` char(8) DEFAULT NULL COMMENT '密码',
  `gender` bit(1) DEFAULT b'1' COMMENT '性别',
  PRIMARY KEY (`id`)
) ENGINE=InnoDB AUTO_INCREMENT=33 DEFAULT CHARSET=utf8mb4 COLLATE=utf8mb4_0900_ai_ci COMMENT='人员';

-- 正在导出表  iceprocess.person 的数据：~0 rows (大约)
/*!40000 ALTER TABLE `person` DISABLE KEYS */;
INSERT INTO `person` (`id`, `name`, `account`, `Illustration`, `password`, `gender`) VALUES
	(1, '刘晓宇', 'liuxiaoyu', '', 'yhtq', b'0'),
	(2, '彭擎政', 'pengqingzheng', '', 'yhtq', b'1'),
	(3, '马超', 'machao', '', 'yhtq', b'1'),
	(4, '贾如卿', 'jiaruqing', '', 'yhtq', b'1'),
	(5, '陈业南', 'chenyenan', '', 'yhtq', b'1'),
	(6, '葛苏瑶', 'gesuyao', '', 'yhtq', b'0'),
	(7, '刘畅', 'liuchang', '', 'yhtq', b'1'),
	(8, '张瑾若', 'zhangjinruo', '', 'yhtq', b'0'),
	(9, '陈怡然', 'chenyiran', '', 'yhtq', b'0'),
	(10, '李丹娜', 'lidanna', '', 'yhtq', b'0'),
	(11, '陈婷睿', 'chentingrui', '', 'yhtq', b'0'),
	(12, '晋思敏', 'jinsimin', '', 'yhtq', b'0'),
	(13, '李少阳', 'lishaoyang', '', 'yhtq', b'1'),
	(14, '潘东尧', 'pandongyao', '', 'yhtq', b'0'),
	(15, '邵颖慧', 'shaoyinghui', '', 'yhtq', b'0'),
	(16, '王婷', 'wangting', '', 'yhtq', b'0'),
	(17, '杨海铝', 'yanghailv', '', 'yhtq', b'0'),
	(18, '杨镇伟', 'yangzhenwei', '', 'yhtq', b'1'),
	(19, '尤碧晶', 'youbijing', '', 'yhtq', b'0'),
	(20, '向星宇', 'xiangxingyu', '', 'yhtq', b'1'),
	(21, '李振', 'lizhen', '一个悲催又迷茫的社畜。', 'yhtq', b'1'),
	(22, '周志浩', 'zhouzhihao', '', 'yhtq', b'1'),
	(23, '高振鹏', 'gaozhenpeng', '', 'yhtq', b'1'),
	(24, '赵熙正', 'zhaoxizheng', '', 'yhtq', b'1'),
	(25, '肖晨', 'xiaochen', '', 'yhtq', b'0'),
	(26, '邓久益', 'dengjiuyi', '', 'yhtq', b'1'),
	(27, '李名箭', 'limingjian', '', 'yhtq', b'1'),
	(28, '赵宏', 'zhaohong', '', 'yhtq', b'1'),
	(29, '黄善双', 'huangshanshuang', '', 'yhtq', b'1'),
	(30, '贾佳薇', 'jiajiawei', '', 'yhtq', b'0'),
	(31, '项小林', 'xiangxiaolin', '', 'yhtq', b'0'),
	(32, '曲星厉', 'quxingli', '', 'yhtq', b'0'),
	(33, '张俊雅', 'zhangjunya', NULL, 'yhtq', b'0'),
	(34, '刘芷祎', 'liuzhiyi', NULL, 'yhtq', b'0'),
	(35, '刘一静', 'liuyijing', NULL, 'yhtq', b'0'),
	(36, '祁艳霞', 'qiyanxia', NULL, 'yhtq', b'0');
/*!40000 ALTER TABLE `person` ENABLE KEYS */;

-- 导出  表 iceprocess.position 结构
DROP TABLE IF EXISTS `position`;
CREATE TABLE IF NOT EXISTS `position` (
  `id` int unsigned NOT NULL AUTO_INCREMENT COMMENT 'ID',
  `name` varchar(16) DEFAULT NULL COMMENT '名称',
  `Illustration` varchar(64) DEFAULT NULL COMMENT '说明',
  `id_team` int unsigned NOT NULL COMMENT 'ID',
  PRIMARY KEY (`id`),
  KEY `FK_position_team` (`id_team`),
  CONSTRAINT `FK_position_team` FOREIGN KEY (`id_team`) REFERENCES `team` (`id`)
) ENGINE=InnoDB AUTO_INCREMENT=12 DEFAULT CHARSET=utf8mb4 COLLATE=utf8mb4_0900_ai_ci COMMENT='职位';

-- 正在导出表  iceprocess.position 的数据：~11 rows (大约)
/*!40000 ALTER TABLE `position` DISABLE KEYS */;
INSERT INTO `position` (`id`, `name`, `Illustration`, `id_team`) VALUES
	(1, '编剧', '', 3),
	(2, '总导演', '', 4),
	(3, '执行导演', '', 4),
	(4, '总制片', '', 5),
	(5, '执行制片', '', 5),
	(6, '美术组长', '', 6),
	(7, '美术师', '', 6),
	(8, '动画组长', '', 7),
	(9, '动画师', '', 7),
	(10, '后期组长', '', 8),
	(11, '合成师', '', 8);
/*!40000 ALTER TABLE `position` ENABLE KEYS */;

-- 导出  表 iceprocess.process 结构
DROP TABLE IF EXISTS `process`;
CREATE TABLE IF NOT EXISTS `process` (
  `id` int unsigned NOT NULL AUTO_INCREMENT COMMENT 'ID',
  `name` varchar(16) DEFAULT NULL COMMENT '名称',
  `Illustration` varchar(64) DEFAULT NULL COMMENT '说明',
  PRIMARY KEY (`id`)
) ENGINE=InnoDB AUTO_INCREMENT=2 DEFAULT CHARSET=utf8mb4 COLLATE=utf8mb4_0900_ai_ci COMMENT='流程';

-- 正在导出表  iceprocess.process 的数据：~0 rows (大约)
/*!40000 ALTER TABLE `process` DISABLE KEYS */;
INSERT INTO `process` (`id`, `name`, `Illustration`) VALUES
	(1, '影片制作标准流程', '如题');
/*!40000 ALTER TABLE `process` ENABLE KEYS */;

-- 导出  表 iceprocess.production 结构
DROP TABLE IF EXISTS `production`;
CREATE TABLE IF NOT EXISTS `production` (
  `id` int unsigned NOT NULL AUTO_INCREMENT COMMENT 'ID',
  `code` varchar(32) DEFAULT NULL COMMENT '代号',
  `name` varchar(32) DEFAULT NULL COMMENT '名称',
  `illustration` varchar(64) DEFAULT NULL COMMENT '说明',
  PRIMARY KEY (`id`)
) ENGINE=InnoDB AUTO_INCREMENT=2 DEFAULT CHARSET=utf8mb4 COLLATE=utf8mb4_0900_ai_ci COMMENT='产品';

-- 正在导出表  iceprocess.production 的数据：~0 rows (大约)
/*!40000 ALTER TABLE `production` DISABLE KEYS */;
INSERT INTO `production` (`id`, `code`, `name`, `illustration`) VALUES
	(1, 'AssetLibrary', '资产管理器', '一个适用于ICE团队项目架构的资产标签管理工具。');
/*!40000 ALTER TABLE `production` ENABLE KEYS */;

-- 导出  表 iceprocess.project 结构
DROP TABLE IF EXISTS `project`;
CREATE TABLE IF NOT EXISTS `project` (
  `id` int unsigned NOT NULL AUTO_INCREMENT COMMENT 'ID',
  `id_module` int unsigned DEFAULT NULL COMMENT '所属模块ID',
  `id_project` int unsigned DEFAULT NULL COMMENT '父项目ID',
  `name` varchar(16) DEFAULT NULL COMMENT '名称',
  `Illustration` varchar(64) DEFAULT NULL COMMENT '说明',
  PRIMARY KEY (`id`),
  KEY `FK_project_module` (`id_module`),
  KEY `FK_project_project` (`id_project`),
  CONSTRAINT `FK_project_module` FOREIGN KEY (`id_module`) REFERENCES `module` (`id`),
  CONSTRAINT `FK_project_project` FOREIGN KEY (`id_project`) REFERENCES `project` (`id`)
) ENGINE=InnoDB AUTO_INCREMENT=4 DEFAULT CHARSET=utf8mb4 COLLATE=utf8mb4_0900_ai_ci COMMENT='项目';

-- 正在导出表  iceprocess.project 的数据：~0 rows (大约)
/*!40000 ALTER TABLE `project` DISABLE KEYS */;
INSERT INTO `project` (`id`, `id_module`, `id_project`, `name`, `Illustration`) VALUES
	(1, 1, NULL, '咏梅', '精美的短片！'),
	(2, 1, NULL, '东京梦华', '华丽的短片！'),
	(3, 1, NULL, '相思', '一部非常值得期待的动画电影！');
/*!40000 ALTER TABLE `project` ENABLE KEYS */;

-- 导出  表 iceprocess.publicsetting 结构
DROP TABLE IF EXISTS `publicsetting`;
CREATE TABLE IF NOT EXISTS `publicsetting` (
  `id` int unsigned NOT NULL AUTO_INCREMENT COMMENT 'ID',
  `name` varchar(32) DEFAULT NULL COMMENT '名称',
  `velue` varchar(512) DEFAULT NULL COMMENT '说明',
  PRIMARY KEY (`id`)
) ENGINE=InnoDB AUTO_INCREMENT=2 DEFAULT CHARSET=utf8mb4 COLLATE=utf8mb4_0900_ai_ci COMMENT='设置';

-- 正在导出表  iceprocess.publicsetting 的数据：~0 rows (大约)
/*!40000 ALTER TABLE `publicsetting` DISABLE KEYS */;
INSERT INTO `publicsetting` (`id`, `name`, `velue`) VALUES
	(1, 'ProductionInfoPath', '\\\\192.168.1.253\\'),
	(2, 'AssetLibraryInstructionFile', '\\\\192.168.1.253\\通用资产库\\资产库使用说明.pdf'),
	(3, 'ExcludeAssetExtensions', '.db|.recursive|.DS_Store'),
	(4, 'ImageEx', '.jpg|.jpeg|.png|.bmp|.tiff|.tif|.gif|.wdp|.gif'),
	(5, 'SoundEx', '.wav|.mp3'),
	(6, 'VideoEx', '.mp4|.mov|.avi|.m4v|mkv'),
	(7, 'ModelEx', '.fbx|.abc|.obj'),
	(8, 'AssetLibraryStandardFile', '\\\\192.168.1.253\\通用资产库\\资产库使用规范.pdf'),
	(9, 'AssetLibraryChangeLogFile', '\\\\192.168.1.253\\通用资产库\\资产库更新日志.pdf'),
	(10, 'AssetLibraryCacheFolder', '\\\\192.168.1.253\\通用资产库\\#FileCache'),
	(11, 'AssetLibraryAutoCacheInterval', '180'),
	(12, 'FileSystemWatcherLogFolder', NULL);
/*!40000 ALTER TABLE `publicsetting` ENABLE KEYS */;

-- 导出  表 iceprocess.task 结构
DROP TABLE IF EXISTS `task`;
CREATE TABLE IF NOT EXISTS `task` (
  `id` int unsigned NOT NULL AUTO_INCREMENT COMMENT 'ID',
  `parentid` int unsigned DEFAULT NULL COMMENT '父项ID',
  `name` varchar(16) DEFAULT NULL COMMENT '名称',
  `Illustration` varchar(64) DEFAULT NULL COMMENT '说明',
  `code` varchar(8) DEFAULT NULL COMMENT '代号',
  PRIMARY KEY (`id`)
) ENGINE=InnoDB AUTO_INCREMENT=24 DEFAULT CHARSET=utf8mb4 COLLATE=utf8mb4_0900_ai_ci COMMENT='任务';

-- 正在导出表  iceprocess.task 的数据：~23 rows (大约)
/*!40000 ALTER TABLE `task` DISABLE KEYS */;
INSERT INTO `task` (`id`, `parentid`, `name`, `Illustration`, `code`) VALUES
	(1, NULL, '概念设计', 'Concept', 'CPT'),
	(2, NULL, '技术测试', 'Technical Test', 'TT'),
	(3, NULL, '样稿制作', 'Sample', 'S'),
	(4, NULL, '剧本创作', 'Script', 'SP'),
	(5, NULL, '场景设定', 'Area/Board', 'B'),
	(6, NULL, '角色设定', 'Characters', 'CH'),
	(7, NULL, '道具设定', 'Props', 'P'),
	(8, NULL, '外包收发', 'Outsourcing', 'OS'),
	(9, NULL, '会议', 'Meeting', 'MT'),
	(10, NULL, '故事板制作', 'Story Board', 'ST'),
	(11, NULL, '分场分镜制作', 'Animatic', 'AC'),
	(12, NULL, '设计稿制作', 'Layout', 'LO'),
	(13, NULL, '场景设计稿制作', 'Background Layout', 'BLO'),
	(14, NULL, '动画设计稿制作', 'Animation Layout', 'ALO'),
	(15, NULL, '原画制作', 'Key', 'K'),
	(16, NULL, '动画制作', 'Animation', 'AN'),
	(17, NULL, '手绘动画制作', 'Drawn Animation', 'DA'),
	(18, NULL, 'MOHO动画制作', 'Moho Animation', 'MA'),
	(19, NULL, '手绘特效制作', 'Hand drawn Effects', 'HE'),
	(20, NULL, 'AE特效制作', 'AE Effects', 'AE'),
	(21, NULL, '三维特效制作', 'Three-Dimensional Effects', 'TE'),
	(22, NULL, '合成', 'Composition', 'CP'),
	(23, NULL, '剪辑', 'Clip', 'CL');
/*!40000 ALTER TABLE `task` ENABLE KEYS */;

-- 导出  表 iceprocess.team 结构
DROP TABLE IF EXISTS `team`;
CREATE TABLE IF NOT EXISTS `team` (
  `id` int unsigned NOT NULL AUTO_INCREMENT COMMENT 'ID',
  `name` varchar(16) DEFAULT NULL COMMENT '名称',
  `Illustration` varchar(64) DEFAULT NULL COMMENT '说明',
  `parentid` int unsigned DEFAULT NULL COMMENT '父项ID',
  PRIMARY KEY (`id`),
  KEY `FK_parent_team` (`parentid`),
  CONSTRAINT `FK_parent_team` FOREIGN KEY (`parentid`) REFERENCES `team` (`id`)
) ENGINE=InnoDB AUTO_INCREMENT=9 DEFAULT CHARSET=utf8mb4 COLLATE=utf8mb4_0900_ai_ci COMMENT='团队';

-- 正在导出表  iceprocess.team 的数据：~8 rows (大约)
/*!40000 ALTER TABLE `team` DISABLE KEYS */;
INSERT INTO `team` (`id`, `name`, `Illustration`, `parentid`) VALUES
	(1, '雨后天擎', '', NULL),
	(2, '行政组', '', 1),
	(3, '故事组', '', 1),
	(4, '导演组', '', 1),
	(5, '制片组', '', 1),
	(6, '美术组', '', 1),
	(7, '动画组', '', 1),
	(8, '后期组', '', 1);
/*!40000 ALTER TABLE `team` ENABLE KEYS */;

-- 导出  存储过程 iceprocess.test01 结构
DROP PROCEDURE IF EXISTS `test01`;
DELIMITER //
CREATE PROCEDURE `test01`(in t1 varchar(16),in t2 varchar(16))
begin
	set @stmt = concat('SELECT ',t2,'.id AS id, ',t1,'.name AS n1, ',t2,'.name AS n2 FROM ',t1,' RIGHT JOIN ',t2,' on ',t1,'.id=',t2,'.id');
	prepare stmt from @stmt;
    execute stmt;
    deallocate prepare stmt;
end//
DELIMITER ;

-- 导出  存储过程 iceprocess.test02 结构
DROP PROCEDURE IF EXISTS `test02`;
DELIMITER //
CREATE PROCEDURE `test02`(in t1 varchar(16),in t2 varchar(16),in t1n varchar(16))
begin
	set @stmt = concat('select * from ',t2,' where id in (select id_',t2,' from ass_',t1,'_',t2,' where id_',t1,'=(select id from ',t1,' where name=\'',t1n,'\'))');
	prepare stmt from @stmt;
    execute stmt;
    deallocate prepare stmt;
end//
DELIMITER ;

/*!40101 SET SQL_MODE=IFNULL(@OLD_SQL_MODE, '') */;
/*!40014 SET FOREIGN_KEY_CHECKS=IFNULL(@OLD_FOREIGN_KEY_CHECKS, 1) */;
/*!40101 SET CHARACTER_SET_CLIENT=@OLD_CHARACTER_SET_CLIENT */;
/*!40111 SET SQL_NOTES=IFNULL(@OLD_SQL_NOTES, 1) */;
